"","Row.names","ABCF1","ASF1B","ASS1","CDCA7","CHAF1B","DDX21","DNMT1","DUT","EMB","FEN1","GRWD1","HELLS","HMGA1","HMGB2","IFI16","IFRD2","LY6H","MCM3","MCM5","MCM6","MSH6","NAP1L4","POLA2","POLD1","PRPS1","RAD51","RNASE2","RRM2","SERPINA3","SMC2","SNX5","VCAN","EFS_fct"
"1","PAAPFA",8.490067,7.483151,8.038482,6.910651,6.207147,8.689832,8.439919,7.141003,5.647743,8.374677,7.411413,7.689529,8.474129,9.581245,6.43587,6.993573,6.547923,8.100107,8.391546,7.865076,7.969181,9.028785,8.011804,7.301996,7.736054,6.511142,3.841351,8.943376,5.115919,7.619041,8.188065,8.42243,"EFS_L5"
"2","PACLJN",8.16726,7.421707,7.298562,6.16817,6.224014,7.779103,8.154208,7.378145,6.638949,7.745079,7.803002,6.680695,8.636251,8.568656,6.429589,6.819349,6.624185,7.746814,7.98922,7.617884,7.558793,8.383287,7.497235,7.387792,7.437484,6.097605,4.001627,8.047068,5.454578,7.75261,7.566437,8.265994,"EFS_G5"
"4","PACRYY",8.326152,7.558174,6.897499,7.530009,6.814353,7.914378,8.644217,7.379907,6.057881,8.415777,7.545369,8.184833,8.26067,9.788514,6.844701,6.97493,6.276862,8.199748,9.02738,9.252668,8.419922,8.775205,8.824898,7.438632,8.153482,7.322606,4.160323,9.009549,4.764244,7.895643,8.053629,7.710294,"EFS_G5"
"5","PACRZM",8.596669,6.653817,7.011008,6.562438,5.935114,7.819473,7.950331,7.543574,6.306196,7.81313,7.619101,6.046891,8.834267,8.342129,6.23623,7.298154,7.925178,7.78682,8.421938,8.157352,7.728577,8.205604,7.189281,7.462757,7.793448,5.604124,4.630176,7.445129,5.051994,7.156089,7.560096,7.009179,"EFS_L5"
"6","PACSNL",8.846738,6.564922,7.567957,7.350417,6.572386,9.350418,8.420789,8.05763,7.668437,8.058966,7.661603,7.121705,8.329151,8.800555,8.286078,7.052639,6.1038,8.417885,8.57684,8.697277,8.568189,8.432584,7.746536,7.424187,8.50279,6.893616,4.051037,7.285916,4.479096,7.283332,8.493665,7.80782,"EFS_L5"
"7","PACSSR",8.104417,6.766733,7.625778,6.949042,6.403675,7.722734,8.962314,6.789217,4.744963,6.550487,7.260865,7.37231,8.245531,9.018459,5.367533,7.512916,7.087983,7.380301,7.807511,6.98125,7.251007,8.376527,7.098611,7.955502,5.444501,6.104904,3.538326,7.293424,5.003432,6.360591,7.683959,6.120891,"EFS_L5"
"8","PACUGP",8.265559,6.769766,6.495183,7.456591,6.535251,8.509648,8.535164,7.723343,6.683818,8.203796,7.469875,8.03975,8.309698,9.313531,5.976152,6.960526,6.3415,8.132576,8.894604,8.836828,7.99006,8.349125,7.750732,7.634776,7.787156,6.985445,3.715359,8.293722,4.741323,7.2883,8.048692,9.978961,"EFS_L5"
"9","PACVNB",7.888771,6.755616,8.896073,6.342304,6.40157,7.727914,8.216115,6.991268,6.406646,7.654815,7.590934,6.927204,8.390641,8.600659,7.16919,7.134054,8.02437,7.358389,7.945998,8.133728,7.900853,8.310914,7.302322,7.31442,7.803991,5.853555,3.896279,7.324928,5.462762,6.49409,7.631601,8.631207,"EFS_L5"
"10","PACYGY",7.909981,7.029626,6.740618,6.464987,5.750211,7.278373,8.22869,7.36393,5.501611,7.861587,7.359982,7.064171,8.287557,8.565484,6.18516,7.064615,6.571047,7.592753,8.520822,7.701628,7.360737,8.430799,7.7083,7.235127,6.899903,6.601575,4.171236,7.876536,4.770244,7.190205,7.620557,7.236643,"EFS_L5"
"11","PACZPX",8.183872,6.165804,6.671471,7.23444,6.216658,7.302924,8.018206,6.92198,5.928175,6.981001,6.635043,8.170522,8.208654,9.955815,6.7593,6.840382,6.295587,7.959237,8.061459,8.112654,7.80453,8.085549,6.906047,7.205594,6.695337,5.852605,3.584943,10.568068,4.366851,7.186061,7.836885,8.67368,"EFS_G5"
"12","PADENF",7.839941,7.256361,5.942352,7.123293,6.687405,7.464746,8.429024,7.398394,5.430802,7.973747,7.117097,7.694046,8.180042,9.283337,6.21468,6.846269,6.155637,8.19568,8.63295,8.803969,8.40268,8.585915,7.86235,7.525455,7.688728,6.904474,4.14719,8.523824,4.404189,7.703361,7.788019,7.323499,"EFS_G5"
"13","PADFLI",8.033371,7.72166,6.549047,7.923329,7.062911,8.96506,8.608687,7.743852,6.379781,8.662304,8.038814,8.233232,8.680214,9.537476,7.735088,7.046972,6.47368,8.410719,9.392618,9.371054,8.081828,8.829966,8.743515,7.982144,8.494289,7.300725,4.168317,8.626777,4.623531,8.286307,8.460492,7.456037,"EFS_G5"
"14","PADHWC",7.671477,5.35218,7.099507,4.599097,5.331263,7.838982,7.49269,6.640338,5.983497,6.864207,7.331247,5.199418,7.86322,6.801954,8.481818,6.598069,6.739623,6.338975,7.270659,6.56334,6.93016,8.286403,6.26009,7.08227,7.954734,4.681462,4.194856,5.32931,8.218837,5.861745,7.618493,8.912091,"EFS_L5"
"15","PADIEY",8.498587,7.321663,6.374432,7.296043,6.577583,7.341814,8.425662,7.209379,4.91291,7.810215,7.226274,7.694596,8.322866,9.027737,6.044301,6.962635,6.30868,8.180962,9.296592,7.871671,7.378209,8.077071,8.485184,7.67717,8.120706,6.676542,3.70436,7.51323,4.724028,7.560825,7.553789,7.390373,"EFS_G5"
"16","PADIHC",8.107221,6.944893,6.53481,7.144798,6.208123,7.955524,7.552451,7.424743,4.922936,7.890784,7.717492,7.510766,8.265236,9.006128,5.134978,6.953812,6.35559,8.200091,8.927862,8.65047,7.802859,8.39168,7.769057,7.758107,7.870661,6.740405,4.3275,8.062226,5.138317,7.22141,7.72745,6.787625,"EFS_L5"
"17","PADINC",7.93432,6.58406,7.784065,6.923471,6.271128,7.367949,8.130537,7.039546,6.754356,7.159559,7.264754,6.897386,8.523209,9.090408,7.533965,7.111996,6.671547,7.787982,8.677354,8.089256,7.815838,8.065567,7.245946,7.358268,7.311487,5.978072,3.951366,7.586625,5.383615,6.627939,8.062557,9.525771,"EFS_L5"
"18","PADIRB",8.695182,6.784624,6.84623,7.53995,6.403775,8.859467,8.139608,7.150121,6.567643,7.780009,7.926361,6.795628,8.782931,8.401768,5.251887,7.392151,6.687625,8.224414,8.584182,8.63824,7.84106,8.00701,7.659455,7.676478,8.161941,5.934798,3.734606,7.820298,4.742339,7.351894,8.100262,6.884872,"EFS_L5"
"19","PADKFS",8.046588,6.637389,7.776544,6.173567,5.897623,8.006196,8.11377,6.997227,6.377559,7.365116,7.253134,6.590511,8.215395,8.21404,7.476882,6.793124,7.296098,7.561992,7.924427,8.108094,7.516467,8.117825,6.829966,7.316026,7.718965,5.888504,6.232349,7.443378,7.672764,7.623824,7.500264,9.581181,"EFS_L5"
"20","PADKFU",7.940413,7.639806,6.692027,7.358079,6.670938,7.698309,8.588015,7.799423,5.45313,8.316497,7.299226,8.044378,8.106749,9.167633,6.454225,7.038866,6.398443,8.24461,8.840632,8.361482,7.869143,8.82788,8.592234,7.561279,7.598387,7.453203,3.919973,8.019308,4.689847,8.276811,7.819489,6.52788,"EFS_G5"
"21","PADKGF",7.794449,7.309193,7.235023,6.575656,5.884494,8.331093,8.014231,7.51747,8.258714,8.120248,7.810564,6.87931,8.192509,9.190192,8.834991,7.11056,6.493025,7.819926,8.697767,8.328008,7.227985,8.841446,7.930582,7.36534,8.534804,6.316733,4.120941,7.340038,6.361231,7.912217,8.96675,8.313719,"EFS_G5"
"22","PADKNE",8.493468,7.534749,6.240724,7.345574,6.679787,7.966043,8.973775,7.698153,6.327953,8.648166,7.483205,7.790602,8.519561,9.698191,5.256657,7.029422,6.228328,8.017481,8.588938,8.960957,7.878782,8.84957,8.225606,7.676575,8.283699,7.286755,4.211524,8.298338,4.532028,7.980244,8.192514,9.129631,"EFS_L5"
"23","PADKRU",7.95159,7.144149,7.076848,6.550648,5.954465,7.634974,8.099765,7.088195,5.400833,7.826854,7.660683,7.028498,7.94317,8.306206,6.63733,6.870227,6.504847,7.66548,8.804079,7.906014,7.434914,8.514296,8.088398,7.539323,7.425316,6.236364,4.373916,7.564608,8.453253,7.209128,7.634192,8.418829,"EFS_L5"
"24","PADKVV",8.107652,6.576776,6.704863,5.676784,5.921606,7.900484,7.950568,6.665975,7.123933,6.789586,7.144986,6.244492,8.08486,7.904783,7.826508,6.730016,7.203218,7.210207,8.034085,7.144312,7.191122,8.572289,7.004875,7.189767,7.378119,5.583699,3.859957,6.736382,5.366262,6.143313,8.077936,7.374505,"EFS_L5"
"25","PADKXS",7.905996,7.800743,6.860465,7.920467,7.008017,8.288703,8.333395,7.940526,6.71262,7.899641,7.72218,7.844754,8.239516,9.824715,7.35484,7.512557,6.566205,8.4715,9.155742,8.996215,7.956694,8.313007,8.156669,7.766466,8.230096,7.683665,4.312484,8.164348,5.197049,7.423347,8.246192,7.049153,"EFS_L5"
"26","PADKYP",7.698386,7.181457,8.024771,6.882604,6.412221,8.362297,7.976856,7.704378,7.603947,7.5955,7.559154,6.87439,8.560145,8.76642,8.317642,7.307179,7.152827,7.749622,8.653934,8.282228,7.177891,7.973325,7.468651,7.558834,7.868486,6.598343,5.192301,7.26649,6.502766,7.08279,8.41874,8.718315,"EFS_L5"
"27","PADLDA",7.679443,6.661983,7.250539,6.428093,5.287169,8.443139,7.609667,7.209019,7.826144,7.655187,7.721843,6.627083,8.327797,8.509847,8.028661,7.296326,7.180378,7.022903,8.203469,7.343801,7.149911,8.3893,6.492753,7.395438,7.677433,5.583856,4.433322,7.171103,7.084177,7.030011,8.391024,7.448999,"EFS_L5"
"28","PADLDT",8.673396,7.288018,7.429902,7.390256,7.044296,8.141659,8.610073,7.967462,5.606114,8.534381,7.761944,7.441162,8.993253,9.45613,5.988191,7.168408,6.780768,8.957859,9.216045,8.532747,8.378771,8.441391,7.544981,8.15232,7.804896,7.141073,3.929544,9.876336,4.721822,7.398407,7.657044,8.707265,"EFS_L5"
"29","PADLES",7.86684,7.052084,7.051411,7.397315,7.073747,7.866841,7.990549,7.451791,6.083494,7.797806,7.304677,7.26101,8.617879,9.217804,6.843979,6.892035,6.675412,7.918234,8.661926,8.227315,7.784202,8.596452,7.659991,7.556433,7.886344,6.644105,3.881117,8.154832,5.011725,7.229387,7.851228,7.35713,"EFS_L5"
"30","PADLIC",8.235757,7.198806,6.782246,6.336937,6.123311,7.146836,8.361291,7.015486,5.973287,7.645892,7.355361,6.495994,8.099008,8.755691,6.630473,7.000047,7.075313,7.827723,8.188581,7.66969,7.702665,8.528059,7.939485,7.402927,7.726206,6.238536,4.108967,7.855507,5.092712,6.460287,7.422585,7.563829,"EFS_G5"
"31","PADLJN",7.758671,7.55001,7.003857,6.607114,6.549361,7.355668,8.571591,7.587071,4.832416,8.338948,7.522499,6.991447,8.375059,9.564592,5.806143,6.875181,7.72754,7.63039,8.617219,7.918271,7.768064,8.816311,8.289045,7.627364,7.582176,6.524985,3.487666,7.961718,6.084771,7.032978,7.445436,7.279271,"EFS_L5"
"32","PADLKJ",8.320997,7.063938,7.578271,7.368859,6.765198,8.567302,8.624173,7.691007,6.255826,8.006814,7.758347,7.395516,8.865697,9.311658,8.572584,7.322649,7.238057,8.320568,9.425297,8.974832,8.36078,8.503137,7.926957,7.774307,8.084144,7.174975,4.873674,8.157551,5.02722,7.469786,8.159469,9.939682,"EFS_L5"
"33","PADLNM",8.071735,7.75895,7.342547,8.277809,7.219113,8.260222,8.929263,7.696001,6.007107,8.253922,7.416427,8.483147,8.738816,9.770767,5.50242,7.223743,6.167687,8.677635,9.429536,9.283493,8.302267,8.6705,8.416155,7.953467,8.474261,7.328099,4.123344,7.782976,4.683329,7.967317,8.203025,7.572069,"EFS_L5"
"34","PADLPR",8.081442,7.180267,6.918377,7.270774,6.593798,7.48106,8.34481,7.270667,5.25735,8.494942,7.705631,7.221202,8.450105,9.390887,6.085157,7.049673,7.501932,8.582452,9.21531,8.824034,7.87112,8.190452,7.995737,7.632458,7.35978,6.458463,3.874067,8.422887,4.847564,7.59999,7.615261,7.392319,"EFS_L5"
"35","PADLPZ",7.853625,6.898393,6.998832,6.709285,6.661087,7.185332,7.940177,7.368472,4.978042,7.675174,7.478825,7.048412,8.240967,8.498612,5.631761,6.731272,6.497368,7.765074,8.898715,8.047169,7.547864,8.380563,7.680657,7.475784,7.124586,6.502992,4.2794,7.699974,5.395989,7.477004,7.236065,7.982858,"EFS_L5"
"36","PADLTD",7.653909,6.619064,7.588349,7.492385,6.422874,8.488382,8.177007,7.597056,5.512747,7.791346,7.691364,7.618874,8.64674,9.018288,7.447088,7.234339,7.267962,8.249953,8.832053,8.461733,8.230968,8.663968,7.2937,7.69858,7.682164,6.495028,3.999641,7.275792,4.886432,7.373064,8.883914,8.478893,"EFS_L5"
"37","PADMGA",7.493441,6.462086,7.572956,5.604677,5.483444,7.82241,7.554488,7.134405,7.768996,6.714403,7.441273,5.823076,8.038519,7.674199,8.815842,7.040819,7.258293,6.84189,7.724947,7.29074,6.918837,8.116263,6.555812,7.219103,7.851344,5.110532,6.77566,6.756022,8.781339,6.6742,8.10981,9.370318,"EFS_L5"
"38","PADMTD",8.518258,7.404147,8.547695,7.599192,7.475715,8.25741,8.689202,7.737088,5.21439,8.274864,7.593971,8.354048,8.718297,10.201676,4.844356,6.905136,6.467113,8.623558,8.866039,9.248198,9.362108,8.629735,8.278444,7.639746,8.022711,7.687572,3.342067,9.624991,4.505708,8.07236,7.963511,7.233783,"EFS_L5"
"39","PADMVB",7.932056,7.421351,6.630063,6.301217,6.591648,6.829178,7.872402,6.883869,5.179311,8.255379,7.273093,7.198621,7.914986,8.342832,5.945581,6.875875,7.438492,7.684133,9.07743,8.286392,7.494583,8.697595,8.220561,7.595914,7.111409,6.466935,4.673881,7.69073,5.435895,7.176466,7.330405,7.304907,"EFS_L5"
"40","PADMXD",8.123569,7.598626,7.187138,7.813034,6.886634,8.781231,8.726726,7.956088,5.945081,8.240382,7.836857,7.753225,8.928041,9.623611,5.792033,7.181601,7.10614,8.249358,8.91516,9.083209,8.252602,8.763196,8.039516,7.601414,8.276959,7.15058,3.627293,8.782836,4.877549,7.779022,8.329321,7.866377,"EFS_L5"
"41","PADMYD",8.370169,7.549634,6.446894,6.63587,6.421693,8.915044,8.175362,7.513068,6.771288,8.980119,7.3516,7.205234,8.245419,9.199527,7.056386,6.833312,6.278778,8.154213,8.765836,8.373351,7.435803,8.53363,7.869255,7.399603,8.068815,6.639897,3.959128,7.996682,7.183785,7.616439,8.0124,7.116156,"EFS_L5"
"42","PADNFT",8.214605,7.708156,6.894038,7.091341,6.468482,8.561456,8.615791,7.675779,5.76199,9.023183,7.785711,7.804488,8.357882,9.44622,6.488743,6.882224,6.577272,8.22243,8.618241,8.619065,7.918089,8.400956,8.296958,7.685836,8.125804,6.944808,5.212931,8.163046,5.179688,7.880775,8.00849,8.545211,"EFS_L5"
"43","PADNNX",8.133004,7.214017,7.084736,7.050943,6.481208,7.553682,8.527566,7.179082,5.940969,8.319173,7.329223,7.425445,8.125123,8.891406,6.876207,7.008668,6.587465,7.94549,8.887051,8.655744,7.912693,8.69672,8.049828,7.646886,7.641985,5.724759,4.840759,8.307681,5.185075,7.106925,7.57656,9.005473,"EFS_L5"
"44","PADNXC",8.289881,7.81888,6.923941,7.499936,7.052365,8.276107,8.550151,7.604481,5.559406,8.545186,7.738885,7.974035,8.84574,9.318537,6.993635,7.010139,6.913452,8.56058,9.220783,8.876178,8.010492,8.564419,8.247436,7.780188,8.246784,7.227868,4.417883,8.396417,4.690317,7.787244,8.17139,10.114213,"EFS_L5"
"45","PADPCI",8.199363,6.952677,6.504951,6.432063,5.89139,7.840558,8.119695,7.602482,5.969584,7.839873,7.527406,7.215698,7.982567,8.546773,5.24865,6.671273,6.346692,7.496275,8.136128,8.000409,8.201402,7.991957,7.240035,7.290448,8.024117,6.305285,3.359731,7.723568,4.514295,7.098576,7.504013,5.74929,"EFS_L5"
"46","PADPEY",7.919684,6.513096,6.930868,7.043765,6.357715,8.152888,8.103349,7.708499,5.218754,7.883953,7.087234,7.708103,8.761592,9.213487,6.702498,7.143727,7.199975,7.971617,8.178073,8.295208,8.277259,8.617976,7.158749,7.353889,7.131453,6.596421,3.816077,9.481387,4.563445,6.941064,7.887893,8.451805,"EFS_G5"
"47","PADPHP",8.419545,7.06747,7.758921,6.749883,6.351598,8.343421,8.620648,8.033475,6.129812,8.637647,7.948659,6.868026,8.361664,9.502193,5.863266,7.329842,6.668733,8.138467,8.431841,8.613878,7.875541,8.330491,6.968299,7.729636,8.008588,6.392969,4.127324,7.959335,9.671155,7.700656,7.903304,6.972947,"EFS_L5"
"48","PADPMU",8.20819,7.332724,6.731799,6.759306,6.802041,7.926022,8.350867,7.526368,6.044386,8.609679,7.832226,6.34908,8.912889,8.861598,5.645876,7.113268,7.495099,7.807764,8.962463,8.361461,7.830013,8.481843,7.82221,7.64049,8.027837,6.688051,4.498827,7.635435,4.545496,7.239068,7.455585,7.369615,"EFS_L5"
"49","PADPRJ",8.210086,6.83248,6.720669,6.810356,5.987403,7.880708,8.600681,7.0997,6.228601,8.188563,7.480701,7.255093,8.417603,8.890973,6.543136,6.834129,7.351748,7.53647,8.487073,8.257851,8.243806,8.461043,7.88283,7.476425,7.650284,6.626113,4.227314,8.030575,4.870629,7.455413,7.543058,8.384565,"EFS_L5"
"50","PADRYN",7.488702,6.346104,7.497736,6.381747,5.727725,7.319281,7.113346,7.22468,4.799588,7.455284,7.170735,6.942666,8.260099,8.651964,4.768765,7.009869,6.991267,7.378798,8.255511,7.739085,7.978665,8.139997,6.884502,7.381976,6.417088,6.092819,3.633701,7.00741,4.829311,6.259966,7.349894,7.299989,"EFS_L5"
"51","PADSEC",7.915534,8.043001,6.834274,6.838663,6.467574,7.535548,8.448083,7.892441,4.929076,8.604304,7.626892,7.351415,8.112843,10.045571,6.102025,7.127251,6.656313,8.182247,8.595372,8.586456,7.802074,9.03326,8.82412,7.705743,8.397729,6.960463,4.980011,8.123817,4.633209,7.860379,8.248339,6.922236,"EFS_L5"
"52","PADSMF",8.088843,7.669683,6.879828,7.232697,6.855134,7.556785,8.603137,7.302155,4.797001,8.314184,7.437854,7.818185,8.392453,8.89756,5.910157,6.780721,7.013257,8.363132,9.282676,8.671555,7.66035,8.177744,8.461087,7.959194,7.738679,6.908204,3.973087,8.115788,4.939675,7.357707,7.246245,8.038169,"EFS_G5"
"53","PADSXE",8.015288,7.284797,6.615595,6.663959,6.869126,7.760318,8.091896,7.438004,5.720362,8.461693,7.379135,7.964105,8.173585,9.133718,6.713901,6.71413,7.599188,8.08864,8.648216,8.163238,7.85544,8.818522,8.263593,7.550017,8.348198,7.046901,3.748687,8.00519,5.117536,7.511321,7.861329,7.598692,"EFS_G5"
"54","PADSXU",8.103354,6.959589,8.482865,6.743477,6.281442,8.533654,8.016937,7.420719,7.071969,7.870536,7.822527,6.979069,8.317417,8.17822,7.98669,7.09815,6.270393,7.84012,8.4597,8.150721,7.484555,8.279973,7.447247,7.377961,8.20516,6.601465,6.528096,7.632122,5.911195,7.348629,8.195245,10.215898,"EFS_L5"
"55","PADTCU",8.326679,6.482359,6.690046,5.662667,6.138717,7.864366,7.653546,7.060705,4.953996,7.106371,7.073274,5.855329,8.064361,6.444078,5.49586,6.393648,6.84254,6.827356,7.367161,6.957242,7.08435,8.073753,6.937477,6.982848,7.707991,5.821745,3.921489,6.124887,4.94341,6.766053,7.102216,6.686891,"EFS_L5"
"56","PADTJJ",8.077869,6.751749,7.127493,7.460829,7.018981,8.44823,8.490024,7.777469,5.941626,8.350586,7.639944,7.949481,8.97527,9.469427,7.66477,6.783924,6.723053,8.291526,9.182214,9.027436,8.222433,8.89768,7.917679,7.72486,8.011583,6.962755,3.664489,8.531566,4.351795,7.770341,8.253187,8.668703,"EFS_G5"
"57","PADTRV",7.506158,5.657547,6.370697,5.810782,6.028439,6.772597,7.764503,6.655532,4.781079,7.026591,6.657335,6.790545,8.056391,7.12944,6.27529,6.7038,7.239713,7.077933,7.561083,6.81052,7.659457,8.8674,6.625719,6.908932,6.605547,5.388779,2.948166,6.254867,5.053138,5.765617,7.527683,7.971766,"EFS_G5"
"58","PADUKP",8.631586,5.336119,6.563603,4.814982,4.88788,8.280878,7.019808,7.099887,5.929011,6.804827,7.142751,6.084032,8.104401,6.60424,6.235583,7.048236,6.646212,7.025192,7.35495,6.158221,6.876049,8.441707,6.177667,6.759077,6.946216,5.044748,4.097511,5.162716,4.141351,5.719308,6.895975,6.494745,"EFS_L5"
"59","PADUWR",8.358313,7.165263,7.690948,6.75673,6.618305,7.987623,7.499876,7.995998,6.008499,7.761379,7.700443,6.798614,8.198419,8.805525,6.122221,6.88282,7.517268,7.746052,8.519339,8.196052,7.697882,8.549119,7.576599,7.534327,8.407667,6.584765,3.334857,7.267592,4.905027,7.54325,7.84283,7.046583,"EFS_G5"
"60","PADUYJ",7.986008,6.953541,6.76072,8.135935,6.878655,8.384879,8.818376,7.044916,5.755071,8.159877,7.857771,8.180826,8.942978,9.148305,5.851111,7.327147,7.0365,8.408197,9.26088,9.071582,8.204509,8.640033,8.296485,7.394166,7.910116,6.350144,3.866853,7.827116,4.394941,7.837939,8.383932,10.065812,"EFS_L5"
"61","PADVSN",7.194847,6.741956,6.726901,7.04086,6.515385,6.431475,8.412182,6.310123,4.860426,7.132228,7.162913,5.997895,8.72352,6.940866,5.677159,6.746123,6.534548,6.496268,8.554906,7.395356,6.818984,6.773235,7.915704,7.273519,6.688635,5.551869,4.201859,7.450834,5.172348,6.268424,6.785431,6.399198,"EFS_G5"
"62","PADVWW",8.065122,6.963794,6.539627,7.138848,6.184095,7.905847,8.173458,7.583055,6.188461,8.556463,7.827744,7.028427,8.119192,8.746958,6.428677,7.017509,6.544962,7.843861,8.352529,8.366059,7.898246,8.726156,8.363693,7.288838,8.163391,6.553891,4.017406,7.60279,5.639238,7.340974,7.892215,9.055066,"EFS_G5"
"63","PADWEN",8.301505,7.710233,8.266645,7.971532,7.776263,7.869537,9.388614,7.692913,5.12521,8.957312,7.685143,8.76335,8.771974,10.181988,4.882734,7.144664,6.454285,9.183355,9.383479,9.732488,8.817695,9.344649,8.872854,7.909085,7.846877,6.897087,3.853414,8.644433,4.957725,8.250255,7.393127,7.706797,"EFS_L5"
"64","PADWIM",7.771102,6.5366,7.41335,5.973109,6.138722,7.868552,8.129543,7.151726,6.81978,7.553179,7.09241,6.450176,8.217479,9.036454,7.00496,6.819638,6.653422,7.651797,8.15691,8.233053,7.293831,7.609143,7.126884,7.230181,7.714221,5.879869,4.938074,7.907568,7.163138,7.120164,7.612223,8.166337,"EFS_L5"
"65","PADWSM",8.367226,8.158496,7.001256,5.154237,7.146847,8.349721,8.828326,7.417382,5.96596,8.198418,7.543612,7.031749,8.608069,9.198056,7.042459,7.021703,6.564322,8.164436,8.556587,8.950577,8.265389,8.433173,8.136421,7.805365,8.226007,6.811917,4.724419,9.186803,6.477217,8.031814,7.725863,7.954543,"EFS_G5"
"66","PADWVR",7.903043,7.080657,5.935161,7.152708,6.703372,7.543722,7.497977,7.594571,5.647041,8.130411,6.930355,7.54641,8.237636,10.122171,5.643498,6.910837,6.512273,8.078786,8.183185,9.108305,8.156916,7.613243,7.206078,7.389683,8.084641,6.528909,4.343156,8.586818,4.693796,8.145798,7.595603,8.143857,"EFS_G5"
"67","PADXAS",8.012722,7.48516,6.379595,6.744051,6.189565,7.649937,8.339672,7.365618,5.35353,8.377541,7.652431,7.390827,8.150606,9.041335,6.902339,6.865039,7.114252,7.944431,8.762513,8.204222,7.60935,8.713065,7.993391,7.618432,7.778919,6.270965,3.777266,7.871686,6.514695,7.319623,7.444867,7.869484,"EFS_G5"
"68","PADXBB",7.048884,7.035357,7.240389,5.98902,5.519563,6.995936,7.602081,6.914518,5.150222,6.989793,7.465009,5.791031,8.524458,8.626051,6.759273,6.947432,7.16603,6.409901,8.029122,7.268648,6.768789,7.992727,6.103197,7.322703,6.46219,5.395882,4.972281,6.732924,7.734987,6.287472,6.973936,6.772182,"EFS_L5"
"69","PAIDJS",8.16397,6.340427,6.543871,5.939172,5.565419,7.959142,7.755446,6.684195,5.859281,7.299877,7.336994,5.855461,8.200123,7.290936,6.69476,6.938414,6.526595,6.997705,7.439504,6.988657,7.550395,8.353491,6.481924,7.220068,6.950367,5.313382,3.879711,5.818969,5.109405,5.972348,7.514103,7.305839,"EFS_G5"
"70","PAIEIF",8.424346,6.327499,7.987952,6.086685,5.176741,9.123166,7.209522,7.556921,7.27471,7.683465,7.386909,6.206021,8.139364,8.596604,6.53963,6.994544,6.754558,7.532535,7.52401,7.43215,7.516569,8.229766,6.450173,7.065331,8.015523,5.560866,3.652686,6.528186,5.303956,7.032901,7.72759,7.73348,"EFS_L5"
"71","PAILZJ",8.211744,7.148539,7.468906,6.175234,6.149062,8.850804,8.099891,7.019122,5.733939,8.060698,7.621428,6.522984,8.246573,8.947542,7.820293,7.125594,6.86286,7.575728,8.152038,7.972378,7.456739,8.827006,7.55231,7.367673,7.772314,6.136791,4.152373,7.74222,5.727042,7.537054,7.663022,9.213276,"EFS_L5"
"72","PAIMDS",7.929878,5.835264,7.189093,4.659497,5.586408,7.256068,7.748063,7.235762,5.573507,7.235389,7.194333,6.623795,8.024094,7.682426,7.05145,6.610128,6.996157,6.917795,7.64005,6.587762,7.71877,8.916279,6.854541,6.960484,8.027099,5.015458,4.416547,5.583446,7.050505,7.195354,7.749535,8.96383,"EFS_L5"
"73","PAIPGU",8.008082,8.098944,6.433675,7.436415,6.927622,8.039809,8.780794,7.829803,6.1521,9.107407,7.448103,8.382214,8.440506,9.512486,6.51105,7.088632,6.585292,8.4959,9.227543,8.83373,8.276515,8.80316,8.941995,7.733207,8.077214,7.346935,3.74575,9.224964,4.566201,8.168716,7.747401,6.092567,"EFS_L5"
"74","PAIPUD",8.000958,6.066549,6.381097,5.798644,5.877837,7.555558,7.903137,6.928772,5.36911,7.19732,7.14338,7.118623,8.087383,7.991186,6.532254,6.645788,7.09753,7.08666,7.61739,7.311665,7.975409,8.377517,6.732633,7.048522,7.247917,5.375725,3.646843,6.750166,4.616197,7.081084,7.360618,8.684276,"EFS_G5"
"75","PAIRDP",7.854215,6.575034,8.13259,7.39001,6.444098,8.750655,8.17919,7.677694,5.65932,7.783064,7.254941,8.151529,8.838277,9.316973,6.848527,7.2487,6.494053,8.205443,8.782082,8.954167,8.135853,8.512921,7.613821,7.553604,7.349084,6.781545,3.599884,8.116226,4.612209,7.5387,8.027695,8.140184,"EFS_L5"
"76","PAIRIK",7.862659,6.483213,6.351878,6.058803,6.039846,7.112991,7.974385,6.901634,4.835413,7.594772,7.128227,6.885504,8.185756,9.265255,5.513673,6.822866,6.717122,7.20324,7.948501,7.646941,7.417694,8.18554,6.935372,7.392761,6.696059,6.202609,3.95403,7.238796,4.552456,6.762348,7.204052,6.229167,"EFS_G5"
"77","PAIRLN",8.565691,7.295626,6.978548,7.837246,7.051976,8.601364,8.726581,7.645575,5.429635,8.672693,7.544226,8.112197,8.891339,10.097373,6.77908,7.019335,6.906068,8.819249,9.311197,9.107462,7.926596,8.662047,8.516075,7.942386,7.580395,7.380096,3.5882,8.210961,4.640319,7.492329,8.020486,8.323223,"EFS_G5"
"78","PAISNS",8.450655,7.788779,6.497603,7.434671,6.953061,7.778423,8.940941,7.501759,4.849971,8.273587,7.250316,8.360136,8.391333,10.039626,5.02245,6.93339,6.645325,8.379949,9.616783,8.921729,8.017425,8.769452,8.354807,7.474809,7.364823,7.331442,3.475457,8.589044,4.984675,8.028403,7.647433,5.169312,"EFS_L5"
"79","PAITCI",8.193844,6.75428,6.83321,6.653263,6.352175,8.361697,8.064802,7.230181,5.841733,7.752509,7.387463,6.362594,8.198367,8.529235,6.862558,7.107823,6.681142,7.596261,7.907588,8.279112,7.878489,8.236438,6.764918,7.425087,7.193855,6.201301,4.270387,7.186348,4.708169,6.956265,7.991959,8.762453,"EFS_L5"
"80","PAITEG",8.239864,6.12303,7.621316,5.003055,5.849242,9.409815,7.501568,6.600932,6.759653,7.058048,7.749541,4.836821,8.530568,8.027955,8.601064,7.313235,6.640122,6.765536,7.583086,7.390466,7.433558,7.809747,6.22097,7.288947,7.821677,5.070132,5.22704,6.495479,6.92789,5.708735,8.157062,9.90618,"EFS_L5"
"81","PAITRM",8.39081,7.171864,6.686578,7.433064,6.412552,8.345398,8.614976,7.514241,5.80529,8.45654,7.470046,8.283029,8.193353,9.720898,7.065032,6.800957,6.761773,8.160046,8.920003,8.564579,8.357903,8.957562,8.205256,7.644196,7.567025,7.008591,4.118553,7.784855,4.917145,8.030123,7.832212,7.823169,"EFS_G5"
"82","PAITZV",8.542616,7.143436,6.971212,7.318521,6.658512,8.248098,8.795034,7.109819,5.836261,7.968654,8.269189,7.238662,8.558117,8.410252,6.406666,7.072307,7.281305,7.772667,8.730045,8.532294,7.820422,8.427798,7.891411,7.817639,7.714979,6.338483,3.753789,8.363597,4.930546,6.781394,7.773088,8.224037,"EFS_G5"
"83","PAIUJB",7.72017,6.809414,6.935123,7.781101,6.706322,8.211659,8.128016,7.625972,5.735684,7.874983,7.311523,8.486814,8.548613,9.182102,5.34716,7.037779,6.943795,8.095589,8.780335,8.715087,8.784892,8.668069,7.923521,7.455235,7.464066,6.806711,3.53814,8.193562,7.119593,7.676137,8.138786,8.62822,"EFS_L5"
"84","PAIVHE",7.935494,6.899639,6.964104,6.892206,6.626576,8.740622,8.532041,7.102896,6.065605,7.986671,7.312442,7.794801,8.305443,9.411291,6.706543,7.160457,6.796867,7.602072,8.592194,7.940103,7.59809,8.618256,7.260689,7.375212,7.562997,6.527878,4.178471,8.163949,5.237416,7.123101,7.55272,8.226402,"EFS_L5"
"85","PAIVMJ",8.109204,6.688371,6.525579,6.927857,6.09742,8.245617,7.805772,7.278667,5.475119,7.202575,7.10078,7.945773,8.250927,8.9477,6.789563,6.752724,6.5,7.712668,8.827639,8.132079,7.696342,8.62445,7.282159,7.284229,7.294897,6.318837,3.892011,7.624768,4.818086,7.336786,7.751185,7.535807,"EFS_G5"
"86","PAIVZR",7.988742,6.629303,6.81674,6.784927,6.594005,8.443191,7.951739,6.948376,5.490116,7.767012,7.67851,7.551176,8.530554,9.217175,6.52733,7.188052,7.27177,7.559938,8.150074,8.202508,8.258712,8.378802,6.905843,7.228757,7.427856,6.175951,4.014569,7.522115,4.744222,6.660821,7.832305,8.144388,"EFS_L5"
"87","PAIWHU",7.917766,6.352813,6.28866,6.047628,6.117738,6.958489,7.754363,7.033016,5.513112,7.722082,6.996346,7.006011,8.20178,7.61918,5.533355,7.019789,7.078023,7.223973,8.113459,7.605035,7.687442,8.291214,7.066183,7.262575,6.95607,5.896925,4.00573,6.929949,4.7421,6.557091,6.914183,7.041167,"EFS_G5"
"88","PAIWVG",8.125078,7.665633,7.602632,6.822032,6.528344,7.866188,8.401156,7.274142,4.912023,8.427115,7.602267,7.303277,8.621257,9.143456,6.683539,7.304528,7.402622,7.906258,8.924053,7.890982,7.265238,8.626822,8.181407,8.017337,7.21095,7.034512,4.524458,7.83081,5.602735,7.07182,7.366806,8.745339,"EFS_L5"
"89","PAIXLC",7.97395,6.365387,6.410808,6.209381,6.105935,7.576773,7.855883,7.300025,5.898595,7.215474,7.218172,6.99032,8.288373,8.168969,6.712832,7.034425,6.682902,7.524564,8.138025,7.243874,7.728951,8.440303,7.169274,7.310489,7.417717,5.886646,4.41298,7.612859,4.808098,6.414178,7.856883,8.264307,"EFS_G5"
"90","PAIXNG",8.103685,7.677107,6.814836,7.549033,6.76501,7.723429,8.626664,7.218922,6.188339,8.537282,7.650261,8.124358,8.238123,9.315064,6.165325,7.500323,6.965393,8.779754,9.606907,8.981619,8.441539,8.781039,8.325622,7.821579,7.748387,7.099308,3.948378,8.055137,4.78121,7.567997,8.038314,8.192213,"EFS_L5"
"92","PAJYHP",7.974496,7.027292,6.887398,7.092201,6.555317,7.485184,8.655042,7.200519,6.010386,8.323929,7.31317,7.78872,8.190959,9.276831,7.173699,6.941568,7.1358,7.951824,8.404703,8.4372,7.768748,8.682423,8.6432,7.438556,7.808492,6.42101,3.750517,8.382665,4.71859,7.781644,8.245238,7.863763,"EFS_L5"
"93","PAJYLA",7.735645,6.876226,7.516403,6.90846,6.118622,8.352377,7.564918,7.633376,6.221265,8.438708,7.62893,7.483355,8.418425,9.420828,7.515498,7.25217,7.31331,8.067247,8.407525,8.45443,8.110384,8.498154,7.702259,7.709556,7.418771,6.482828,4.294426,8.100976,5.09449,7.524551,8.071732,9.415259,"EFS_L5"
"94","PAJYVA",7.75419,6.734614,7.158206,7.555032,6.431562,8.047052,8.601884,7.257779,5.694586,7.479446,7.461324,8.307353,8.653102,8.53761,7.938897,7.133753,7.117412,8.06875,8.917628,8.322908,7.815146,8.740943,8.261377,7.780764,7.394085,6.360742,3.587043,7.850873,4.816348,6.948919,8.993961,9.377374,"EFS_L5"
"95","PAJZUU",8.216616,7.14824,8.858502,6.932894,6.550926,8.639045,8.478732,7.712348,5.440732,7.936358,7.920513,6.46633,8.890486,9.441399,6.629704,7.390083,7.10287,7.942705,8.858656,7.709234,8.247841,8.312597,6.920775,8.230245,7.198992,6.813772,3.684017,7.024464,5.181975,6.720131,7.460432,8.120036,"EFS_L5"
"96","PAJZWL",8.329868,7.108104,8.232028,7.383595,6.858828,6.958572,8.399471,7.33386,6.040815,7.985807,7.441319,7.238231,8.590244,9.116119,6.028499,6.719805,6.655587,8.404827,9.301361,8.241129,7.993531,8.279247,7.860139,7.728102,7.664183,6.55799,4.769497,8.628909,5.962982,7.087335,7.753381,7.875205,"EFS_L5"
"97","PAKACY",7.480815,6.180391,6.547244,7.089389,6.533741,7.702304,7.805534,7.678093,5.540625,7.559373,7.021993,8.158662,8.248844,9.755878,7.46679,6.960648,7.11246,7.872721,8.15982,8.687063,8.387895,8.518115,7.219028,7.073432,7.355276,6.476756,3.697146,7.755338,4.308979,7.251468,8.179247,9.215204,"EFS_L5"
"98","PAKADI",7.869363,6.190964,7.096716,5.443453,5.938531,7.001331,7.682517,7.104976,5.619086,6.999478,7.262881,6.423754,7.826511,7.982626,6.499325,6.913488,7.79211,6.804037,7.444429,7.159118,7.415773,8.179994,6.536663,6.847256,7.508884,5.179677,3.49474,6.147594,5.746622,6.943494,7.254624,9.005111,"EFS_L5"
"99","PAKAFK",8.063017,7.068084,7.316026,6.909062,6.739906,8.022467,7.610228,7.206018,5.603859,7.618429,7.613325,7.318211,8.073687,8.722564,6.361872,6.567927,6.459447,7.693875,8.518048,7.944672,7.948994,8.444752,7.886671,7.45195,7.847489,6.565708,3.741919,7.418596,4.700762,7.465915,7.168019,7.617994,"EFS_G5"
"100","PAKANZ",7.905868,7.71684,6.54284,6.92198,6.303917,7.702089,8.759324,7.09239,4.621659,8.419947,7.240932,9.052393,7.927199,10.081709,5.725045,6.922464,6.756467,8.41201,8.813906,8.659989,8.374422,8.988406,9.129777,7.860019,7.493232,6.832545,4.008834,9.031701,4.612555,7.801002,8.38252,9.035517,"EFS_L5"
"101","PAKDHL",8.226344,6.893944,6.536543,7.255535,6.086308,7.417544,8.174004,7.22659,4.875523,7.988632,7.083369,7.797793,8.329218,9.871751,5.891756,7.054041,6.226955,8.14561,8.859827,8.284446,8.037649,8.414398,8.170376,7.262704,6.885934,6.400796,3.842103,8.714192,4.626546,7.374358,7.375748,7.847967,"EFS_L5"
"102","PAKGCI",8.047649,6.528696,6.23675,6.014066,6.063603,7.656176,7.662123,7.604149,5.042053,7.146839,7.032932,6.973276,8.174634,8.610334,5.740842,6.806604,6.59777,7.709593,8.509306,7.491242,7.449551,8.398639,6.832073,7.298491,7.068885,6.164335,3.57792,7.227236,4.866918,6.792547,7.359259,6.934872,"EFS_G5"
"103","PAKGKH",8.573661,7.682567,6.900607,6.737516,7.379541,7.965456,8.525452,7.614328,5.8563,8.348813,7.776862,6.518989,9.137879,8.896835,5.801563,7.21434,7.976253,8.317191,8.44843,8.866379,8.292282,8.23324,7.260093,7.902872,8.142925,7.066266,4.312249,8.31487,5.021686,7.830225,7.361253,8.367264,"EFS_L5"
"104","PAKGMY",7.999845,7.392201,8.003425,7.240341,6.994583,7.60583,8.313984,7.509341,5.059109,8.318727,7.514341,7.440406,8.756512,8.641387,7.255841,7.485329,7.553688,8.549841,9.170276,8.903412,7.828893,8.143416,8.530723,8.069872,7.405971,7.130786,3.997171,8.055647,8.747,7.306997,7.55694,7.992451,"EFS_L5"
"105","PAKHAV",8.026189,8.078514,6.771065,6.790405,7.291646,7.804787,8.482946,7.36477,5.557658,8.099225,7.881585,6.215037,8.815841,8.246136,6.252741,7.217976,7.12919,8.123486,8.924799,8.816606,8.008312,7.740899,7.64292,7.877973,7.716976,6.922771,5.150621,8.41328,5.098645,7.331291,7.639215,7.546121,"EFS_L5"
"106","PAKINP",8.164431,6.381684,6.424782,6.299142,6.226153,7.716586,7.721914,7.123405,4.550694,6.884839,7.239755,6.882948,8.201718,8.136425,5.52653,6.71126,6.507228,7.595098,7.41825,7.244778,7.583754,8.234652,6.517801,7.273407,7.136793,5.787417,3.448504,6.504604,4.635728,7.159359,7.561137,6.77656,"EFS_G5"
"107","PAKJBA",8.586722,8.593033,6.741635,8.825452,7.888162,8.626358,9.016041,8.330757,4.476851,8.388261,7.955104,8.258104,8.905551,10.723049,5.518491,7.096765,6.533838,9.094668,9.531445,9.975563,9.081019,8.268116,8.260801,8.008976,8.496447,8.108021,3.932636,9.385145,4.676911,8.421405,8.163555,6.999069,"EFS_G5"
"108","PAKSWB",8.038786,6.747107,6.027789,6.958864,6.175708,7.585823,7.783011,7.21178,5.240014,7.262794,7.187723,7.218965,8.331593,8.263916,5.711665,6.788339,6.270783,7.977996,8.033965,8.121176,8.122374,8.411805,7.177474,7.245362,7.609912,6.138984,3.7746,7.785299,4.897633,7.356147,7.43308,6.712244,"EFS_G5"
"109","PAKUXT",8.120799,7.572841,6.512593,7.37871,7.036591,7.889418,8.399628,7.662067,5.873386,8.247975,7.22856,7.711094,8.575431,9.570359,6.582532,6.835099,7.383433,8.278631,8.849175,8.518776,8.049402,8.311589,8.15519,7.745312,8.021277,7.180756,4.802033,9.130237,5.148686,7.531375,7.772614,6.973757,"EFS_L5"
"110","PAKWCJ",7.82817,6.782911,6.574595,6.209582,6.130408,7.62552,7.594552,7.105678,5.872774,7.423462,7.019655,6.828174,8.224289,7.536059,6.116054,6.937694,6.787768,7.538175,7.9486,7.49393,7.543504,8.190722,6.928141,7.215847,7.102751,5.951084,3.833009,7.0706,5.34843,6.856686,6.936399,6.761134,"EFS_G5"
"111","PAKXDZ",8.177741,7.414123,6.81795,7.389439,6.705382,8.649532,8.589549,7.910582,5.642792,8.494466,7.895036,7.880324,9.052083,9.957402,6.147847,7.081158,7.511525,8.365079,8.71586,8.418268,8.227052,8.619602,8.015312,8.053307,7.98285,6.966301,3.99603,8.494593,5.21419,7.265878,8.147348,8.870664,"EFS_L5"
"112","PAKYZS",7.843284,6.211461,7.264375,5.29727,6.047693,7.439296,7.309585,6.573484,4.888166,7.121716,7.34101,5.814805,8.067788,6.548203,6.098035,6.913274,6.829005,6.789293,7.258338,6.864465,6.862187,8.012899,6.075618,7.334509,7.701958,5.071135,4.229317,5.691488,5.834665,5.964505,6.811011,8.072977,"EFS_L5"
"113","PALAWZ",8.558166,6.96355,7.446148,6.354796,6.297376,9.854356,8.093296,7.049743,6.138529,8.132679,7.957641,6.406788,8.868693,8.055077,6.668232,7.017787,6.736177,7.150353,8.073487,7.64243,7.687461,8.67448,6.756127,7.404916,7.946103,6.018283,4.180543,7.345749,7.053724,6.680188,7.429242,9.225224,"EFS_L5"
"114","PALBFV",8.41504,7.8089,7.861229,8.273994,8.094677,9.02116,9.010617,8.265999,6.401757,9.012022,7.74262,8.98488,8.968581,9.740441,5.09927,7.217379,6.737005,9.386185,9.831578,9.852642,9.304922,9.041795,8.740743,8.222416,8.431326,8.341769,3.8965,11.360817,4.510878,8.407861,8.353841,7.791551,"EFS_L5"
"115","PALBFW",8.001728,6.100629,7.277406,5.387289,6.364144,8.008472,7.706106,7.040955,5.465261,7.113301,7.182569,6.541645,8.104113,8.23363,6.699645,6.730466,7.34112,7.137321,7.665164,7.05966,7.633654,8.472752,7.01843,7.186269,7.623004,5.082731,3.57577,6.256122,4.847925,6.733129,7.483684,7.973763,"EFS_L5"
"116","PALEAC",7.740909,6.827752,6.586415,6.911339,6.291269,7.267011,7.852237,6.804015,5.021564,7.162115,7.03045,7.286021,8.123032,8.240551,5.99333,6.847745,6.287342,7.274978,7.897533,8.289036,7.957064,8.180042,7.036963,7.129274,7.484826,6.179129,3.578839,7.600844,4.51365,6.989575,7.787656,8.240106,"EFS_G5"
"117","PALEBK",8.075088,6.834619,6.131206,7.051516,6.542945,7.590484,7.755811,7.415898,5.328129,7.433466,6.988736,7.490563,8.345772,8.673313,5.908625,6.815694,6.395107,8.067602,8.619317,8.269502,7.936274,8.210614,7.123605,7.320313,7.360562,6.700166,4.000404,7.581938,4.779911,7.582361,7.500454,6.845492,"EFS_G5"
"118","PALETP",8.112935,7.42841,7.17295,7.212647,6.448614,7.076238,8.228171,7.102677,6.677726,8.586152,7.510735,7.226926,8.282089,8.755229,6.98472,6.892739,7.174683,8.258202,8.77491,9.059061,8.211187,8.79794,8.296844,7.556465,7.611563,6.766549,4.367653,9.088911,4.972412,7.418506,7.640148,7.746131,"EFS_L5"
"119","PALFRE",7.924999,7.157753,6.845227,5.751565,5.985521,7.688755,8.216048,7.259559,7.23884,7.353975,7.650347,5.553825,8.53158,8.174041,7.506619,7.159079,8.036488,7.596711,8.406536,7.062627,7.181666,8.249293,6.868621,7.565504,7.079447,5.392289,3.650364,6.823443,5.317928,6.711882,7.752196,6.081825,"EFS_L5"
"120","PALFSE",8.12445,6.367623,8.310158,5.36747,6.321414,8.1824,8.010714,7.616716,7.10834,7.278479,7.446921,6.335602,8.237381,8.37959,7.831382,6.926418,6.560768,7.530771,7.97007,8.031885,7.916162,8.414576,6.96478,7.1643,7.994019,4.975448,3.922259,6.176039,5.127337,7.46284,8.30738,8.055547,"EFS_G5"
"121","PALGFF",8.014463,6.64989,6.754702,6.344656,6.225924,7.757022,7.82999,7.297681,6.137093,7.340816,7.081011,6.776955,8.122127,7.858169,5.84179,6.769755,6.92531,7.342889,7.581935,7.698302,7.733114,7.86177,6.879223,7.324631,6.829964,5.531605,3.844061,7.119579,4.970789,6.846288,7.480036,6.905385,"EFS_L5"
"122","PALHVD",8.31866,7.279403,6.376862,7.347316,6.744065,7.54543,8.324263,7.254542,5.025734,8.768451,7.47451,7.658757,8.407541,9.30117,5.354509,7.057587,7.418417,8.211576,8.969595,8.608358,8.134557,9.039563,8.441786,7.641927,7.179449,7.040844,3.780061,8.870587,4.770666,7.390109,7.451498,8.126367,"EFS_L5"
"123","PALIIN",8.43963,7.456047,6.152472,7.609133,6.6987,7.941238,8.626712,7.467898,6.028923,8.090311,7.125095,8.251284,8.233796,9.773149,7.051762,6.620499,5.930567,8.603188,8.905182,8.844709,8.240777,8.581055,7.885038,7.216808,7.521388,7.190492,3.919747,8.165466,4.866511,8.231656,7.965214,6.402475,"EFS_L5"
"124","PALKKV",8.027329,6.380296,6.784525,5.495675,6.454547,7.789074,8.06512,7.313557,5.903165,7.013885,7.17784,6.81074,8.166909,7.99275,6.79456,6.812856,6.608693,7.169473,7.777593,6.714435,7.296381,8.546487,6.806088,7.202077,6.906105,5.152476,4.025834,6.178622,5.037765,7.405633,7.261084,7.032288,"EFS_G5"
"125","PALKUC",7.905582,6.917194,8.685018,6.444542,6.479333,8.165469,8.15345,7.062062,5.351984,7.77184,7.692742,6.885723,8.64901,8.323573,7.102024,7.428099,7.1218,7.517444,8.438137,7.922064,7.522931,8.071302,7.191047,7.667817,7.208453,6.593614,4.314787,7.822709,5.146278,6.571055,7.720979,9.958399,"EFS_G5"
"126","PALLJJ",8.560664,6.503319,7.532714,5.086452,5.716848,7.63614,7.826673,7.21141,7.227995,7.134109,7.824802,4.300233,8.92186,7.665788,6.080892,7.270496,7.263993,7.657423,7.45407,8.147465,7.418267,7.79774,6.109072,7.580177,7.909294,5.179381,4.530236,5.94429,5.711482,5.999929,7.181882,6.697357,"EFS_G5"
"127","PALNFE",7.917649,6.274827,6.375621,6.073427,6.30892,7.154317,7.692665,6.967429,5.622116,7.121278,7.213054,6.550153,8.188717,7.663268,4.7877,7.052415,6.483153,7.225102,7.50004,7.332805,7.199286,8.144149,6.751901,7.417627,6.508814,5.616,3.636754,6.683648,4.777755,6.742705,7.110809,5.81953,"EFS_G5"
"128","PALNHZ",8.235691,7.31167,6.483818,8.14169,7.143701,8.623218,8.716599,7.369893,5.570366,8.324796,7.880727,8.227651,8.841755,9.64528,5.483738,7.372368,6.623765,8.445727,9.20347,9.298771,8.586486,8.879583,8.448265,8.082039,8.005068,7.50612,3.196453,8.380931,4.634032,7.522219,8.962269,7.085274,"EFS_L5"
"129","PALNVP",8.608498,6.92205,6.238705,5.618791,6.341403,8.089675,8.175495,7.685816,6.303297,7.642286,7.624899,6.740287,8.351643,7.917546,5.338642,6.956322,6.364498,8.129572,8.136053,7.705408,7.651809,8.471113,6.86059,7.393827,7.77862,6.203708,3.945281,6.848678,4.612192,7.495511,7.300301,6.356495,"EFS_G5"
"130","PALPIN",7.823238,5.966946,6.33304,5.54442,5.98704,7.193972,7.614791,6.936953,5.2547,6.866864,7.043925,6.405711,8.063346,6.749242,6.192951,6.642744,6.656612,7.10081,8.151287,7.092298,7.529298,8.248401,6.7343,7.460889,6.709132,5.348172,4.178047,5.561055,5.017924,6.124164,7.508118,6.33017,"EFS_G5"
"131","PALPSY",7.885013,6.490408,6.446965,6.820654,6.081877,7.707606,7.805183,7.43729,4.714927,7.465134,6.991039,7.889454,8.21977,8.136738,5.933649,6.880335,6.457445,7.681422,8.378031,7.765245,7.941453,8.471292,7.146672,7.239909,7.201305,6.556244,4.479183,7.542638,5.076755,6.980918,7.802503,6.970382,"EFS_G5"
"132","PALSAE",8.248071,7.313144,7.004473,7.721696,6.899927,7.713248,8.031543,7.314992,4.887716,8.196268,7.528063,7.589326,8.284295,9.096601,6.003972,7.159137,6.49644,8.672196,9.29019,8.784245,8.257073,8.467053,7.609342,7.960692,7.106931,7.428002,4.859974,7.854636,5.659211,7.312053,7.48908,8.916589,"EFS_L5"
"133","PALTYB",8.428599,6.119743,7.893504,5.019728,6.530714,8.022946,7.546509,7.655643,6.528321,7.074601,7.539693,4.719739,8.644707,7.797974,7.34142,7.01064,6.889888,7.410572,7.577005,7.910192,7.291866,8.371324,6.890493,7.278784,9.41164,5.011112,4.69815,5.984377,6.110925,7.458877,7.888073,8.089246,"EFS_L5"
"134","PALUDH",8.28912,7.184317,6.657583,6.851616,6.764872,7.723624,8.373711,7.443756,4.325859,8.319862,7.597491,6.692606,8.420892,9.723417,4.905527,6.962013,6.631405,8.210326,8.883054,8.960123,8.087796,8.444232,7.64718,7.654476,8.257512,6.652955,4.081883,7.835305,5.350385,8.01793,7.422902,7.131314,"EFS_G5"
"135","PALUYS",8.159857,8.079961,6.243919,7.680466,7.063698,7.49502,8.634641,7.391453,4.997237,8.823763,7.631258,8.093056,8.357055,9.372978,5.864276,6.964168,6.894895,8.537861,9.090998,9.22082,8.465724,8.900627,8.733008,7.793923,7.74882,7.371624,3.992753,8.768115,4.900425,7.812636,7.970391,6.430263,"EFS_L5"
"136","PALVKK",8.026209,6.483004,8.078443,5.86096,5.847107,8.001,7.859295,6.970424,6.704021,7.192254,7.190362,6.037986,8.28623,8.123266,8.059566,7.14661,6.771953,7.125064,8.008236,7.250227,6.865169,8.243946,7.162981,7.226217,7.812807,5.523168,5.170266,6.900853,8.210712,6.469198,7.677313,9.237727,"EFS_L5"
"137","PALVUC",7.777723,6.453934,6.594604,6.541075,6.190788,7.029904,7.7012,6.801011,5.05208,6.957846,7.022189,6.466408,8.236771,7.469233,5.529562,6.925695,6.96888,7.181435,8.127316,7.349756,7.252586,7.970374,6.431759,7.520173,6.812356,5.704542,3.842283,7.109299,4.918598,6.799067,6.988838,6.832589,"EFS_G5"
"138","PALVVH",7.747602,7.090564,6.445937,6.430849,6.650903,7.894144,8.123481,7.13642,4.585447,7.511453,6.996077,7.778753,8.206895,8.196548,5.769618,6.751972,6.289387,7.563492,8.520405,7.875079,7.692576,8.606809,7.319928,7.250508,6.954352,6.067215,3.603333,7.477867,4.829326,7.388088,7.862765,8.293105,"EFS_G5"
"139","PALWBT",7.979301,6.326707,7.631439,5.235862,5.961921,7.331891,7.451511,6.965798,6.693904,6.764754,7.210316,4.709807,8.280948,6.616161,6.265201,7.114173,6.626083,6.812378,7.489015,7.124302,6.914425,7.958604,6.017687,7.341397,7.224764,5.148081,4.481551,5.896022,5.821321,5.776581,7.206978,8.016174,"EFS_G5"
"140","PALWSJ",8.636696,7.729408,6.850571,7.912668,6.877711,8.049928,8.618232,8.034867,5.713557,8.475959,7.721955,6.912977,8.661598,9.536742,6.288673,7.276741,6.465575,8.45366,9.133794,9.486918,8.639839,8.606936,8.114182,7.647569,7.960779,7.243221,4.626437,8.918985,5.197006,7.977465,7.81766,6.674466,"EFS_G5"
"141","PALWVJ",8.610388,6.957943,6.7098,7.150875,6.34658,8.647166,8.5721,7.667701,4.863391,8.865144,7.770505,7.092829,8.990017,9.185107,6.460157,6.811652,7.719255,8.041088,8.875515,8.428466,7.919562,9.096031,8.003798,7.691586,7.621177,6.628601,3.90251,8.189947,4.770815,7.12909,8.0334,9.770154,"EFS_L5"
"142","PALWXP",8.271949,6.737109,6.39325,7.752762,6.731345,7.67664,8.426377,7.920434,6.461002,7.970814,7.114265,7.721844,8.252644,9.2136,6.56805,6.774411,6.133145,8.047102,9.02156,9.028171,8.228757,8.858711,8.260962,7.272222,7.694777,7.153369,3.617443,8.087415,4.936315,7.888127,8.025401,6.431073,"EFS_G5"
"143","PALXTB",7.861272,5.9484,6.888475,5.2856,6.212478,6.955729,7.817815,6.938167,6.439979,7.051153,6.921295,6.186252,8.163125,7.863665,6.681094,6.404859,7.286283,6.610093,7.327352,6.615061,7.612427,8.673889,6.744855,6.991494,7.523226,4.934272,3.55699,6.126865,5.076001,6.8076,7.834205,8.06463,"EFS_G5"
"144","PALXTE",7.997661,6.540181,6.413444,6.888152,6.312982,7.141274,7.804251,7.130083,4.845261,7.679936,7.0007,7.376944,8.263879,8.549828,5.647678,6.666469,6.726587,7.583571,8.625109,8.247856,8.0253,8.592997,7.538448,7.066109,7.283052,6.125579,3.688076,7.974095,4.736424,7.2169,7.639305,6.170873,"EFS_G5"
"145","PALXUM",7.740528,6.134839,6.873084,5.808165,6.679634,7.652716,7.651014,7.260663,4.849759,7.247082,6.924121,6.867902,8.252863,8.23884,5.482201,6.67494,6.38976,6.78536,7.623113,7.703756,7.817116,8.486452,6.83903,6.922306,8.047519,5.133187,3.64129,6.456687,4.494135,7.128234,7.464773,6.982326,"EFS_L5"
"146","PALYEC",8.41287,7.549647,6.544291,7.959304,6.900649,8.288396,8.706611,7.746803,6.241597,8.430571,7.566583,8.487907,8.836118,9.604045,6.27671,7.220467,6.816365,8.632599,9.076594,8.653886,8.236234,8.666968,8.276925,7.899674,7.503276,7.375016,3.952137,8.436715,4.717296,7.491374,8.20497,7.819822,"EFS_L5"
"147","PALYLZ",7.866515,6.706046,6.480434,6.226346,5.990514,7.549097,7.871618,6.978167,5.160202,7.216706,7.257347,7.089004,8.338324,7.828471,6.041209,6.630658,6.74344,7.485334,8.242994,7.640603,7.28121,8.270475,6.863715,7.36272,6.942049,5.830903,3.928384,6.902398,4.810058,7.055743,7.309008,7.035015,"EFS_G5"
"148","PALYPW",7.737904,5.902846,7.95108,5.222764,5.39566,7.407508,7.53126,6.927472,5.76944,6.919028,7.399874,5.022149,7.781407,7.406087,8.004553,6.931854,6.630742,6.999115,7.682868,6.922175,6.958887,8.529062,6.62161,7.251904,7.612912,4.661595,4.513,5.578846,7.168791,6.104833,7.738553,8.900309,"EFS_L5"
"149","PALZRG",8.822223,7.596584,9.532526,7.995426,6.640239,8.289042,8.677073,7.924217,5.894458,8.16912,7.67739,7.99045,9.606427,9.91566,5.93294,7.388066,6.15358,8.92985,9.189808,9.257874,8.236883,8.392794,8.103002,8.034254,7.630721,7.421448,4.060337,9.501306,4.988824,7.45125,8.496922,7.63904,"EFS_L5"
"150","PALZZV",8.175681,7.431397,6.431625,8.356362,7.035247,8.083793,8.754039,8.104381,5.513171,8.926537,7.868834,8.024091,8.703751,9.704456,5.687619,7.198105,7.51105,8.934412,9.703205,9.825078,8.575694,8.789969,8.758094,7.857502,8.161093,7.741278,3.7232,8.582942,4.599141,8.264892,8.599565,7.792939,"EFS_L5"
"151","PAMACS",8.212625,6.578496,6.293082,7.106994,6.077607,8.743174,7.993784,7.661439,6.193464,8.083075,7.734905,6.526946,8.561635,8.493976,5.816857,6.936229,6.571273,8.048526,8.362131,8.074749,7.816817,8.31672,7.274437,7.435055,7.664654,6.547477,3.772834,7.246491,4.822012,7.339541,7.600797,7.913572,"EFS_L5"
"152","PAMAFV",8.235535,6.840927,6.474927,7.044172,6.20439,7.279129,7.807609,7.420141,4.634331,7.637441,7.295108,7.60021,8.50457,8.87369,5.446381,6.780058,6.488297,8.259168,9.009704,8.299361,7.730329,8.13591,7.478488,7.516839,7.012536,6.753271,3.943376,7.767045,4.668106,6.927378,7.447869,6.735019,"EFS_G5"
"153","PAMAJT",8.017149,6.97956,6.459917,6.755196,6.435285,6.977416,8.144685,7.126102,4.821419,7.611119,7.15922,6.633173,7.977319,9.140616,5.417218,6.828782,7.521667,7.70453,8.415245,7.532183,7.785801,7.928767,6.85932,7.456093,6.74286,6.141925,3.56013,7.670698,6.886805,7.260471,7.37196,5.766193,"EFS_G5"
"154","PAMBDH",7.995728,7.03686,6.60393,7.750961,6.734144,8.005312,8.275702,7.094113,5.10107,8.401275,7.573167,6.792138,8.22771,8.892079,4.6278,7.257504,6.944905,8.422929,9.214346,9.115058,8.003708,8.536814,8.372189,7.790642,7.474948,6.835964,4.245216,8.038519,4.802722,7.342147,7.977575,6.775115,"EFS_G5"
"155","PAMBMJ",8.277852,7.42638,6.893985,8.005118,6.621433,8.006438,8.455628,7.711249,5.668226,7.884075,7.044923,8.554444,8.678123,9.760992,6.796995,6.841119,6.204267,8.828504,9.361805,9.080725,8.197757,8.324227,7.956691,7.704578,7.421717,7.370923,3.951523,8.804574,4.704512,7.853061,8.276652,9.162285,"EFS_L5"
"156","PAMBYG",7.87252,6.887769,7.344868,7.556158,6.480175,7.884604,8.210483,7.416415,5.363018,7.927577,7.366735,8.444867,8.269373,9.00054,6.727394,6.83752,6.968093,8.05672,8.7488,8.813372,8.110029,8.54865,7.642531,7.322938,7.400066,6.705692,4.126134,7.790194,4.964523,7.287337,8.172448,9.085472,"EFS_L5"
"157","PAMCXF",9.034339,7.45388,6.74757,7.225008,6.945995,8.599234,8.602664,7.043394,4.832754,8.508101,7.862108,7.391149,9.15739,10.125977,6.699879,6.990746,6.989623,8.525558,8.879742,8.906099,8.120917,8.743082,7.398935,7.592355,7.650185,6.540007,3.46023,8.552511,5.075488,7.545071,7.476222,9.4863,"EFS_L5"
"158","PAMEHH",8.575289,6.496093,8.914967,5.12175,5.466525,7.653707,7.505405,7.326494,6.794386,6.785875,7.190757,5.486006,8.128362,7.98934,7.222646,6.854657,6.282687,7.424492,7.297917,8.354202,7.599843,8.231076,6.533328,6.845508,8.116524,5.24074,4.090773,6.226903,6.371945,7.325592,7.496559,8.446917,"EFS_L5"
"159","PAMEZH",7.801208,6.620497,7.999682,6.894651,6.532375,6.83732,7.818584,7.21118,5.284174,7.965304,7.367745,6.915708,8.440077,8.748092,6.37427,7.124236,7.108272,7.783029,8.213756,8.286078,8.041578,8.308273,8.03954,7.425941,7.918933,6.302953,3.996961,8.089958,5.806934,6.732575,7.615745,8.483313,"EFS_L5"
"160","PAMJED",8.656653,6.861257,6.703905,7.288876,7.187013,8.735066,8.733149,7.185402,5.3039,7.948536,8.338709,7.827611,8.742136,8.997379,5.34008,7.10325,7.081917,8.013206,9.088918,8.808073,8.641618,8.801195,7.813676,7.581869,7.504227,6.90742,4.108321,8.511566,5.298885,7.04437,7.574421,7.843298,"EFS_L5"
"161","PAMLMY",8.665949,7.677924,7.618135,7.782768,6.815638,7.445635,8.831313,7.421173,5.650222,9.076949,7.920024,7.282178,9.09885,9.836762,4.702839,7.335719,6.869002,8.820921,9.726351,8.720112,7.893063,8.615357,8.597116,8.173236,6.9919,7.175475,4.388751,8.829349,4.818492,7.070159,7.720018,7.481184,"EFS_G5"
"162","PAMLNB",8.284034,7.068279,9.495482,5.405224,5.716443,8.208536,7.712083,7.182619,5.037204,7.129642,7.973044,6.904459,7.618408,7.397869,7.201939,7.252181,6.333535,7.364888,7.809572,7.279051,8.296457,8.342007,6.750379,7.140145,7.419452,5.535248,4.262441,6.932364,5.663596,6.688016,8.725871,8.968824,"EFS_G5"
"163","PAMMXF",8.151746,7.399744,7.237215,7.810307,7.282045,8.850679,8.754491,8.109075,5.795264,8.343683,7.838131,8.465705,8.854481,9.611832,5.626311,7.158181,6.896528,8.587238,9.023034,9.020559,8.539981,9.062324,8.388852,7.862405,7.804512,7.451912,3.735286,8.012112,4.499006,8.380392,8.604539,8.625355,"EFS_L5"
"164","PAMMYR",8.171138,7.590013,7.055292,7.385578,6.429616,8.008433,8.5171,7.236265,6.998578,8.273933,7.549606,7.385859,8.609139,9.259448,7.74751,6.988244,6.7634,8.432145,9.357615,8.202949,7.641883,8.716658,8.453955,7.722342,7.477901,6.885028,4.101804,8.270614,4.677642,7.335429,7.89589,7.04884,"EFS_L5"
"165","PAMNAL",8.044007,7.204719,7.211906,7.122458,6.663049,8.233973,8.359473,7.405043,5.435444,7.774589,7.883799,8.018634,8.310035,8.608166,6.273656,6.750779,6.73473,8.053391,8.870465,8.341183,8.050979,8.711593,7.79302,7.652413,7.449444,6.762069,4.213299,8.437087,5.050995,7.790037,7.610364,7.60314,"EFS_G5"
"166","PAMNLH",8.462494,6.80452,6.669058,6.816749,6.402412,8.039242,7.959509,7.288464,5.43479,8.175006,7.458153,6.578344,8.713102,8.976135,6.676195,6.977504,6.838293,7.418893,8.457671,7.637217,7.654486,8.647445,7.760896,7.807044,7.524846,6.233459,4.027289,7.583255,5.126936,6.6659,7.565465,8.394714,"EFS_L5"
"167","PAMVCL",7.832457,7.017546,6.499549,6.71426,6.725628,8.114203,7.844487,7.721432,5.940224,7.990781,7.217115,7.546165,8.120756,8.563453,5.856837,7.056199,6.813933,7.993676,8.18313,8.11071,7.63611,8.508146,7.470286,7.453597,7.28942,6.832816,3.555379,7.604717,7.313036,8.118509,7.504434,5.988591,"EFS_G5"
"168","PAMXWF",8.090153,7.189172,6.419442,7.466757,6.744462,8.090376,8.557642,7.203564,4.322323,8.459072,7.460703,8.066662,8.707081,9.334227,4.985462,6.676642,6.345655,8.059099,8.759611,8.486726,8.192632,9.2183,8.176515,7.750556,7.718955,7.021528,3.557077,8.328262,5.023308,7.56419,7.674085,8.686108,"EFS_L5"
"169","PAMYCE",7.841078,7.287694,6.700172,6.929456,6.286568,6.982602,8.376044,7.265158,4.997344,7.933898,7.266652,7.408764,8.196644,9.41899,6.153299,7.060505,7.062423,7.754855,8.613428,7.530299,7.411302,8.311189,7.610273,7.862604,7.308786,6.792357,3.649959,7.984955,5.017322,7.00324,7.249937,7.1943,"EFS_L5"
"170","PAMYVA",7.743701,6.746519,6.541887,6.609508,6.262281,7.072693,7.761691,6.941848,5.235424,7.922693,7.138927,7.056928,8.190182,8.583575,5.859675,6.921023,7.030385,7.418397,8.441578,7.905221,7.57165,8.337327,7.398025,7.432092,7.215878,6.328337,4.205946,7.519966,5.040991,7.033202,7.014608,7.762465,"EFS_G5"
"171","PAMZCE",7.883084,7.050041,6.537036,6.84669,6.24515,7.619744,7.99657,7.161958,5.198421,8.031287,7.696643,6.3631,8.385882,8.968911,6.43375,7.038987,7.090352,7.966532,8.466538,8.143752,8.089358,8.08342,7.227519,7.55116,7.147207,6.370963,4.11517,7.754391,4.962385,6.445949,7.649289,7.281315,"EFS_G5"
"172","PAMZMG",8.304095,7.212971,7.271082,7.803827,6.988599,8.477556,8.891658,7.750292,5.407395,8.687794,7.821892,8.33279,9.002253,9.781449,5.440022,7.46153,6.617557,8.499978,9.43365,9.049334,7.995446,8.748616,8.28911,7.962202,7.434851,7.135039,3.887804,8.148477,4.704295,7.444219,8.362387,7.454913,"EFS_L5"
"173","PAMZYM",8.11315,7.410081,6.610579,7.516699,6.448612,7.770853,8.558842,7.274668,6.585402,8.407839,7.397135,8.37418,8.124356,9.340198,7.252537,6.625126,6.779698,8.229187,8.902929,8.873191,8.185217,9.236013,8.539454,7.49525,7.414716,6.821338,3.964399,8.621295,4.898898,8.063214,7.884914,7.032436,"EFS_G5"
"174","PANBJH",7.898662,7.361781,6.554734,7.436619,6.804246,7.593593,8.240298,7.47293,4.438562,8.060346,7.109958,7.78999,8.612123,8.477975,5.411352,6.836676,6.670457,7.950987,8.896628,8.494582,7.808111,8.379708,7.940986,7.804423,7.492862,6.843709,3.663586,7.968084,4.80636,7.408214,7.469322,8.313147,"EFS_L5"
"175","PANBMJ",7.739487,6.344554,7.380006,5.369164,5.627646,7.014187,7.721017,6.975575,6.416148,7.315101,7.321389,5.509994,8.106629,7.825144,7.82748,7.056298,7.587123,7.061893,7.664299,6.897295,7.101799,8.383076,6.592072,7.396114,7.402495,5.161641,4.17128,6.392909,6.310435,5.848141,7.434189,7.936329,"EFS_L5"
"176","PANBSP",8.568256,6.872564,7.55392,7.620526,6.608446,9.058106,8.692529,8.156775,7.277979,8.328941,7.84284,8.286646,8.478052,9.777665,6.699477,6.669279,6.319845,8.732688,8.85801,8.84721,8.376579,8.802722,8.083487,7.661115,8.209643,7.129905,3.592804,8.035343,4.608548,8.161578,8.472173,9.345723,"EFS_L5"
"177","PANCYF",8.032902,7.324223,6.552161,7.260556,6.591022,8.45872,8.157188,7.824951,6.8165,8.123656,7.579635,8.02797,8.275996,9.396047,8.82488,7.102366,7.314625,8.360691,8.866579,8.713329,7.897999,8.69022,7.864477,7.695098,8.211815,6.849741,3.95564,7.887033,5.268146,7.544108,8.303305,8.695615,"EFS_L5"
"178","PANDHZ",8.315948,6.841393,7.193742,6.490767,6.282067,7.759119,8.321051,6.865141,6.380184,8.297809,7.426569,6.290149,8.879098,9.726063,7.252609,6.520239,6.01417,7.227471,8.724078,7.725934,7.239904,8.026209,7.723122,7.317615,7.528806,5.840699,3.839619,7.52638,5.309552,6.508244,7.563747,8.349516,"EFS_L5"
"179","PANGTS",7.993472,7.417014,6.133135,7.198558,6.74681,7.592224,8.073949,6.86722,5.402649,8.635119,6.956617,8.23584,8.337631,9.349792,5.803728,6.780509,6.471192,7.871225,8.674146,8.986232,7.939062,9.137967,8.378409,7.191363,7.625114,6.665876,3.953297,8.368944,5.090181,8.21834,7.499667,8.411585,"EFS_G5"
"180","PANHUA",7.727745,6.95974,6.43975,6.653476,6.462781,7.510588,8.005694,6.909997,5.90587,8.041225,7.185452,7.440306,8.295981,8.460722,6.259916,6.884772,6.657963,7.605339,8.68192,8.312302,7.678562,8.258707,7.883196,7.380179,7.504254,6.266358,4.037884,7.588146,4.927155,7.177564,7.423059,6.449398,"EFS_L5"
"181","PANLSG",8.219068,6.80691,6.898639,7.29581,6.008008,7.311968,8.092079,6.781695,5.235246,7.490505,7.578571,7.083251,8.415754,8.850256,5.533231,6.888653,6.90247,8.304343,8.506563,7.775166,7.675876,8.156383,7.481015,7.571368,6.664015,6.495863,4.183181,7.335979,4.904895,7.016231,7.625074,7.093984,"EFS_L5"
"182","PANNIJ",7.987813,7.281919,7.89121,6.880622,6.206567,8.380374,8.221091,7.121417,5.801234,8.039028,7.544405,7.280069,8.610158,8.574548,6.685656,7.258392,7.038135,7.738691,8.541473,8.395272,7.760778,8.32991,7.748874,7.498326,7.542809,6.387461,4.108871,8.093215,5.261385,7.026657,7.588921,8.635202,"EFS_L5"
"183","PANRRW",7.898531,6.623067,6.900259,6.700047,6.424653,7.265564,8.04323,6.837865,6.497347,8.068056,7.453957,7.322405,8.125563,8.130515,6.618421,6.790582,7.243675,7.632779,8.237593,8.429742,7.593153,7.806605,7.550799,7.342119,7.734065,5.870875,3.640816,7.532274,5.091907,7.067185,7.568006,6.83163,"EFS_L5"
"184","PANUKV",8.424194,7.357388,6.441362,8.501573,7.518118,8.68852,9.316405,8.51251,5.821003,9.209007,7.543912,8.756831,9.185173,10.237994,6.218439,7.562042,6.982463,8.973584,9.794941,9.817373,8.934699,8.915289,9.108723,7.430752,8.187345,8.142158,3.772161,8.796522,4.578522,8.560279,8.67944,5.697208,"EFS_L5"
"185","PANUVK",8.524097,7.01083,7.53421,7.450165,6.989597,8.978984,8.358531,7.689446,6.314711,8.351721,7.656638,7.838642,8.54332,10.071937,7.001293,7.02331,6.577255,8.417871,9.098734,8.594029,7.88994,8.71592,8.030833,7.408574,8.002081,7.023428,3.890614,9.190474,6.816697,7.394055,7.969994,9.443265,"EFS_G5"
"186","PANVAN",8.094327,6.697721,7.508297,6.318701,5.792583,8.106956,7.794903,6.653095,6.515338,7.280967,7.366375,5.854763,8.366584,7.807934,7.493967,7.192764,7.005378,7.3341,8.413142,7.672297,7.2637,7.999073,6.708358,7.490962,6.922388,5.670332,4.636029,7.11352,5.307198,6.249906,7.51485,8.933802,"EFS_L5"
"187","PANYGR",8.431841,7.424906,6.586585,7.338286,6.739439,7.822954,8.870921,7.975319,5.748874,9.227642,7.787911,7.269695,8.392545,9.763819,5.549403,6.995774,7.014062,8.487017,9.134367,8.712047,8.257793,9.059537,8.759105,7.906765,7.719434,7.509582,4.040321,8.050234,4.604481,8.059155,7.992722,8.058456,"EFS_L5"
"188","PANZHT",8.050252,7.466583,6.907321,7.049453,6.321123,7.7344,8.507309,7.227543,6.181328,7.968833,7.176965,7.781377,8.182117,9.085032,6.949231,6.846782,7.255077,8.073638,8.831953,8.417344,7.754676,8.4674,7.753531,7.660275,7.235399,6.880899,4.446361,7.836251,5.337818,7.399204,7.910382,8.719579,"EFS_G5"
"189","PANZPV",7.984168,6.918711,6.789235,5.998144,6.244827,7.666651,8.160571,7.474627,6.151386,7.732403,7.129903,7.20976,8.106649,8.739001,6.515747,7.088297,7.351185,7.849522,8.326684,8.0611,7.694693,8.316333,7.088152,7.377406,7.461604,6.445866,4.047719,7.424732,4.76506,6.952366,7.619536,8.696321,"EFS_L5"
"190","PAPAKS",8.151675,7.248662,8.086697,6.624461,5.952185,6.585687,7.783448,7.039508,4.884614,7.706924,7.232086,6.394532,8.611326,9.157597,4.659998,7.243392,7.066135,8.457852,8.757754,7.508063,7.011086,7.236962,6.508649,7.641804,6.041935,6.299968,3.995066,10.460856,5.067315,5.909063,7.43425,5.737037,"EFS_G5"
"191","PAPBGH",8.256929,7.016431,7.606273,7.495054,6.220015,8.214836,8.568744,8.017074,5.747425,8.329711,8.081375,6.949536,9.180347,9.276064,6.850777,7.088524,6.637822,8.262575,8.642198,8.495768,8.353403,8.679317,7.971115,7.482919,7.921923,6.723044,3.486761,8.526073,4.436634,7.832861,8.531969,7.171353,"EFS_L5"
"192","PAPBZI",8.388769,7.279371,7.175435,7.067517,6.309878,8.07213,8.514023,7.622686,5.989201,8.530676,7.938643,6.804599,8.447811,9.555204,6.943171,7.015179,6.507375,8.553786,8.610156,8.30759,7.907934,8.623532,7.381169,7.608828,7.747659,6.864543,3.624521,8.183012,4.876831,7.528614,7.866634,9.074139,"EFS_L5"
"193","PAPEFE",8.11223,6.736228,7.277113,7.214388,5.953886,7.697227,7.650895,7.072448,6.052632,7.574913,7.361909,6.872126,8.521355,8.742158,7.567719,7.116576,6.025377,7.861564,8.603201,8.511233,8.002369,8.258676,7.449752,7.506893,7.330566,6.017763,4.054431,7.802998,5.375705,6.714128,8.222317,7.72053,"EFS_L5"
"194","PAPEJW",8.042006,6.874264,7.66237,7.27878,6.603172,8.454065,8.082352,7.249897,5.78543,8.022693,7.437972,7.541567,8.527701,9.021995,7.384526,7.179734,6.803032,8.219404,8.438547,8.436296,7.145195,8.421011,7.521935,7.583732,7.534102,6.121028,3.544454,7.984316,4.614674,7.349258,7.594929,8.51816,"EFS_L5"
"195","PAPHPE",7.758823,6.238399,6.961899,5.035789,5.824583,6.847258,7.728739,7.113661,5.475575,7.256383,7.354811,5.543987,8.010996,7.383081,5.309193,6.938,7.709912,6.642642,7.239775,6.21188,6.914885,8.432479,6.228161,7.399705,7.59634,5.068456,3.893041,5.668053,5.252251,5.586417,7.075775,6.670066,"EFS_L5"
"196","PAPJLD",7.961064,5.905833,8.090488,5.097141,5.616022,7.513204,7.608307,7.168257,6.774699,7.067931,7.46821,5.245482,8.029036,7.741771,7.252917,6.959489,7.580735,7.197455,7.660492,7.319551,7.179588,7.816855,6.300638,7.103583,8.081317,4.956998,4.213263,5.940019,7.516866,6.285084,7.726024,8.594843,"EFS_G5"
"197","PAPKWN",8.617573,7.359024,8.033314,7.658254,6.201721,8.02805,8.678941,7.848062,6.1753,7.866954,7.60633,8.124347,8.823888,9.60984,7.518173,7.206225,6.459263,8.567948,9.081308,8.940984,8.119279,8.447884,8.084673,7.601753,7.409759,6.95422,4.504754,8.780338,4.805215,7.55796,8.443847,8.764143,"EFS_L5"
"198","PAPRTD",7.813984,5.719526,7.42274,4.974964,5.639007,7.397928,7.907043,7.356726,6.823768,6.891664,7.468791,5.068118,8.010766,7.67298,8.37688,6.756406,6.359705,6.909926,7.900511,7.244883,7.030032,7.887727,6.916162,6.913617,8.675845,4.711692,6.39361,5.690392,8.85091,6.435924,8.00783,8.490594,"EFS_L5"
"199","PAPSEI",7.800378,7.605967,7.593823,7.905571,6.891389,8.181582,8.807777,8.055119,6.444381,8.521051,7.843405,8.371694,8.831874,9.529318,7.192431,7.257349,7.268007,8.536012,9.31149,9.219282,8.220627,8.604261,8.720611,7.95997,8.002709,7.31528,4.765349,8.872778,4.661358,8.009014,8.598957,9.419773,"EFS_L5"
"200","PAPSKM",8.157312,7.359924,6.74111,7.647416,7.030658,7.633453,8.841751,7.375032,6.717164,8.065717,7.543404,7.565579,8.181142,9.813076,7.25414,7.207492,7.13144,8.169771,9.074054,8.796534,7.660832,8.576305,8.471406,7.913167,7.673734,6.505573,3.936363,8.232305,4.838199,7.172869,7.889946,7.379971,"EFS_L5"
"201","PAPTIP",8.129844,7.463517,8.264525,7.881633,6.840931,8.072198,8.355904,7.982283,5.32608,8.319472,7.504659,7.939131,8.884768,9.945117,6.098609,7.040497,6.604378,8.703997,9.321224,9.400617,8.415196,8.491249,8.198097,7.669051,7.95118,7.090612,4.459541,8.207778,4.535078,8.174276,8.482513,8.264182,"EFS_L5"
"202","PAPTLD",8.009832,7.796541,6.87177,7.080778,6.863504,7.158698,8.400958,7.91489,5.325224,8.201794,7.589223,7.300369,8.756995,9.733626,5.026876,7.183074,7.532603,8.284415,8.91035,7.954426,7.457922,7.751481,8.064539,7.998016,6.98915,7.172365,4.031263,9.039365,5.118419,7.297574,7.679636,5.879732,"EFS_L5"
"203","PAPTLY",8.07334,6.659123,7.059128,7.052124,6.138828,7.796542,7.641093,7.46879,6.379915,7.526694,7.459612,7.182425,8.319588,8.939673,7.274853,6.949246,6.932395,7.967533,8.493492,8.143822,7.808097,8.145195,7.622779,7.484575,7.377445,6.220242,3.816857,7.394332,4.937768,6.988233,7.928224,9.015899,"EFS_G5"
"204","PAPTMM",8.262375,7.746897,11.154633,8.011708,6.919764,9.175556,8.913023,8.196935,6.953873,8.503972,8.114046,8.594132,8.917547,9.872502,5.736676,7.495028,6.220317,8.500463,9.026577,9.060386,8.103157,8.497067,8.59775,7.701045,8.734046,7.457466,3.875569,12.067993,9.466324,8.166599,8.799663,8.296223,"EFS_G5"
"205","PAPUAR",7.720827,7.16438,6.50826,6.888867,6.474717,7.864985,8.231991,7.582258,6.266372,8.395973,7.004226,8.251563,8.156029,9.42698,6.79251,6.836897,7.139838,8.045814,8.686129,8.753258,7.935477,8.871884,7.98651,7.353535,7.571561,6.613114,3.870617,8.03144,4.962118,8.195727,7.788541,7.738407,"EFS_G5"
"206","PAPUEB",8.031681,7.127692,6.64617,7.632871,6.876908,8.332068,8.361113,7.806587,6.53408,8.244478,7.091838,8.667098,7.967888,10.05559,7.550506,6.762205,6.41511,8.455272,8.873241,9.464016,8.255842,8.603282,7.789234,7.270885,8.217885,6.975891,4.718823,8.380253,5.086089,8.429003,8.072225,8.055732,"EFS_G5"
"207","PAPUNH",7.903891,6.744123,6.221758,7.404913,6.799305,8.546236,8.525361,7.038728,6.088743,8.05136,7.5289,7.559272,8.05112,9.752476,5.329928,7.009534,6.936215,8.22584,8.412007,9.159427,8.503874,8.513195,7.458911,7.290173,8.851116,6.152859,3.870964,8.122175,4.461198,8.401324,8.270734,6.623655,"EFS_G5"
"208","PAPUTN",8.124663,7.683197,7.644021,8.12125,6.798147,8.211373,8.432835,7.468569,5.64853,8.555876,7.437071,8.081877,8.733673,9.983264,7.617264,7.350015,6.744232,8.430645,9.229273,9.301932,8.291226,8.694662,8.351843,7.80102,7.570089,7.264026,4.171236,8.459649,5.145535,7.794544,8.35336,8.971389,"EFS_L5"
"209","PAPWUC",7.624195,6.845847,7.32138,6.629603,5.928631,7.978002,8.102074,7.201416,7.847378,7.339505,7.511101,7.133683,7.992788,8.982852,8.40471,7.019688,6.062565,7.560777,8.662115,8.026615,7.416859,8.469789,8.042529,7.154541,7.910522,6.117936,4.146517,7.817805,5.159935,7.107042,8.783611,8.686924,"EFS_G5"
"210","PAPZYP",8.18412,7.170986,7.295621,7.678988,6.721503,8.779122,8.749654,8.009851,6.115996,8.561831,7.456962,8.770503,8.578105,9.95735,7.95163,7.096877,6.70175,8.52065,9.088701,9.517508,8.464181,8.762988,8.151502,7.469699,8.299067,7.327271,4.444223,8.721732,4.789221,8.158466,8.438561,10.231947,"EFS_G5"
"211","PARABN",7.442448,6.984786,7.250878,7.324841,6.402818,7.175809,8.390848,7.464029,5.422744,7.590189,7.348541,7.714767,8.732565,8.800447,6.226595,7.125957,6.749213,7.627475,8.51911,7.810512,7.485353,7.916921,7.721337,7.837096,7.138433,6.321248,4.043053,8.076769,4.850841,6.658967,8.265366,8.938412,"EFS_L5"
"212","PARACM",7.904469,6.521311,6.992631,6.949906,5.742411,7.544722,8.071628,7.180754,6.569949,7.870061,7.073655,7.135208,7.831332,9.106119,7.601299,6.80081,6.394182,7.837479,7.979856,8.32607,7.888308,8.516719,7.764641,7.175819,8.202154,6.091255,3.755321,7.679266,6.656912,7.325509,7.994039,8.905899,"EFS_G5"
"213","PARAHE",7.795948,7.192172,7.066204,5.909743,6.211031,8.145571,7.751188,7.801636,6.485967,7.703629,7.394696,7.718089,8.151338,9.303807,7.395424,6.927981,6.105287,7.716533,8.544597,7.800961,7.381917,8.542745,7.799101,7.29026,7.992764,6.582585,6.705316,8.377385,5.949125,7.642708,8.185554,9.688979,"EFS_L5"
"214","PARCWT",8.092155,7.008403,7.075659,6.752296,5.983295,8.401566,8.495652,7.618646,5.648049,7.884111,7.552153,7.772096,8.013365,8.985428,7.440985,6.676217,6.284618,7.483657,8.376023,7.933272,7.932842,8.616453,8.048878,7.346188,8.329747,6.529862,4.346493,8.150055,6.694246,7.787657,8.004768,9.056899,"EFS_L5"
"215","PARDUJ",7.510868,6.773426,6.811948,6.732317,6.088915,6.677028,7.928033,7.260683,5.638445,7.838454,7.155707,6.963537,8.044981,8.731395,6.722511,6.836583,6.886655,7.433413,8.050277,7.985029,7.648963,7.965398,7.725341,7.335225,7.343749,6.036635,4.366683,7.546312,5.445958,6.693976,7.257077,8.4706,"EFS_L5"
"216","PAREGK",7.460737,6.525146,7.51108,6.346541,5.678426,7.56796,7.743234,7.310316,5.556094,6.962413,7.315156,6.354715,8.049506,7.925164,6.944519,7.165883,6.527797,7.017509,7.845571,7.328714,7.74778,7.784332,6.972608,7.30011,7.30065,5.531036,3.852983,7.496642,4.906488,6.343016,8.135444,10.319724,"EFS_G5"
"217","PARFBW",7.674035,6.115991,7.565984,5.04201,5.965348,6.69724,7.530935,6.83716,5.477493,6.886387,7.34198,4.664919,8.103607,6.504344,6.639607,6.967883,7.688015,6.654318,7.249005,6.60489,7.063307,7.626716,6.309443,7.108992,7.306857,5.252814,4.372324,5.753577,6.746727,5.688165,7.034618,8.152564,"EFS_G5"
"218","PARGDJ",8.074358,5.94353,8.25663,5.347774,5.561615,7.568298,7.757872,7.390645,6.406526,7.176599,7.536163,6.001058,8.138614,6.710707,6.679452,6.931321,7.39162,6.948318,7.457424,7.134347,7.242246,8.427103,7.011609,7.056886,8.329856,5.09205,4.291196,6.257246,5.358864,6.28345,7.601246,8.490633,"EFS_L5"
"219","PARGUX",7.926292,7.456811,6.883728,7.041402,6.514861,8.008048,7.819189,7.449679,4.705933,7.929451,7.587244,7.763489,8.291001,8.890772,6.374455,6.956034,6.806613,7.900741,8.635772,8.530956,7.875997,7.982208,8.766692,7.631008,7.955044,6.708328,4.060301,8.282972,4.956341,7.706522,7.685788,8.185413,"EFS_G5"
"220","PARHYL",7.946239,7.374303,7.084053,7.018222,6.101576,8.12235,8.500685,7.264613,6.12417,7.365602,7.489502,7.4896,8.203989,9.35564,7.522172,6.948289,6.276215,7.655303,8.594728,8.514142,7.632856,8.013018,7.452044,7.523835,7.920301,6.315515,4.578866,8.467955,4.807068,7.35144,7.782158,9.638535,"EFS_G5"
"221","PARIKF",7.738461,7.01899,6.454155,7.692374,6.657226,8.130428,8.597957,7.880397,5.877053,7.965351,7.596415,8.479366,8.777354,9.609085,6.469912,7.21515,7.115357,8.239183,8.959982,8.972265,8.127636,8.448129,8.473892,7.658562,7.56776,6.860884,4.271231,8.173521,4.710182,7.624271,8.283281,9.964371,"EFS_G5"
"222","PARIKT",7.687311,6.622716,7.014251,4.819276,5.498199,6.98201,7.294776,6.950694,6.44006,7.113991,7.529913,4.91477,8.17082,6.492869,5.827778,7.025091,7.498183,6.20962,7.066402,6.369162,7.091531,8.257128,6.347754,7.244141,8.428793,5.551325,4.783534,5.88814,5.077777,5.967141,7.189764,6.667101,"EFS_L5"
"223","PARIRD",7.767788,7.098847,6.96657,7.351439,6.781178,7.507309,8.62907,7.741298,5.664456,8.110442,7.87885,7.400963,8.97953,8.890245,5.685432,7.250069,7.052502,7.995747,9.506915,9.12071,7.958384,8.089711,8.250037,7.887001,7.414994,6.992839,4.306966,8.617247,4.927038,6.971777,8.03533,9.191131,"EFS_L5"
"224","PARJAR",7.855508,6.734951,7.357087,6.851193,6.386765,8.657472,7.583893,7.246775,6.636265,7.335508,7.463385,7.270857,8.222524,8.891946,7.124185,6.689591,7.124215,7.112735,8.077315,7.833184,7.654713,8.461032,7.343563,7.24451,8.208839,6.13473,5.482216,7.748157,5.653251,6.697791,7.807964,9.068133,"EFS_L5"
"225","PARJTB",8.162684,7.415458,7.287717,8.313569,7.109378,8.831561,8.972571,7.912517,6.4304,8.572836,8.111851,8.720718,8.968877,10.084636,7.349594,7.3104,6.933002,8.708062,9.353008,9.527036,8.527516,8.784197,8.969058,8.119255,8.104637,7.680094,4.526553,8.86644,4.603364,8.10588,9.196158,8.732068,"EFS_L5"
"226","PARMFA",7.711917,6.293306,7.385728,4.873021,5.924314,7.835388,7.835292,7.175763,7.022919,6.874128,7.529727,5.783657,7.827976,8.093427,8.352936,6.695854,6.433943,6.92147,7.789533,7.509993,6.976758,8.149485,6.856436,6.909639,8.670124,4.979975,4.981669,6.157177,7.256091,6.697531,8.121158,9.914247,"EFS_G5"
"227","PARMTT",8.014923,7.123204,7.178989,7.012151,7.152742,8.940647,8.669443,7.981546,5.32628,8.723082,7.691949,8.21675,8.701274,8.771753,5.252788,6.760151,7.283638,8.06481,9.332094,8.435574,8.614423,8.539896,8.497286,7.853089,8.157121,7.017965,4.350069,8.483199,4.777002,8.242179,7.750981,6.645467,"EFS_L5"
"228","PARNCW",7.827309,6.922043,6.573205,7.205582,6.264562,7.601848,7.693864,7.810412,6.647736,7.936845,7.249612,7.738837,7.955696,8.801381,6.879162,6.843672,6.64785,7.872089,8.24772,8.014618,7.499561,8.453708,7.570956,7.578243,8.020922,6.622555,4.03649,7.647122,4.745868,7.455618,7.454136,7.546218,"EFS_L5"
"229","PARNEE",7.701572,7.346873,6.392335,7.567859,6.774085,7.530505,8.504769,7.883139,5.634489,7.850186,7.604021,7.459958,8.391017,9.324469,5.872078,7.256225,6.980628,7.7745,8.787056,7.937261,7.809024,8.403316,8.200067,7.696034,7.926366,6.937485,4.115906,8.097595,4.846807,7.535867,7.997747,5.89819,"EFS_L5"
"230","PARRBU",7.888862,7.064324,6.540757,7.965067,6.914244,8.629303,8.494304,7.610576,6.454359,8.087822,7.764051,8.382843,8.726713,9.427382,6.632205,7.281998,6.750925,8.252856,9.084064,9.511246,8.545149,8.273895,8.267806,7.644397,9.030461,7.096222,4.159971,8.775063,4.964708,7.7051,8.229292,7.899319,"EFS_L5"
"231","PARSEA",7.726994,7.303751,6.7598,6.976452,6.423065,6.863031,8.27298,7.226816,5.141925,7.859716,7.258621,7.090254,8.424933,8.175133,6.345785,6.993064,6.849183,7.671913,8.700351,7.396229,7.287707,7.849262,7.381705,7.474639,7.808609,6.725513,4.605274,8.282939,5.749339,6.943969,7.253229,7.941831,"EFS_G5"
"232","PARSHT",7.674776,6.17467,7.998916,7.209202,6.167164,7.268612,7.793864,7.485882,6.343312,7.38939,7.339862,6.918292,8.508605,8.693458,5.904318,6.907064,6.701763,7.318383,8.490759,8.170125,8.066979,8.321126,7.631522,7.297397,7.691541,6.287789,3.998334,7.114892,4.806632,6.525747,8.205072,5.882982,"EFS_G5"
"233","PARUXY",7.646472,6.161807,7.079043,5.360612,5.319905,7.12233,7.279311,7.149992,5.209775,6.988369,7.56745,5.256584,8.126216,7.30174,6.843417,6.898495,6.816517,6.825721,7.60075,6.516827,6.865142,7.807359,6.50764,7.158243,7.601599,5.1812,4.441067,6.017681,5.603575,5.900847,7.27791,8.528945,"EFS_G5"
"234","PARVME",7.763957,7.265854,6.600253,7.310635,6.4251,7.354311,8.586341,7.559326,5.446005,7.639331,7.469636,7.910598,8.04393,8.827724,7.020698,6.801252,7.094733,7.679089,8.930702,8.294592,7.53888,8.700588,8.257278,7.663975,7.366394,6.685601,4.517617,7.930691,4.925663,7.39924,7.842262,8.317506,"EFS_L5"
"235","PARVRR",7.794696,7.583797,6.938384,7.663641,6.556595,8.352449,8.514496,7.96249,5.829057,8.139277,7.354957,8.178879,8.47449,9.385496,6.852638,7.252792,6.132818,8.454616,9.0721,8.85115,8.026649,8.543417,8.398823,7.895348,7.766409,7.112237,4.676834,8.701998,5.161345,7.689596,8.357222,8.611608,"EFS_L5"
"236","PARXLM",7.702348,7.539227,10.489993,6.804924,6.329211,7.474495,8.178805,7.367926,5.202041,7.901473,7.454092,7.222795,8.420435,8.278605,5.724533,7.111704,6.898758,7.638781,8.724641,7.965828,6.987151,7.797862,7.645665,7.62915,7.598889,6.584802,4.207357,8.444889,11.025228,7.04973,7.590908,7.785955,"EFS_L5"
"237","PASATK",7.823122,7.647583,6.404313,7.443196,6.945513,7.278793,8.574655,7.403015,5.386719,7.982887,7.327146,7.857699,8.23171,9.500849,6.198049,6.848822,6.518777,8.004197,9.114623,8.640621,7.670363,8.33785,8.312049,7.624676,7.644217,6.959492,4.215979,8.44794,4.746519,7.858263,7.66712,6.568012,"EFS_L5"
"238","PASAZJ",7.771165,8.166457,6.591759,7.311584,7.009743,7.692377,8.825407,7.297068,6.965257,8.145117,7.547829,8.163245,8.540386,9.746555,6.9381,7.111416,6.937283,8.247685,9.051402,8.914715,8.093808,8.423995,8.694,7.840769,7.725584,7.163429,3.929911,9.825726,4.774397,7.942807,8.19554,7.967373,"EFS_G5"
"239","PASBEN",7.872252,6.871837,6.813014,6.712596,6.213407,8.060604,8.627046,7.442913,6.39805,8.230327,7.41706,7.621229,8.080452,8.474301,6.892582,6.899269,6.605457,7.665436,8.665905,8.289883,7.551497,9.205141,8.506974,7.565441,7.915826,6.516092,4.061803,7.55374,4.984967,7.337674,7.919155,8.002937,"EFS_L5"
"240","PASCKI",7.685943,7.430951,7.050745,7.279319,6.694623,7.773287,8.427341,7.769017,6.67961,7.871721,7.267346,8.17504,8.27094,9.549871,7.442906,6.910435,6.286535,8.043611,9.039332,8.780362,7.845179,8.529325,8.12276,7.465114,8.057936,6.953825,4.268689,8.568749,5.562268,7.645848,8.250595,9.013746,"EFS_G5"
"241","PASCLP",7.650212,6.783791,6.27759,7.809963,6.929227,8.705742,8.280695,8.030504,5.899734,8.089169,7.261423,9.058474,8.17776,9.758972,6.482221,6.76012,6.71196,8.430182,8.659208,9.141513,8.522712,8.857277,7.925755,7.275897,8.165356,7.164327,4.325496,8.047355,4.570426,8.359154,8.535009,8.340008,"EFS_L5"
"242","PASCUF",7.781671,6.57734,6.335768,5.776097,5.978957,6.74679,8.091699,6.996959,6.040849,7.449448,7.372784,6.338638,7.857367,8.748109,5.605796,6.79956,7.292802,7.305995,7.56614,7.634279,8.018994,8.89466,7.153608,7.206216,7.709648,5.601711,4.539949,7.303372,5.439433,7.13489,7.379519,8.451754,"EFS_L5"
"243","PASDZJ",7.747046,6.841581,7.263143,6.686091,5.96051,8.056808,8.235361,7.206571,7.477087,7.619014,7.379741,7.142737,8.254699,9.038819,8.462054,6.993182,6.675798,7.908857,8.492228,7.915644,7.512071,8.604909,7.531793,7.278689,7.581504,6.193775,4.661958,7.907123,5.149577,6.991737,8.499731,8.034038,"EFS_L5"
"244","PASFRV",8.12392,7.160336,6.685485,7.492027,6.726869,8.175933,8.332055,7.184676,6.932966,7.660218,7.310844,8.308003,8.312107,9.658325,7.758127,6.642171,6.42076,8.138219,9.018025,8.769908,7.858181,8.273814,8.120492,7.413412,7.970916,6.532244,4.32112,8.700379,4.960344,7.821558,8.24763,6.578283,"EFS_L5"
"245","PASGPY",8.087203,6.67919,6.512892,7.598051,6.245294,8.606159,7.49349,7.310438,5.626934,7.468506,7.25237,7.4657,8.149711,9.040062,6.092007,6.753724,6.921303,7.594223,7.839473,8.19361,7.531577,8.28668,7.237412,7.263917,7.325191,6.237038,4.133791,7.510533,4.859815,7.215578,7.571918,7.006929,"EFS_L5"
"246","PASJRT",7.938234,7.104024,6.652677,7.979221,6.826898,8.220426,8.717515,7.727303,5.847937,8.200302,7.557134,8.649924,8.55109,9.452039,6.273201,7.285396,6.884462,8.724175,9.450022,9.13191,8.255515,8.75816,8.663185,7.921911,7.565664,7.272569,4.091347,8.800148,4.765978,8.199344,8.504993,9.255557,"EFS_L5"
"247","PASJYB",7.810129,6.799469,6.720027,7.815019,6.644011,8.732604,8.403867,7.114509,4.391682,7.928221,7.5012,8.404151,8.517399,9.856514,5.276007,7.15603,6.878555,8.413521,9.104691,8.891537,9.107645,8.8884,8.175881,7.699319,7.944209,6.356238,3.810193,8.524615,4.679625,8.036284,8.570682,8.476561,"EFS_L5"
"248","PASKJX",7.953487,7.194406,6.403488,6.736664,6.89977,7.778151,8.532541,7.302855,5.48152,7.932034,7.412859,7.884972,8.1698,8.718728,6.17433,6.828173,7.123057,8.092176,8.875672,7.909375,7.843384,8.267266,7.951986,7.57353,7.763465,6.706318,4.183099,8.169355,4.866991,8.132988,7.475231,7.802583,"EFS_L5"
"249","PASLGS",8.28556,7.78721,6.858138,8.800473,7.290061,8.742111,8.876499,7.759299,7.011839,8.327704,7.383363,9.075882,8.4703,10.565909,6.790752,7.008304,6.403828,8.823942,9.613173,9.923821,8.746514,8.755478,8.781615,7.645743,8.233724,7.497742,4.417023,9.948054,4.577578,8.868851,8.308586,7.205591,"EFS_L5"
