"","Row.names","AHRR","BRD9","C5orf38","CEP72","CLPTM1L","IRX2","IRX4","LPCAT1","LRRC14B","MRPL36","NDUFS6","PDCD6","PLEKHG4B","SLC12A7","SLC6A18","SLC6A19","SLC6A3","SLC9A3","TERT","TRIP13","EFS_fct"
"1","PAAPFA",7.091413,7.551554,6.899688,6.836639,8.986541,7.249157,6.686772,7.480318,5.56376,6.820084,8.966108,8.15073,6.038208,6.827533,6.727503,6.276289,6.741912,7.094369,6.924545,7.658875,"EFS_L5"
"2","PACLJN",7.251389,7.062693,7.079202,6.9925,8.529749,7.225544,7.054144,7.548685,6.086353,7.03677,8.986978,7.684129,6.046428,7.049003,7.008932,6.227448,6.786138,7.075043,7.099645,6.807672,"EFS_G5"
"4","PACRYY",6.85262,7.131325,6.521288,7.257925,8.570351,6.815526,6.017576,7.476664,4.926333,7.074877,8.818176,8.000674,6.079158,7.339659,6.448993,6.062549,6.406379,6.655824,6.568772,7.115152,"EFS_G5"
"5","PACRZM",7.407346,7.021097,7.376793,6.98021,8.595332,7.371232,7.003304,7.633591,6.11116,7.45058,9.039586,7.742749,6.55157,7.322148,6.915169,6.551336,7.047483,7.243225,7.1822,6.874347,"EFS_L5"
"6","PACSNL",6.814461,7.379522,6.439347,6.704273,9.38764,7.005105,6.410086,7.863341,5.81725,7.250053,8.725128,8.222936,5.719935,6.774001,6.453799,5.961816,6.309448,6.685626,7.075841,7.645053,"EFS_L5"
"7","PACSSR",7.502991,7.471199,7.591227,7.197704,7.193843,7.464114,7.356422,7.60628,6.617457,7.020404,7.826376,7.135794,7.306029,7.033308,6.681131,6.518211,7.305395,7.406205,7.260067,6.190488,"EFS_L5"
"8","PACUGP",7.103673,7.247865,6.635558,7.155665,8.892341,7.104367,6.74737,7.559869,5.377387,6.903036,8.546014,8.07474,6.321597,6.835218,6.69313,6.29963,6.846909,6.954746,7.112356,7.531755,"EFS_L5"
"9","PACVNB",7.399413,7.128605,6.96006,7.017449,8.466574,7.280935,6.737205,8.140382,5.299323,6.651604,8.378272,7.851651,7.137276,7.863938,6.71781,6.25987,6.760299,7.099411,6.946275,6.632196,"EFS_L5"
"10","PACYGY",7.395616,6.852206,7.228008,6.814876,8.142418,7.246517,6.753358,7.332697,5.845207,6.651281,8.17499,7.722337,6.199884,7.235377,6.958258,8.384573,7.027984,6.942166,8.27278,6.445992,"EFS_L5"
"11","PACZPX",7.038902,7.270459,6.677045,7.069913,8.081235,7.262426,6.29637,7.364497,5.45468,6.75883,8.683508,7.959972,6.111737,6.922542,6.550098,6.143479,6.629468,6.949495,7.033754,7.112646,"EFS_G5"
"12","PADENF",6.93278,7.175372,6.514538,7.134812,8.463308,6.800939,6.379475,7.578353,6.175997,7.234533,8.687764,7.751343,5.674957,7.489672,6.51043,6.024487,6.380748,6.534873,8.045618,7.149751,"EFS_G5"
"13","PADFLI",7.196112,7.150126,6.660047,7.463781,8.643166,6.836439,6.642012,7.56129,5.829927,7.11657,8.66956,7.254217,6.065135,6.857585,6.554663,6.077716,6.653948,6.631268,6.693487,7.669461,"EFS_G5"
"14","PADHWC",6.882757,6.65594,7.138223,5.900989,8.09601,7.444308,6.33311,7.686962,5.202827,6.600106,8.267262,7.513388,5.75417,7.24454,6.532982,5.837836,6.695995,6.88451,6.692137,4.962499,"EFS_L5"
"15","PADIEY",7.145709,6.961548,6.749952,6.911724,7.816401,7.036646,6.53978,7.200378,5.824827,6.931413,8.142902,7.550844,5.948909,7.028633,6.499014,6.511489,6.79907,6.741082,7.325757,6.50513,"EFS_G5"
"16","PADIHC",7.14666,7.129953,6.91954,7.191723,8.593689,7.164556,6.813814,7.313551,5.951073,6.962806,8.793236,8.036259,5.992246,7.780134,6.669376,6.326182,6.855761,6.901606,7.013653,6.811715,"EFS_L5"
"17","PADINC",7.017782,7.194888,6.535888,6.993414,8.481296,7.123249,6.085934,7.811395,6.07771,7.132391,8.63482,7.960248,5.969564,7.440273,6.251331,6.067765,6.70645,6.78479,6.796348,6.688908,"EFS_L5"
"18","PADIRB",7.483495,7.256812,6.668512,7.027981,9.13647,7.094326,6.96486,7.870331,5.6347,7.43397,8.854186,7.822954,5.963233,6.726327,6.667912,6.095351,6.968676,6.603557,7.550672,7.639728,"EFS_L5"
"19","PADKFS",7.214034,6.948451,6.940303,6.970294,8.381561,7.211991,6.757957,7.736327,5.132363,7.16752,8.88917,7.727934,6.229155,7.244974,6.493526,6.285049,6.838937,6.843774,6.902943,6.757139,"EFS_L5"
"20","PADKFU",7.15032,6.808716,6.845803,7.147588,7.91091,7.068872,6.541937,7.434541,5.27978,6.485199,8.568098,7.646573,5.908807,7.338923,6.478757,6.01541,6.686219,6.802757,6.878977,6.827122,"EFS_G5"
"21","PADKGF",6.976371,7.009825,6.554048,6.808587,8.81937,7.182051,6.728429,7.640026,5.50265,7.285976,8.88532,8.07894,5.937843,7.58351,6.644128,6.078789,6.676036,6.844681,6.798822,6.776464,"EFS_G5"
"22","PADKNE",7.087228,7.038787,7.20654,7.006978,8.683902,7.059482,6.943601,7.131594,6.051263,6.963224,8.933224,7.724257,6.028021,6.734046,6.660707,6.19809,6.847065,6.887891,7.033381,7.331364,"EFS_L5"
"23","PADKRU",7.019143,6.540605,7.13798,6.630934,7.449871,7.079452,6.728242,7.196195,5.664377,6.483673,7.796986,7.200121,5.991736,7.239518,6.546701,6.184467,6.822888,6.707457,6.794954,5.720591,"EFS_L5"
"24","PADKVV",7.222811,7.000683,6.979998,6.708794,8.135747,7.134263,6.747527,7.767376,5.438713,6.697154,8.506844,7.742068,6.1037,7.786584,6.496868,6.282585,6.548696,6.861199,6.978165,5.797476,"EFS_L5"
"25","PADKXS",7.229336,7.215218,7.062745,7.351838,8.286063,7.336978,6.966242,7.84277,6.016707,7.192384,8.773512,7.812506,7.141092,7.358573,6.74681,6.217917,6.913345,7.05731,7.199754,7.69381,"EFS_L5"
"26","PADKYP",7.263494,6.658452,7.365062,6.888661,8.513484,7.500223,7.073799,7.541633,5.57663,7.338277,8.702578,7.631398,6.380328,7.509613,6.831654,6.374953,7.057712,7.026862,7.266878,6.803633,"EFS_L5"
"27","PADLDA",7.409224,6.888465,7.217208,6.665815,9.175212,7.511419,6.844798,7.971713,5.689153,7.424123,8.572376,8.159861,6.643489,7.772009,6.727382,6.543461,7.062323,7.190559,7.265502,6.895266,"EFS_L5"
"28","PADLDT",7.236478,7.169127,7.08341,7.375771,8.865013,6.984671,6.731693,7.907393,6.153513,7.524076,9.166548,7.554567,6.928555,7.259715,6.57182,6.210221,6.879158,6.912437,7.014508,7.226274,"EFS_L5"
"29","PADLES",7.078488,7.143667,6.509642,6.863945,8.281934,7.257581,6.710094,7.426442,5.87681,6.909787,8.51716,7.90436,5.955335,7.664026,6.55645,6.433838,6.438778,6.769582,7.035612,7.123653,"EFS_L5"
"30","PADLIC",7.016365,6.809366,6.914922,7.092101,8.227279,6.997907,6.440516,7.37819,5.46266,6.649453,8.452856,7.830959,5.982017,7.330498,6.639651,6.168959,6.71079,6.90272,6.82086,6.460543,"EFS_G5"
"31","PADLJN",7.191307,6.785769,7.063447,6.910129,8.28038,7.402809,6.746739,7.65747,5.79446,7.040767,8.653544,7.648677,6.048462,7.041217,6.555178,6.374687,6.771807,7.009669,7.012812,6.806343,"EFS_L5"
"32","PADLKJ",7.116999,7.140478,6.77402,7.383269,8.785374,7.186559,6.617765,7.781821,5.74987,7.454733,9.220538,7.565044,6.408438,7.617672,6.476996,6.460623,6.822694,6.711509,7.179614,7.436293,"EFS_L5"
"33","PADLNM",6.966972,7.293348,6.258553,7.237425,8.579276,6.868326,6.302279,7.459081,5.45344,6.914526,8.867744,7.900848,7.380173,7.735047,6.469397,6.107395,6.758098,6.806787,6.892871,8.015,"EFS_L5"
"34","PADLPR",7.206243,7.239104,6.909142,7.245172,8.726347,7.21519,6.658596,7.461583,5.739213,6.553773,8.580744,7.848829,7.147742,7.527049,6.775664,6.319975,6.873616,6.847403,7.084022,7.316921,"EFS_L5"
"35","PADLPZ",7.059874,6.839618,6.685773,6.884885,7.786473,7.197604,6.700902,7.249085,6.024617,6.9692,8.435586,7.381506,6.119825,7.02906,6.839117,6.38392,6.871907,6.89751,6.925203,6.244465,"EFS_L5"
"36","PADLTD",7.326156,7.242662,6.857477,7.4549,8.316039,7.061679,6.55572,7.542261,5.16897,7.601421,8.63773,7.557939,6.560763,6.944982,6.571184,6.147102,6.785525,6.850753,7.06291,7.316847,"EFS_L5"
"37","PADMGA",7.402702,6.705408,7.218475,6.585185,8.450658,7.298939,6.999824,7.915753,6.519623,7.374709,8.547468,7.766871,6.08449,7.776809,6.655507,6.338442,6.908804,7.404752,7.293114,5.566799,"EFS_L5"
"38","PADMTD",7.061925,7.157625,6.748308,7.334301,8.69258,6.947616,6.645309,7.718604,5.611967,7.65616,9.212412,7.554966,7.115226,6.727637,6.219756,5.912448,6.691454,6.382643,6.788068,7.610364,"EFS_L5"
"39","PADMVB",7.394921,6.585215,7.066377,6.954115,7.940279,7.503841,7.045077,7.454968,6.57032,6.762796,8.459758,7.220829,6.311669,7.229001,6.937156,6.443773,6.822448,7.349656,8.15408,6.488354,"EFS_L5"
"40","PADMXD",7.038911,7.568289,6.531617,7.221097,8.837679,7.156171,6.629017,7.899622,5.454677,7.744406,9.319244,7.999992,6.914245,7.087625,6.300407,5.824507,6.463963,6.679508,6.733122,7.902213,"EFS_L5"
"41","PADMYD",7.053764,6.961856,6.797925,6.430603,8.850956,7.039481,6.515084,7.35492,5.72414,6.82254,8.513038,7.910089,5.985587,7.402298,6.515189,6.10663,6.734627,6.824986,6.939272,7.43839,"EFS_L5"
"42","PADNFT",7.059533,7.204013,6.90746,6.985541,8.878882,7.09537,6.455175,7.315756,5.913007,6.694437,8.71584,8.077619,5.736789,7.168597,6.428002,6.253565,6.568302,6.869754,6.952067,7.645087,"EFS_L5"
"43","PADNNX",7.132917,7.172518,7.057053,7.014098,8.430147,7.068373,6.434858,7.810144,5.140303,6.937007,8.745462,7.884659,5.886594,7.489462,6.181309,6.024435,6.646438,6.827157,6.851467,6.999994,"EFS_L5"
"44","PADNXC",7.114634,7.191895,6.961467,7.195121,8.645539,7.529931,6.645236,7.562099,5.26887,7.563611,9.2191,7.661673,6.784489,7.121128,6.573439,5.998261,6.642027,6.846388,7.124164,7.49149,"EFS_L5"
"45","PADPCI",6.854036,7.109989,6.861445,6.847302,8.647922,7.095126,6.347962,8.035153,5.579193,7.203789,8.747666,8.238052,5.911522,6.858151,6.401837,5.772031,6.121843,6.619644,6.674329,6.878088,"EFS_L5"
"46","PADPEY",7.216571,7.333301,6.740023,7.334409,8.127473,7.28657,6.667416,7.831139,5.576023,7.506773,8.86089,7.539438,6.709995,6.69827,6.743211,6.050636,6.843948,7.024215,6.993392,6.99029,"EFS_G5"
"47","PADPHP",7.328087,7.073544,7.282308,7.129902,9.304062,7.232251,6.936512,7.774305,6.37541,7.24775,9.104552,8.340745,6.71685,7.678814,6.794792,6.46961,6.782057,7.059283,7.37457,7.795207,"EFS_L5"
"48","PADPMU",7.201653,7.425671,7.194833,7.147037,8.773925,7.325311,6.905241,7.597923,5.328463,7.101303,8.764422,8.110275,6.580563,7.346206,6.708841,6.466916,7.039283,7.233465,7.1349,7.411642,"EFS_L5"
"49","PADPRJ",7.16588,7.069509,6.499478,7.246382,8.67097,7.078009,6.363563,7.559329,5.87378,7.254337,9.003958,7.567514,5.979885,7.318059,6.399372,6.187617,6.545842,6.758183,6.780114,6.838533,"EFS_L5"
"50","PADRYN",7.424525,7.006136,7.402463,7.16848,7.809842,7.534378,6.888978,7.393427,5.97899,6.69854,7.933452,7.551883,6.377225,7.139251,7.047955,6.464408,7.298124,7.346622,7.392557,6.261537,"EFS_L5"
"51","PADSEC",7.16161,6.744315,6.827497,7.152966,8.254926,7.289549,6.946327,7.509719,6.098473,7.133014,8.77917,7.88963,6.060019,6.666193,6.483979,6.095881,6.763653,6.885273,6.859886,6.975043,"EFS_L5"
"52","PADSMF",7.181979,7.10594,6.842592,7.12716,8.290531,7.157048,6.383077,7.367936,5.368383,6.521107,8.647652,7.665955,6.075797,7.195691,6.645822,6.332286,6.78246,6.855768,7.03291,6.841031,"EFS_G5"
"53","PADSXE",6.994648,7.016124,6.640095,6.978385,8.642584,6.88564,6.648153,7.462761,4.705657,7.18674,9.025292,7.857224,5.95865,7.149983,6.09589,5.866929,6.443108,6.620525,6.519358,7.186478,"EFS_G5"
"54","PADSXU",7.038078,7.21052,6.71604,6.510128,8.905686,6.834006,6.564135,7.510682,5.16512,7.064294,8.689916,7.595459,6.785876,7.488976,6.429178,6.118131,6.651513,6.795456,6.78596,7.18596,"EFS_L5"
"55","PADTCU",6.886583,6.526873,6.998328,6.459764,7.585477,7.223476,6.702728,7.267407,5.76761,6.488303,7.724344,6.922018,5.995846,6.852757,6.758519,6.472866,6.518987,6.839024,6.750123,6.061198,"EFS_L5"
"56","PADTJJ",7.017492,7.375929,6.746332,7.330851,8.681028,7.452665,6.4588,7.673423,5.97435,7.768826,9.027924,7.508773,6.852772,6.545716,6.449687,6.211791,6.778446,6.947641,6.776709,7.522143,"EFS_G5"
"57","PADTRV",6.96558,7.184745,6.61323,6.673802,7.531394,7.208339,6.550554,7.408116,5.661833,7.229859,8.305272,7.552938,5.750746,6.943828,6.454361,6.13936,6.353597,6.602002,6.750358,5.404336,"EFS_G5"
"58","PADUKP",6.772586,7.159292,6.297457,6.56348,8.368622,7.156561,6.649807,7.388673,5.42208,6.53586,7.486088,7.995758,6.031388,6.836997,6.422837,6.021289,6.314924,6.595472,6.878093,5.9714,"EFS_L5"
"59","PADUWR",7.022093,7.209409,6.567982,7.06115,8.481491,6.981691,6.465092,7.595236,5.87504,7.10274,9.166358,8.27956,5.653314,6.826059,6.134527,5.646802,6.538394,6.682983,6.668998,7.058703,"EFS_G5"
"60","PADUYJ",6.972639,7.588212,6.811012,7.464937,8.669921,6.844375,6.427417,7.760677,5.6367,7.160787,8.72047,7.81505,7.228425,6.890894,6.474858,5.655629,6.71372,6.695619,7.383101,7.615734,"EFS_L5"
"61","PADVSN",7.064094,6.601828,7.264125,6.569962,7.474308,7.577362,6.589761,7.492092,5.469093,5.86553,6.499184,7.385068,6.575719,7.774858,6.285621,6.266295,6.466903,7.261489,7.381465,6.733584,"EFS_G5"
"62","PADVWW",6.875173,7.295951,6.459133,6.876593,8.890105,6.896065,6.202676,7.363115,5.4772,6.881559,8.541318,8.208452,5.619043,6.965761,6.067484,5.930143,6.480349,6.576586,6.676145,7.412624,"EFS_G5"
"63","PADWEN",7.16139,7.05348,6.55877,7.443646,8.081226,7.066713,6.391974,8.547398,5.238297,7.017657,8.93046,7.784958,6.805804,7.515012,6.541082,6.075193,6.627392,6.927138,6.915479,6.962222,"EFS_L5"
"64","PADWIM",7.247815,6.610609,6.76953,6.562023,8.181987,7.492479,6.787619,7.40309,6.099317,7.460856,8.744238,7.870683,5.976305,7.16559,6.597302,6.077297,6.913339,6.922613,6.997325,6.310622,"EFS_L5"
"65","PADWSM",6.993464,7.108782,6.852087,7.011604,8.597861,7.086342,6.803356,7.328766,5.211533,7.319547,8.852524,8.209182,5.900736,7.009829,6.407695,6.029814,6.606058,7.026066,6.825315,7.525044,"EFS_G5"
"66","PADWVR",7.233434,6.871886,6.955265,6.78648,8.398536,7.124089,6.604561,7.296443,5.61577,7.536193,8.95255,7.738289,6.178098,6.615324,6.661082,6.269284,6.854738,6.929255,6.940958,7.364182,"EFS_G5"
"67","PADXAS",7.087397,6.91212,6.934332,6.753988,8.209884,7.117658,6.718476,7.300175,5.760853,7.098239,8.83096,7.665537,5.974483,7.194316,6.763356,6.272548,6.733014,6.819459,6.916831,6.512728,"EFS_G5"
"68","PADXBB",7.37895,6.702038,6.920092,6.624471,7.548241,7.614266,6.625422,7.366207,4.611693,6.865481,8.17519,7.590781,6.215007,7.068353,6.943598,6.656186,7.182484,7.267583,7.2382,6.254115,"EFS_L5"
"69","PAIDJS",7.002576,7.064331,7.064715,6.883656,8.429998,7.467204,6.78598,7.613223,5.217973,7.058866,8.115842,7.750115,6.115918,7.171039,6.507324,6.193439,6.707048,6.948888,6.855783,6.351171,"EFS_G5"
"70","PAIEIF",7.161573,7.256018,6.918927,6.65394,8.735941,7.154289,6.563043,7.507902,5.439913,7.327323,8.644376,8.287129,5.942986,6.923877,6.56562,6.198925,6.819747,6.832127,6.932174,7.365653,"EFS_L5"
"71","PAILZJ",7.226562,7.104859,6.978878,6.782957,8.321639,7.282617,6.789404,7.426075,5.829577,7.349957,8.787648,7.649575,6.033208,7.440383,6.711494,6.240789,6.538652,6.912535,6.994893,6.900777,"EFS_L5"
"72","PAIMDS",6.765393,6.68641,6.435562,6.391046,8.206769,6.904864,6.124321,7.54228,5.477783,6.974091,8.598072,7.881509,5.430966,6.680829,6.034006,5.756945,6.01704,6.531238,6.462379,5.535202,"EFS_L5"
"73","PAIPGU",7.067576,7.128761,6.907007,7.101272,8.235244,7.11776,6.737424,7.167834,5.839147,6.953944,8.871464,7.927556,6.016754,7.236729,6.574662,6.308179,6.624332,6.930461,6.741556,7.306919,"EFS_L5"
"74","PAIPUD",6.913714,7.112235,6.626917,6.619283,7.874636,7.015499,6.332732,7.561113,5.326067,7.285821,8.514502,7.881107,6.40365,6.733009,6.203068,5.908303,6.490384,6.543664,6.566268,6.24985,"EFS_G5"
"75","PAIRDP",7.053022,7.073195,6.778425,7.236996,8.110927,7.254819,6.680278,7.597598,6.11173,7.270026,8.531022,7.413415,6.977737,6.990247,6.675225,6.239414,6.613715,6.940514,6.910946,7.22538,"EFS_L5"
"76","PAIRIK",7.271957,6.856692,7.006273,6.888114,7.852443,7.324195,6.628764,7.57419,5.752687,7.010836,8.303088,7.517269,6.091164,6.953001,6.642736,6.461315,6.693753,6.847918,6.919114,6.394758,"EFS_G5"
"77","PAIRLN",7.312182,7.285845,7.298063,7.29804,8.49258,7.169604,6.843391,7.709726,5.298567,7.386436,8.86536,7.684141,7.041994,7.481796,6.64156,6.295761,6.619619,6.950764,7.163879,7.503642,"EFS_G5"
"78","PAISNS",7.125463,6.921824,6.94025,7.319759,7.974208,7.027657,6.755116,7.237351,6.073573,6.783204,8.514002,7.466338,6.910893,7.143565,6.697187,6.456769,6.658229,6.834132,6.83542,7.123284,"EFS_L5"
"79","PAITCI",7.290106,7.624945,6.972448,7.018296,9.475214,7.325691,6.787815,7.596003,6.099823,6.827291,8.204922,8.065258,6.544799,7.872864,6.642841,6.619559,6.705101,7.143482,7.039902,7.704938,"EFS_L5"
"80","PAITEG",7.217659,6.903293,7.179153,6.544537,8.588429,7.453251,6.849234,8.335817,5.738327,7.425867,8.705082,7.762253,6.076479,7.880594,6.7214,6.424708,6.831725,7.093894,7.434115,5.533673,"EFS_L5"
"81","PAITRM",7.123673,7.030529,6.875368,6.978475,8.175814,7.301973,6.304384,7.322374,5.37395,7.185423,8.597316,7.564352,5.833057,6.905393,6.340743,6.157245,6.48204,6.811159,6.660128,6.893421,"EFS_G5"
"82","PAITZV",7.376799,7.547079,7.124187,7.369619,8.858398,7.454525,6.855042,7.563287,5.91501,7.194171,8.813448,7.85958,6.097239,7.08632,6.738842,6.426352,8.34531,7.126834,7.587502,7.592023,"EFS_G5"
"83","PAIUJB",7.019797,7.544963,6.727907,7.341134,7.912289,6.971698,6.513817,7.539241,5.26234,6.963099,8.452718,7.761684,6.823066,6.863314,6.456161,6.097927,6.660874,6.630833,6.995314,7.548071,"EFS_L5"
"84","PAIVHE",7.306586,7.226097,7.076878,7.182229,7.91162,7.294418,6.88035,7.544825,5.651307,6.9908,8.473606,7.610074,6.173764,7.408641,6.771269,6.485046,6.804467,7.043813,7.923843,7.048335,"EFS_L5"
"85","PAIVMJ",6.961595,7.194635,6.526962,6.866407,7.951539,7.162343,6.501846,7.458425,5.183993,6.859344,8.346188,7.514206,6.037313,7.043266,6.311707,5.882987,6.440645,6.716149,6.645934,6.811715,"EFS_G5"
"86","PAIVZR",7.271495,7.27905,7.186245,7.156811,7.87775,7.311475,6.755382,7.370629,5.94431,6.926836,8.424668,7.508199,7.055023,6.918823,6.795713,6.42991,6.835395,7.023251,6.994076,6.776682,"EFS_L5"
"87","PAIWHU",7.276614,7.049371,7.114493,6.988295,8.224871,7.37016,6.788176,7.729627,6.08498,7.038744,8.554748,7.836293,5.948594,7.02616,6.56938,6.432663,6.710709,6.864099,7.035635,6.349817,"EFS_G5"
"88","PAIWVG",7.439209,6.905828,7.395138,6.985193,8.061636,7.705864,7.210823,7.567959,5.825133,7.189284,8.792386,7.173827,6.229298,7.209747,6.947026,6.391736,7.022126,7.421851,7.286592,6.608551,"EFS_L5"
"89","PAIXLC",6.790754,7.176854,6.221115,6.890236,8.436931,7.090641,6.517132,7.661644,5.40473,7.115777,8.301092,7.626629,5.664698,6.933249,6.425278,5.838801,6.346621,6.571176,6.677255,6.329835,"EFS_G5"
"90","PAIXNG",7.141299,7.233603,7.023403,7.556232,8.468101,7.397549,6.929066,7.743124,5.829603,7.279093,8.857018,7.82003,7.252485,7.866075,6.603218,6.183798,6.523997,6.986092,7.018593,7.392862,"EFS_L5"
"92","PAJYHP",7.129544,7.270662,6.9693,7.095838,8.05966,7.16098,6.446355,7.315269,5.825613,6.882606,8.389494,8.028032,6.008106,7.459319,6.643306,6.16603,6.642427,6.797292,6.935798,7.11743,"EFS_L5"
"93","PAJYLA",7.195115,7.174833,7.302383,6.907237,9.289683,7.514579,7.067397,7.723497,5.931117,7.474733,8.806902,7.806253,6.778423,7.611221,6.87682,6.621468,7.128335,7.262268,7.338674,7.438507,"EFS_L5"
"94","PAJYVA",6.974696,7.601051,6.744658,7.41312,8.394915,7.200561,6.808402,7.892231,5.842127,7.012999,8.306474,7.884502,6.635132,7.684315,6.359693,6.02477,6.683786,6.810991,7.231523,7.047857,"EFS_L5"
"95","PAJZUU",7.350477,7.264078,7.438103,6.999088,9.113635,7.67807,7.235194,8.039457,5.48475,7.373516,9.140064,7.6368,7.071573,6.7683,6.824649,6.30438,7.002125,7.336567,7.384259,6.889245,"EFS_L5"
"96","PAJZWL",7.037802,7.076533,6.895907,7.165588,8.61833,7.06714,6.672959,7.423736,5.57844,6.805459,8.548388,7.849853,5.924834,7.238764,6.497841,5.969251,6.534038,6.592558,6.91167,7.212583,"EFS_L5"
"97","PAKACY",7.046212,6.976242,7.025803,7.028038,8.262784,7.116575,6.730063,7.222126,5.66566,7.273773,9.108246,7.427889,6.442297,6.807752,6.428313,6.046845,6.703456,6.560447,6.870853,7.226826,"EFS_L5"
"98","PAKADI",6.978624,6.979387,6.761307,6.591427,8.192997,7.038459,6.434743,7.875767,5.697987,7.133163,8.559442,8.126851,6.07426,7.168798,6.373513,6.041304,6.506933,6.525162,6.8578,5.752835,"EFS_L5"
"99","PAKAFK",6.997904,7.230675,6.458832,7.072942,8.492327,6.910001,6.589332,7.402893,5.77208,6.630451,8.5751,7.918512,5.8516,6.902028,6.394356,5.643816,6.352459,6.686551,6.761031,6.662476,"EFS_G5"
"100","PAKANZ",6.953188,6.978226,6.444447,7.195093,7.997084,7.238573,6.241406,7.537257,4.938487,6.752501,9.00514,7.570063,5.812749,6.764295,6.663699,5.953432,6.543748,6.7023,6.7625,7.00616,"EFS_L5"
"101","PAKDHL",7.165833,7.085512,6.989263,7.15664,8.260242,6.992918,6.451687,7.601487,5.767733,7.085796,8.51697,7.843324,6.20164,7.080141,6.639512,6.281856,6.839841,6.805681,7.208586,6.974444,"EFS_L5"
"102","PAKGCI",7.138443,6.833415,6.902343,7.001069,8.003357,6.833863,6.918528,7.269185,5.5097,6.956014,8.450924,7.616583,6.027661,6.824015,6.519063,6.101517,6.573502,6.699679,6.874361,6.319267,"EFS_G5"
"103","PAKGKH",7.511142,6.790499,7.243465,7.041084,8.942567,7.667379,7.374216,8.197918,6.18125,7.535674,9.595858,7.504038,6.160796,7.165034,7.006697,6.709333,6.741276,7.433899,7.305292,7.27031,"EFS_L5"
"104","PAKGMY",7.454536,7.137755,7.522645,7.443536,8.606759,7.618691,7.115253,7.755541,6.36787,7.070043,8.567648,7.66784,7.200327,7.076206,6.837426,6.536914,6.892498,7.349674,7.473552,7.519176,"EFS_L5"
"105","PAKHAV",7.508643,6.593627,7.242193,7.202241,8.735251,7.769719,7.49083,8.195196,6.24548,7.449321,8.82257,7.288782,6.075972,7.505632,6.839678,6.689481,6.882471,7.481369,7.287393,7.253059,"EFS_L5"
"106","PAKINP",6.90062,7.169427,6.347513,6.828234,8.32108,7.126086,6.764023,7.813716,5.590233,7.032316,8.550562,7.717192,5.654379,6.639346,6.187382,5.964866,6.39691,6.752582,6.718409,6.48476,"EFS_G5"
"107","PAKJBA",7.136622,6.87432,6.591415,7.477768,8.682313,7.227549,6.875959,8.156809,5.356367,7.426913,8.754496,7.246941,6.981849,7.421144,6.302489,5.78119,6.614885,6.733908,6.872532,8.007447,"EFS_G5"
"108","PAKSWB",6.858378,7.198389,6.642173,7.034311,8.454373,7.005463,6.492061,7.821329,5.785917,6.846581,8.475902,7.626436,5.62948,6.601981,6.127336,5.785286,6.495286,6.547783,6.659169,7.043766,"EFS_G5"
"109","PAKUXT",7.288205,7.265367,6.75601,7.003614,8.778664,7.200547,6.476188,8.025108,5.55532,7.275064,8.775432,7.879321,6.067729,7.610606,6.557583,6.206199,7.583231,6.846104,6.868316,7.417645,"EFS_L5"
"110","PAKWCJ",7.184125,6.967062,7.123103,6.882542,8.091217,7.264131,6.944933,7.43414,6.240503,6.819181,8.3329,7.501114,5.940791,6.984835,6.783416,6.324382,6.782761,6.992367,7.044715,6.326868,"EFS_G5"
"111","PAKXDZ",7.183183,7.992605,6.854892,7.516142,8.990083,7.247979,6.881688,8.063231,5.84411,7.81111,9.49539,8.08971,7.414337,6.847068,6.639729,6.110617,6.693173,6.902528,7.335279,7.841548,"EFS_L5"
"112","PAKYZS",7.340063,6.551809,7.261073,6.612154,7.849175,7.523839,7.108248,7.467258,5.988233,6.826814,8.285626,7.463104,6.292764,7.075819,6.728893,6.45154,6.783362,7.171478,7.157563,5.345806,"EFS_L5"
"113","PALAWZ",7.059191,7.505916,6.732622,6.567753,9.444811,7.141924,6.716684,7.520584,6.078363,7.230507,8.413488,7.943428,5.933197,7.720172,6.529687,5.966453,6.942069,7.057189,6.904935,7.463885,"EFS_L5"
"114","PALBFV",6.906733,7.676966,6.585278,7.648176,8.844306,6.983866,6.536021,7.757548,5.170493,7.407653,8.764054,7.797079,6.326727,6.792987,6.241306,5.92685,6.771511,6.478006,6.898822,8.204495,"EFS_L5"
"115","PALBFW",7.167772,7.088209,6.654982,6.736732,8.115953,7.016024,6.524769,7.75373,5.12248,6.914902,8.632412,7.712184,5.738859,6.87411,6.440413,5.978786,6.843409,6.639861,6.82829,6.025607,"EFS_L5"
"116","PALEAC",7.017283,6.83578,7.006683,6.906646,8.01136,7.028365,6.642764,7.62231,5.774743,6.81504,8.139318,7.346684,6.043696,6.929351,6.383053,6.068814,6.560555,6.630099,6.620204,6.277445,"EFS_G5"
"117","PALEBK",6.88319,7.074057,6.569267,6.807852,8.104936,6.948127,6.638465,7.471472,5.748533,7.061699,8.360582,7.544126,5.730751,6.77865,6.250003,6.01297,6.4394,6.611699,6.725399,7.086738,"EFS_G5"
"118","PALETP",7.170517,6.963442,7.093233,7.318694,8.438666,7.163124,6.593691,7.535794,5.845097,7.110477,8.868544,7.617016,6.630724,6.903349,6.523686,6.285593,6.676802,6.846648,7.041533,7.525586,"EFS_L5"
"119","PALFRE",7.582608,6.719221,7.556487,7.024908,8.127685,7.719231,7.390904,7.715642,6.28418,7.484797,8.377974,7.649471,6.660034,7.790622,6.843231,6.654429,6.981726,7.342403,7.171463,5.90838,"EFS_L5"
"120","PALFSE",7.075215,6.966133,6.869507,6.855974,8.736099,7.239749,6.494185,8.000803,5.196227,7.727126,9.43094,7.772005,5.903004,7.42524,6.375025,5.963482,6.363487,7.080433,6.877462,6.056498,"EFS_G5"
"121","PALGFF",7.188864,7.191111,6.921853,6.870482,8.324589,7.312148,6.875296,7.709131,5.87262,7.14393,8.859494,7.899058,6.206374,6.883363,6.451204,6.217991,6.803006,6.945247,6.932606,6.324827,"EFS_L5"
"122","PALHVD",7.443752,7.793131,7.021397,7.720235,8.402651,7.343842,6.787795,7.520551,6.110013,7.117146,8.633574,8.05155,7.327215,7.665423,6.782938,6.617831,6.857471,7.118184,7.758328,7.880559,"EFS_L5"
"123","PALIIN",6.923943,7.397923,6.664975,7.013356,8.584615,6.886608,6.224544,7.580949,5.58065,7.243483,9.103652,7.703631,6.974778,7.672876,6.161828,6.020654,6.447778,6.312942,6.966199,7.756076,"EFS_L5"
"124","PALKKV",7.071415,6.859033,6.642317,6.6202,7.815054,7.039798,6.470129,7.438377,5.51873,7.074899,8.234224,7.707575,5.872046,7.129328,6.483546,5.945539,6.500318,6.774594,6.707094,5.788704,"EFS_G5"
"125","PALKUC",7.563781,6.795386,7.37125,7.149366,8.170675,7.612524,7.295011,7.635158,5.745697,7.215016,8.324842,7.372348,6.948179,7.461048,6.941736,6.660678,7.202071,7.583989,7.433212,6.601515,"EFS_G5"
"126","PALLJJ",7.396421,6.837716,7.127135,6.758718,9.494395,7.795191,7.369136,8.395609,5.908197,7.433873,9.0567,7.586292,6.105439,7.2314,6.872244,6.630047,7.271111,7.483947,7.782597,6.193858,"EFS_G5"
"127","PALNFE",7.188799,7.175542,6.901488,6.845969,7.919992,7.636146,6.789704,7.40715,5.201853,7.179177,8.115766,7.742909,5.85517,6.649331,6.517638,6.123816,6.50879,6.827348,7.052232,6.268413,"EFS_G5"
"128","PALNHZ",7.31001,7.24475,7.053473,7.505133,8.581602,7.216185,6.709211,8.176928,6.558567,7.323553,8.686648,7.184471,6.577136,7.35229,6.829645,6.385351,6.846875,7.025596,7.595797,7.638483,"EFS_L5"
"129","PALNVP",6.99921,7.126747,6.916622,6.792435,8.655803,7.103615,6.635341,7.970905,5.380817,7.382526,9.048502,7.857558,5.726624,7.444203,6.230258,6.144077,6.460539,6.526162,6.643664,7.288062,"EFS_G5"
"130","PALPIN",6.927049,7.105585,6.8166,6.893761,8.065181,7.324093,6.715733,7.464988,5.75395,6.594924,8.29045,7.488142,6.293348,7.043156,6.391894,6.174818,6.495773,6.80745,6.732746,6.069266,"EFS_G5"
"131","PALPSY",6.836394,6.95797,6.300567,6.941477,7.965631,6.883036,6.61782,7.376019,5.687207,6.813777,8.298806,7.229931,5.842211,6.754452,6.248372,5.940705,6.523313,6.607904,6.75998,6.471483,"EFS_G5"
"132","PALSAE",7.282311,7.248973,7.186793,7.445338,8.652433,7.255276,6.729464,7.80712,6.16932,6.976739,8.732122,7.859313,6.674658,7.016131,6.706439,6.500048,6.649305,7.061131,7.404194,7.339004,"EFS_L5"
"133","PALTYB",6.949024,6.781078,6.943103,6.359,8.785098,7.244785,6.743002,8.380409,5.498837,7.342153,8.844282,7.448002,5.699195,7.145067,6.388122,5.921012,6.991017,6.866637,7.056563,5.622292,"EFS_L5"
"134","PALUDH",7.307616,6.864835,7.094032,7.025339,8.861496,7.250586,7.001372,7.63285,6.017707,7.361363,9.085706,7.873943,6.100147,7.469303,6.866052,6.423419,9.0578,7.023423,7.145752,7.030135,"EFS_G5"
"135","PALUYS",6.996631,7.32513,6.838515,7.361755,8.371992,7.033194,6.818605,7.627118,5.62533,6.945244,8.350988,7.69269,6.197294,7.251038,6.472345,6.356747,6.600457,6.772137,7.491038,8.058003,"EFS_L5"
"136","PALVKK",7.074428,6.789874,6.808808,6.546784,8.24998,7.330294,6.764175,7.618919,5.439197,6.95933,8.421024,7.513944,5.888067,7.401398,6.473018,6.109096,6.620169,6.693361,6.866897,5.859186,"EFS_L5"
"137","PALVUC",7.279704,6.697559,6.907858,6.78463,7.797127,7.437681,6.854974,7.667784,5.994523,6.636163,7.896728,7.193342,6.441556,6.978572,6.642483,6.366705,6.851934,7.089971,7.039333,5.98566,"EFS_G5"
"138","PALVVH",6.874954,7.175964,6.506083,6.961664,8.057188,6.861922,6.378308,7.689691,5.285033,6.965624,8.439526,7.656594,5.687176,6.69401,6.137627,5.818361,6.320497,6.494913,6.687863,6.702151,"EFS_G5"
"139","PALWBT",7.24743,6.875047,7.123907,6.517812,8.473975,7.617906,7.104286,8.255662,5.962943,6.885247,8.683872,7.565496,5.960814,7.140639,6.501635,6.331695,6.816413,7.02842,7.174901,5.677356,"EFS_G5"
"140","PALWSJ",7.029543,6.794608,7.077777,7.073132,8.846342,7.327303,6.899771,7.802826,6.177207,7.470407,9.149802,7.747218,6.113486,7.071372,6.558821,6.371025,6.675853,7.084519,6.961497,7.555267,"EFS_G5"
"141","PALWVJ",7.141306,7.36389,6.927808,6.846726,8.952651,7.464311,6.863547,7.373154,5.472707,7.263811,8.566724,7.940827,5.776265,6.921553,6.462921,6.240521,6.487906,7.067413,7.131124,7.714893,"EFS_L5"
"142","PALWXP",6.707513,7.194756,6.604813,7.150987,8.486759,6.809584,6.282915,7.60585,5.622847,7.276061,9.01265,7.776201,5.689167,7.095553,6.277869,5.871078,6.371737,6.577799,6.60972,7.555523,"EFS_G5"
"143","PALXTB",6.946251,7.059222,6.684938,6.562022,8.21367,6.948614,6.336286,7.85552,5.38843,7.207014,8.780886,7.831939,5.691094,6.862968,6.276821,5.684243,6.298563,6.382104,6.618391,6.453689,"EFS_G5"
"144","PALXTE",6.786244,6.87069,6.86481,6.862599,8.140791,6.915781,6.239134,7.174541,5.543463,6.6278,8.4298,7.548234,6.546911,6.852844,6.493307,5.958547,6.310688,6.483102,6.70137,6.494355,"EFS_G5"
"145","PALXUM",6.813858,6.902037,6.506468,6.482854,8.33303,6.922613,6.22115,7.257514,5.69782,7.060079,8.853064,7.560822,5.929535,6.408922,6.315608,6.221247,6.407868,6.416136,6.598903,6.159196,"EFS_L5"
"146","PALYEC",7.168942,7.436426,7.014018,7.330195,8.252452,7.235562,6.439772,7.783766,5.616127,7.015757,8.792906,7.627455,7.353902,7.103793,6.550866,6.127524,6.680711,6.974249,7.096515,7.678063,"EFS_L5"
"147","PALYLZ",6.912241,7.178211,6.770037,6.808728,7.884425,7.222406,6.824569,7.339301,5.978727,7.059977,8.322552,7.494399,5.890862,6.919582,6.492773,6.052344,6.612289,6.825422,6.953428,6.51983,"EFS_G5"
"148","PALYPW",7.33739,6.770616,6.756692,6.728762,8.048856,7.112231,6.714961,7.68941,5.422613,7.384299,8.64669,7.615275,5.913087,7.272545,6.444769,6.236524,6.626459,7.358982,6.907429,5.35002,"EFS_L5"
"149","PALZRG",7.056749,7.455632,6.756568,7.478071,8.923513,7.211374,6.488453,7.81648,5.19289,7.67054,9.2077,7.789191,6.82809,7.270999,6.388426,5.924646,6.557491,6.466109,6.657085,8.206307,"EFS_L5"
"150","PALZZV",7.330651,7.067268,7.07705,7.476662,8.488006,7.412268,7.068636,7.44124,5.486733,7.216539,9.030804,7.525649,6.869046,7.260904,6.66596,6.224765,6.805162,6.908909,7.346068,7.636796,"EFS_L5"
"151","PAMACS",7.156251,7.457231,6.89368,6.708068,8.872264,7.149249,6.62209,7.326397,5.664497,7.055422,8.412744,7.987332,5.822189,6.547716,6.451457,6.352112,6.473344,6.804199,6.977934,7.595905,"EFS_L5"
"152","PAMAFV",7.032718,6.956494,6.885408,7.051052,8.277743,7.154819,6.485836,7.44043,5.857887,6.522976,8.505178,7.724326,5.898493,6.872369,6.397088,6.099518,6.559612,6.894837,6.822574,6.981213,"EFS_G5"
"153","PAMAJT",7.242502,6.650291,7.087353,6.915045,7.753005,7.178164,6.8582,7.522948,5.85753,6.929352,8.186764,7.406443,6.106994,6.892477,6.77042,6.275414,7.168572,6.913953,6.907989,6.229451,"EFS_G5"
"154","PAMBDH",7.290001,7.178968,7.0512,7.479474,8.21518,7.28297,6.720896,7.656364,5.678753,7.040292,8.344934,7.311512,6.182373,6.842981,6.786294,6.533144,6.892243,7.049724,7.06669,7.100321,"EFS_G5"
"155","PAMBMJ",6.856625,7.042634,6.506568,6.968788,8.536844,7.074764,6.19268,7.651216,5.841333,7.166876,8.881022,7.649784,5.408579,7.089697,6.199649,5.819778,6.174131,6.771938,6.943707,7.433019,"EFS_L5"
"156","PAMBYG",7.078803,7.151805,6.617403,7.119191,8.207681,7.091283,6.723265,7.317422,5.05635,7.25907,8.462906,7.572316,7.106061,6.789287,6.292311,5.983055,6.674776,6.776291,6.870354,7.056336,"EFS_L5"
"157","PAMCXF",7.124123,7.541375,6.80481,7.215694,8.918791,7.398573,6.654166,7.537315,5.732417,7.724593,9.183016,7.558988,6.795488,7.06255,6.650211,6.288084,6.655991,7.045732,7.008009,7.389328,"EFS_L5"
"158","PAMEHH",7.016658,6.702801,6.876188,6.500299,8.647013,7.052312,6.459647,7.904296,5.46604,7.044531,8.857028,7.986914,5.760338,6.99211,6.27002,6.174355,6.270238,6.836803,7.110776,5.706977,"EFS_L5"
"159","PAMEZH",7.239857,6.924705,6.960013,6.855124,8.556484,7.145677,6.955524,7.974051,5.944123,7.078577,8.341888,7.481953,6.018558,7.124443,6.58699,6.346193,6.766809,6.910926,7.092197,6.898563,"EFS_L5"
"160","PAMJED",7.102024,7.375394,7.032088,7.103172,8.472366,7.261056,6.961466,7.536852,5.433343,6.910954,8.545234,7.105686,7.157053,7.106689,6.619556,6.341587,6.781349,6.992202,7.120118,6.911173,"EFS_L5"
"161","PAMLMY",7.501656,6.919846,7.268095,7.403795,8.868868,7.642045,7.193516,7.792247,5.6634,7.483607,9.171454,7.504396,6.885543,7.048021,6.895035,6.535358,6.856388,7.20452,7.255566,7.490196,"EFS_G5"
"162","PAMLNB",6.97802,6.970142,6.592697,6.565992,8.718293,6.998491,6.480365,7.728871,4.95652,7.53479,9.089996,8.204354,5.765425,7.643622,6.062201,5.790592,6.267957,6.741769,6.474648,6.001587,"EFS_G5"
"163","PAMMXF",6.820736,7.629456,6.422883,7.357185,8.609669,6.801949,6.032033,8.024224,4.2599,7.356486,8.838986,7.897353,7.584176,6.771007,5.954852,5.561591,6.143442,6.561354,6.736916,7.623963,"EFS_L5"
"164","PAMMYR",6.975461,7.209384,6.833607,7.220144,8.596214,7.285194,6.504353,7.742756,5.489243,6.961451,8.773366,7.924437,5.887011,7.874768,6.355934,6.131172,6.399113,6.697865,6.660753,7.131764,"EFS_L5"
"165","PAMNAL",6.866792,7.414616,6.33595,7.108663,8.751822,6.85737,6.213051,7.891351,4.900577,7.128081,8.63039,7.623166,6.788803,7.283843,6.030544,5.720702,7.552298,6.562636,6.722361,7.205736,"EFS_G5"
"166","PAMNLH",7.336048,7.292616,7.059042,7.145701,8.869853,7.406536,7.129157,7.747845,5.738987,7.026762,8.247626,7.801986,6.242725,7.297578,6.813683,6.876519,6.934474,6.988962,7.023038,6.915102,"EFS_L5"
"167","PAMVCL",7.085443,6.912337,6.819507,6.81072,7.979314,7.177274,6.782455,7.445777,5.727493,6.99239,8.46382,7.580134,5.873124,6.856048,6.521649,6.204937,6.505178,6.86639,6.778913,6.690466,"EFS_G5"
"168","PAMXWF",6.954092,7.731137,6.612602,7.336822,8.352261,7.210919,6.73789,7.551507,5.49316,7.060183,8.741208,7.987977,5.791724,8.179246,6.46119,6.101564,6.452044,6.703167,8.534378,7.706093,"EFS_L5"
"169","PAMYCE",7.336333,7.061491,7.052543,6.840421,8.043086,7.264159,6.925851,7.389591,5.78307,7.063464,8.646244,7.509643,6.207373,7.695885,6.752817,6.496706,6.882236,6.978921,7.342088,6.867985,"EFS_L5"
"170","PAMYVA",7.105467,6.791026,6.838257,7.028721,7.950702,7.185966,6.697985,7.353244,5.584073,6.78922,8.32187,7.477201,6.481198,6.754189,6.543442,6.044659,6.635746,6.686591,6.851232,6.524756,"EFS_G5"
"171","PAMZCE",7.439395,7.042265,7.037895,7.097874,8.095686,7.279134,6.843995,7.399249,6.12014,7.020073,8.901752,7.674934,6.798069,6.872104,6.888533,6.474577,6.913074,7.06645,7.320758,6.921967,"EFS_G5"
"172","PAMZMG",7.266758,7.644883,6.996877,7.620269,8.487178,7.237676,6.728404,7.764294,5.525993,7.491368,9.083952,7.689127,6.988448,7.147096,6.750018,6.422866,6.726859,7.043439,7.323336,7.576346,"EFS_L5"
"173","PAMZYM",6.814263,6.968075,6.510548,7.107734,8.351505,6.887762,6.224516,7.526427,5.47622,7.034893,8.725114,7.526613,5.83689,6.921034,6.148508,5.863355,6.281118,6.630003,6.639174,7.076795,"EFS_G5"
"174","PANBJH",6.990763,7.092252,6.961303,6.984087,8.035244,7.320884,6.805696,7.360987,6.065553,6.907973,8.35335,7.492514,5.84483,6.832322,6.692809,6.298647,6.730974,6.917739,6.930655,6.803014,"EFS_L5"
"175","PANBMJ",7.449136,6.750591,7.232887,6.728217,8.104768,7.309662,7.062887,7.836185,5.688073,7.120292,8.372076,7.871271,6.053924,7.525917,6.773261,6.394978,6.744935,7.189111,7.069473,5.347472,"EFS_L5"
"176","PANBSP",6.928195,7.792047,6.317938,7.295251,9.243619,6.732536,6.162971,7.570275,5.234713,7.380326,9.191434,8.304269,7.209665,6.380019,6.165023,5.751555,6.21985,6.444504,6.995486,8.038107,"EFS_L5"
"177","PANCYF",7.261213,7.246265,6.736262,7.141194,8.479368,7.149054,6.680575,7.762808,5.595497,7.245461,8.805076,8.039941,6.800877,7.48681,6.516731,6.147387,6.558407,6.813679,6.967851,7.029119,"EFS_L5"
"178","PANDHZ",7.05522,6.837831,6.93347,6.621873,8.399529,7.451731,6.089603,7.140257,5.041767,7.37394,9.051904,7.040629,6.224559,7.567538,6.353912,6.195449,6.514538,6.543216,7.0368,6.389931,"EFS_L5"
"179","PANGTS",7.18973,7.205406,6.977128,6.993984,8.026113,7.003856,6.753835,7.126396,6.12162,6.626177,8.451314,7.377344,5.801854,6.629834,6.187033,5.768138,6.494483,6.698957,7.40755,7.311959,"EFS_G5"
"180","PANHUA",7.173228,6.780299,6.940875,7.049208,7.844257,7.32998,6.803433,7.2455,5.80679,6.702746,8.287362,7.460546,5.973048,6.922859,6.580503,6.188766,6.737812,6.668571,6.89725,6.497008,"EFS_L5"
"181","PANLSG",7.347823,7.160716,7.157837,7.180093,8.26963,7.348983,7.025192,7.897373,5.846137,7.035389,8.692902,7.454061,6.513767,6.835686,6.812637,6.403108,8.078754,6.966553,7.626261,7.31332,"EFS_L5"
"182","PANNIJ",7.35051,7.204164,6.887888,7.192086,8.641213,7.599175,6.967338,7.753373,5.936873,7.220194,8.916398,7.580101,6.75772,7.312025,6.758992,6.213484,6.634925,7.063312,6.997125,7.356946,"EFS_L5"
"183","PANRRW",7.075612,7.074983,6.648333,6.929083,8.597851,6.963161,6.365236,7.88641,5.660157,7.1236,8.777118,7.691116,6.033219,7.017573,6.460832,6.078478,6.543731,6.698382,6.722534,7.174982,"EFS_L5"
"184","PANUKV",6.956579,7.714659,6.55716,7.517354,9.107592,6.864396,6.259387,7.885562,5.568633,7.665319,9.253898,7.957316,6.396181,7.23994,6.508794,5.959376,6.387097,6.700792,7.281802,8.365909,"EFS_L5"
"185","PANUVK",7.022206,7.087211,6.865532,6.86679,8.906613,7.126064,6.563411,7.237407,5.65124,7.096946,9.015798,7.650405,5.832697,7.437025,6.457506,6.0031,6.894264,6.836316,6.843975,7.230851,"EFS_G5"
"186","PANVAN",7.356259,6.743668,7.12608,6.941225,8.078197,7.559896,7.069133,7.668254,5.882267,6.81671,8.256248,7.264692,6.215668,7.431427,6.807752,6.397303,6.985568,7.231542,7.248366,6.067448,"EFS_L5"
"187","PANYGR",7.221697,7.560209,6.865052,7.428916,8.941558,6.962778,6.888426,7.308155,5.53023,7.088299,8.815384,8.349627,6.035944,6.92381,6.613992,6.298162,6.686751,6.817687,7.243089,8.176116,"EFS_L5"
"188","PANZHT",7.073571,7.03925,6.674597,7.166562,8.691651,7.192989,6.770371,7.986888,5.61962,7.44174,8.810276,7.747577,5.926082,7.778282,6.635658,6.204411,8.330424,6.745089,6.898613,6.918804,"EFS_G5"
"189","PANZPV",7.006703,6.975204,6.49179,6.772133,8.246572,7.194487,6.66577,7.38466,5.473657,7.253601,8.768538,8.016576,5.768241,6.859062,6.268225,5.969488,6.58721,6.73198,6.640048,6.461119,"EFS_L5"
"190","PAPAKS",7.701029,6.644278,7.272477,7.131135,8.004452,7.482111,7.247051,7.248358,6.42236,6.90337,8.63785,7.577443,6.550139,7.035996,7.169548,6.64751,7.096493,7.338721,7.488302,6.589023,"EFS_G5"
"191","PAPBGH",6.982899,7.583796,6.452343,7.177345,9.172774,6.893316,6.347209,7.977743,5.420747,7.628461,9.53391,8.016013,7.455531,7.414897,6.291168,5.986812,6.634201,6.699456,7.20383,8.050603,"EFS_L5"
"192","PAPBZI",7.168361,7.56523,6.868292,7.147044,8.96043,7.051184,6.829981,7.149244,5.54249,7.245269,9.140096,8.489766,5.878516,6.761693,6.446799,5.914692,6.498496,6.779091,6.869666,8.070567,"EFS_L5"
"193","PAPEFE",7.186281,7.211248,6.982425,7.260857,8.732247,7.450552,7.037437,7.840192,5.87118,7.231354,8.391144,7.738889,5.990429,7.365573,6.65478,6.463996,6.585046,6.844773,7.103094,7.254902,"EFS_L5"
"194","PAPEJW",7.283368,7.281377,7.07188,7.307096,8.392073,7.423822,6.943462,7.555938,5.931013,7.283284,8.65586,7.571791,6.141675,6.998582,6.772846,6.503585,6.784795,7.107961,7.423238,7.513516,"EFS_L5"
"195","PAPHPE",7.402962,6.548689,6.91838,6.560766,7.97257,7.215184,6.864038,7.77787,5.732147,6.871173,8.496954,7.704469,6.099003,6.906614,6.824488,6.363368,6.727304,7.040462,7.038972,5.477739,"EFS_L5"
"196","PAPJLD",7.269535,6.796121,6.901875,6.627866,8.505796,7.085532,6.830315,7.669868,5.868317,7.337551,8.838492,7.925947,6.011303,7.661523,6.647363,6.410448,6.746596,6.95654,6.902855,5.346027,"EFS_G5"
"197","PAPKWN",6.942769,7.279626,6.811752,7.122883,8.865999,7.035649,6.337056,7.783604,5.211157,7.538987,9.36563,7.893056,5.654284,7.024895,6.34369,6.083611,6.284556,6.590241,7.076515,7.605262,"EFS_L5"
"198","PAPRTD",6.784741,6.589252,6.671898,6.357588,8.528935,6.773427,6.154893,7.832783,5.791293,6.937879,8.54563,8.043001,5.625536,7.558164,6.431661,5.881467,6.549815,6.900706,6.614034,5.150632,"EFS_L5"
"199","PAPSEI",6.985197,7.473232,6.629027,7.293028,8.680143,7.140343,6.159617,7.646641,5.575407,7.223629,8.986586,8.026919,6.820008,7.185933,6.567422,5.845869,6.296624,6.844976,6.671067,7.698953,"EFS_L5"
"200","PAPSKM",7.115164,7.837869,6.758548,7.188327,9.079893,7.201244,6.746398,7.613412,5.628637,6.651777,8.36448,7.998673,6.422636,8.097462,6.703963,6.244999,7.00997,6.938201,7.012087,7.829612,"EFS_L5"
"201","PAPTIP",7.000609,7.093758,6.736095,7.100631,8.485874,6.983539,6.448514,7.415889,5.662413,7.242601,8.838988,8.016439,6.731731,7.220458,6.532442,6.215382,6.468625,6.856122,6.923813,7.610289,"EFS_L5"
"202","PAPTLD",7.239332,6.796344,7.120407,6.876926,8.281631,7.350983,6.893267,7.293411,6.20284,6.980486,8.990876,7.474126,5.975263,6.814971,6.823468,6.651318,6.850167,7.21092,7.136853,7.175634,"EFS_L5"
"203","PAPTLY",7.007713,7.279869,6.731072,7.368098,8.626761,7.162523,6.647889,7.586685,5.775633,6.80523,8.528636,8.136306,7.018605,7.325448,6.797346,6.135717,6.746336,6.924793,7.068739,6.93121,"EFS_G5"
"204","PAPTMM",6.605087,7.042485,6.458022,6.991165,9.233625,6.719766,5.962417,7.975227,5.59269,7.131746,9.19784,8.242425,6.922025,6.646574,6.259783,5.716819,6.192281,6.579664,6.884803,8.048597,"EFS_G5"
"205","PAPUAR",7.102183,6.851401,6.9285,6.882338,7.987546,7.288381,6.965913,7.175363,5.65167,6.954516,8.488162,7.518954,5.989319,6.918922,6.642466,6.199082,6.66394,6.899424,6.929985,7.047966,"EFS_G5"
"206","PAPUEB",6.970843,6.758171,6.747872,6.91755,7.940334,7.111077,6.628774,7.139873,5.54549,7.075221,8.65674,7.407817,5.864824,6.782751,6.323907,6.18402,6.472258,6.681016,6.780617,7.183509,"EFS_G5"
"207","PAPUNH",7.050478,7.368851,6.801725,7.10563,8.135164,7.108596,6.869645,7.449564,5.91334,7.107903,8.749124,7.637312,6.524466,7.093515,6.613604,6.130951,6.630624,6.855942,7.043596,7.383583,"EFS_G5"
"208","PAPUTN",7.271548,7.322349,6.87379,7.596172,8.68764,7.263706,6.462225,7.83306,5.733963,7.043034,8.989228,7.548192,7.133791,6.851151,6.558356,6.04249,6.661309,6.772342,7.718364,7.510239,"EFS_L5"
"209","PAPWUC",6.817966,6.920259,6.768083,6.830108,8.508722,7.016792,6.216793,7.646632,5.754753,6.903823,8.463314,8.064917,5.775614,7.739672,6.388087,5.873315,6.403813,6.8154,6.664644,6.335505,"EFS_G5"
"210","PAPZYP",7.040643,7.330361,6.725777,7.179374,8.372038,7.213156,6.645178,7.535076,5.534813,7.253961,9.267902,7.520215,6.995189,7.024902,6.475728,6.013031,6.645174,6.80166,7.038701,7.849661,"EFS_G5"
"211","PARABN",7.285282,6.890907,7.035315,7.227775,7.993114,7.509117,6.781515,7.502888,6.029513,6.999019,8.26561,7.573538,6.54008,7.212919,7.133306,6.677231,7.015986,7.165327,7.076209,6.73222,"EFS_L5"
"212","PARACM",7.185885,6.858549,6.794798,6.88649,7.953594,7.199276,6.67298,7.225659,5.670367,6.746241,8.497398,7.658115,5.882764,8.229714,6.527171,6.043512,6.679945,6.754942,6.877258,6.41894,"EFS_G5"
"213","PARAHE",6.695509,7.004917,6.50612,6.630231,8.463879,6.828386,6.119635,7.39753,5.253403,6.696321,8.46323,8.103163,5.861424,7.041235,6.315088,5.690769,6.311064,6.716603,6.569022,6.577777,"EFS_L5"
"214","PARCWT",6.730677,7.027434,6.350815,6.693047,8.581579,6.628973,5.913227,7.398727,5.386917,6.640159,8.530664,8.063783,5.951312,7.310773,6.224758,5.634582,6.313785,6.481201,6.41704,6.937003,"EFS_L5"
"215","PARDUJ",7.223153,6.857522,6.852168,6.67781,8.145088,7.281127,6.577513,7.492742,5.615027,6.845089,8.369408,8.120006,5.9256,7.235728,6.712716,6.388397,6.719665,6.966484,6.94155,6.34324,"EFS_L5"
"216","PAREGK",7.209707,6.645664,6.988218,6.637713,8.121334,7.238709,6.602539,7.370197,5.941577,6.632181,8.19149,7.924524,6.131179,7.232894,6.770873,6.410286,6.902484,6.998351,7.013872,6.135027,"EFS_G5"
"217","PARFBW",7.275092,6.639457,6.984388,6.468725,8.195412,7.481716,7.004829,8.087695,6.138117,7.033077,8.224884,8.009992,6.145043,7.343133,6.831879,6.483872,6.866094,7.229599,7.248685,5.368141,"EFS_G5"
"218","PARGDJ",7.129435,6.758022,6.903278,6.390515,8.623423,6.960907,6.470995,7.85228,5.564987,6.766051,8.422352,7.997919,5.792596,7.057821,6.679567,6.138156,6.606558,6.885583,6.779908,5.665189,"EFS_L5"
"219","PARGUX",7.215064,7.055034,6.703687,7.092695,8.321843,7.199756,6.620655,7.597624,5.526397,6.895877,8.683022,8.313427,5.919754,7.164655,6.555038,6.260378,6.520845,6.857466,6.744871,7.046082,"EFS_G5"
"220","PARHYL",7.014238,7.100906,6.659532,6.708755,8.46425,7.032924,6.432528,7.427774,5.241137,6.859437,8.51886,8.013342,6.340545,7.323998,6.408279,6.132731,6.393078,6.887421,7.339586,7.34463,"EFS_G5"
"221","PARIKF",6.997158,7.424878,6.70185,7.138853,8.460265,7.038186,6.349105,7.578838,5.684337,7.095334,8.816866,8.05684,7.233592,6.658778,6.603023,6.152626,6.457934,6.862629,6.862228,7.619589,"EFS_G5"
"222","PARIKT",7.40945,6.545435,7.284393,6.254803,8.363208,7.459746,6.949471,7.568975,5.995353,7.195897,8.490952,7.745582,6.117371,7.092222,6.9829,6.33287,6.932352,7.114814,7.080265,5.659869,"EFS_L5"
"223","PARIRD",7.355525,6.861976,7.023435,7.20284,8.180453,7.507267,6.980819,7.558119,6.061183,6.837586,8.53575,7.459753,6.571538,7.068903,6.947597,6.463139,6.838674,7.119476,7.113467,7.137318,"EFS_L5"
"224","PARJAR",6.99238,7.008842,6.703257,6.379832,8.281344,6.932235,6.28292,7.569885,5.726083,6.476977,8.542836,7.76169,5.673256,7.389103,6.346659,6.599313,6.488052,6.67873,6.856588,6.562335,"EFS_L5"
"225","PARJTB",6.815045,7.561025,6.599198,7.596396,8.795957,7.009195,6.25358,7.944065,5.350107,7.413883,8.975516,8.052476,7.002011,7.015562,6.43397,5.915253,6.577396,6.76769,7.34086,7.993304,"EFS_L5"
"226","PARMFA",6.647426,6.650543,6.437175,6.21572,8.494272,6.894741,6.124745,7.721576,5.056623,6.999431,8.658686,7.939476,5.536094,7.553171,6.323743,5.566925,6.216551,6.636261,6.48916,5.63102,"EFS_G5"
"227","PARMTT",7.103728,7.568079,6.903773,7.167005,8.855738,7.112691,6.45594,7.338707,5.655333,6.959527,8.585516,8.217627,7.144298,7.582621,6.719515,6.275624,6.736948,6.913694,6.997195,8.201019,"EFS_L5"
"228","PARNCW",7.128675,7.188671,6.892093,6.988839,8.876258,7.152131,6.483784,7.66514,5.55422,6.932734,8.892142,8.099954,6.022548,7.000444,6.720189,6.377109,6.668892,6.908312,7.080507,7.426853,"EFS_L5"
"229","PARNEE",7.037564,6.935535,6.87098,6.915439,8.234593,7.082759,6.509933,7.661666,5.66516,6.595117,8.38847,7.792654,7.215802,7.448452,6.722913,6.271985,6.630588,6.866535,6.750694,7.077606,"EFS_L5"
"230","PARRBU",6.955649,7.177904,6.471433,7.141176,8.746181,7.037622,6.190508,7.494829,5.451447,6.92813,8.742416,7.764893,7.069944,7.141188,6.418259,5.749649,6.803765,6.619924,6.681771,7.80443,"EFS_L5"
"231","PARSEA",7.359325,6.668347,7.137427,6.975937,8.254738,7.259529,6.643104,7.35191,6.12537,6.753789,8.240228,7.737676,5.994411,7.131364,6.907403,6.569022,6.930677,7.163096,6.964336,6.758789,"EFS_G5"
"232","PARSHT",7.165244,6.844159,6.683152,6.983456,8.081445,7.161104,6.709459,7.084745,5.677913,6.764177,8.14283,7.631983,6.714008,6.864698,6.679086,6.277854,6.684401,6.857016,6.723411,6.295582,"EFS_G5"
"233","PARUXY",7.180767,6.613101,7.280723,6.33512,8.31887,7.454379,6.737993,7.221417,5.829127,6.737541,8.358492,7.80326,5.822989,7.162327,6.750751,6.175061,6.635837,6.969552,6.860941,5.482299,"EFS_G5"
"234","PARVME",6.692124,6.705933,6.492752,6.578213,8.285207,6.912459,6.323343,7.267839,5.377067,6.697949,8.310664,7.816675,5.557365,7.234795,6.367423,5.937972,6.236273,6.691005,7.265653,6.539557,"EFS_L5"
"235","PARVRR",6.98838,7.65489,6.808542,7.419019,8.576585,7.085363,6.491408,7.87127,5.58924,6.966847,8.829868,8.065404,7.113511,7.264757,6.591277,6.14101,6.543283,6.72169,6.952072,7.602448,"EFS_L5"
"236","PARXLM",7.293966,6.821139,7.156557,6.985418,10.15536,7.430754,7.083118,7.424914,5.256887,7.842026,9.609688,7.627899,6.386587,7.651139,6.846585,6.311044,6.864776,7.198616,7.518552,6.83925,"EFS_L5"
"237","PASATK",7.096521,6.71477,6.778633,7.188074,8.102508,7.24905,6.61775,7.377983,5.888767,6.565043,8.229672,7.535612,5.985573,7.329777,6.868667,6.495811,6.916077,6.901827,7.04417,6.993406,"EFS_L5"
"238","PASAZJ",7.078935,6.968913,6.774855,7.26207,8.310369,7.040963,6.598845,7.674655,5.962324,6.517233,8.621136,7.951377,6.538942,7.245129,6.738421,6.214279,6.695209,6.907895,6.91029,7.270097,"EFS_G5"
"239","PASBEN",6.898348,6.681131,6.713802,6.733668,9.40974,7.093091,6.573857,7.656395,5.68155,6.567346,8.019108,7.659557,5.76907,7.331993,6.800503,6.132972,7.703255,6.749569,7.515109,6.161698,"EFS_L5"
"240","PASCKI",6.987336,7.20367,6.812487,6.978664,8.177307,7.061006,6.594314,7.304626,5.669193,6.68196,8.586136,7.981743,5.772879,7.434903,6.4349,6.027035,6.536374,6.805681,7.179735,7.447341,"EFS_G5"
"241","PASCLP",6.817037,7.14273,6.615198,7.243878,8.052278,6.832621,6.535298,7.215509,4.875817,6.939937,8.723018,7.726144,6.773408,6.38499,6.172806,5.851229,6.402542,6.591585,6.791876,7.610623,"EFS_L5"
"242","PASCUF",6.893409,6.802404,6.6992,6.752251,7.61386,6.890031,6.361057,7.069707,5.619763,6.782037,8.450434,8.140956,5.886391,6.637147,6.507113,5.976617,6.435035,6.707514,6.706026,6.213553,"EFS_L5"
"243","PASDZJ",7.276638,7.029419,6.939297,7.129495,8.583471,7.313182,6.838224,7.682047,5.63373,7.134133,8.504614,7.600864,6.418401,7.634135,6.713458,6.387958,6.711359,7.051772,7.10204,6.505022,"EFS_L5"
"244","PASFRV",6.888723,6.86198,6.600112,6.981207,8.264851,6.830779,6.353955,7.914288,5.406457,6.521039,8.307748,7.605145,6.591948,7.038411,6.281711,5.82653,9.167463,6.631471,6.730605,6.797469,"EFS_L5"
"245","PASGPY",7.106903,7.027409,6.708942,6.830734,7.415787,7.007037,6.518236,6.996333,5.473287,6.581557,7.682118,7.454039,5.923409,6.980032,6.436756,6.157015,6.533149,6.867281,8.744571,6.998135,"EFS_L5"
"246","PASJRT",7.052463,7.29074,6.738695,7.581825,8.028296,7.060455,6.757549,7.397727,5.917833,6.924839,8.581558,7.642281,7.033557,7.091105,6.687231,6.424472,6.648747,6.906398,7.057947,7.656661,"EFS_L5"
"247","PASJYB",7.094162,7.468248,6.779887,7.429379,7.938674,7.117772,6.695504,7.586014,5.554427,7.033979,8.437688,7.775264,6.913594,6.923179,6.633968,6.220489,6.543098,6.954546,7.120383,7.459246,"EFS_L5"
"248","PASKJX",7.125939,6.755018,6.88457,7.150507,7.830877,7.229026,6.716599,7.301396,5.68016,6.757344,8.48167,7.806684,5.981531,6.958782,6.609309,6.213774,6.647686,6.866849,6.802564,6.907401,"EFS_L5"
"249","PASLGS",6.802629,7.127915,6.559533,7.269119,8.137138,6.895491,6.475789,7.412942,5.54235,6.825721,8.780482,7.560889,6.806931,6.921691,6.341188,6.024008,6.445779,6.653977,6.686282,7.979535,"EFS_L5"
