"","Row.names","ATIC","BARD1","CAD","CENPF","HMGA1","LDHB","MYBL2","NCAPD2","NME4","RPL10A","RPL27A","RPL29","RPL35A","RPL7A","RPS10","RPS14","RPS18","RPS19","RPS25","RPSA","SNRPD2","TKT","TRAP1","EFS_fct"
"1","PAAPFA",8.262774,7.150934,7.892741,8.593826,8.474129,8.917953,8.750489,8.872621,7.699378,9.634085,9.259769,9.429435,9.089083,8.974019,9.338107,8.592415,9.841007,8.885286,9.765602,9.522703,7.774855,8.279244,8.664339,"EFS_L5"
"2","PACLJN",7.498578,5.971942,7.921807,7.678911,8.636251,8.686295,8.009632,8.42295,7.905237,9.770509,8.565084,9.194369,9.251362,8.629151,9.558816,8.966522,9.964305,8.876083,9.789465,9.589662,7.117708,8.053026,8.672324,"EFS_G5"
"4","PACRYY",8.06126,6.608798,7.907734,8.193896,8.26067,9.366379,8.97693,9.255696,7.941392,9.618535,8.663635,9.291229,9.267255,8.915608,9.665435,8.877314,9.745115,8.595081,9.574235,9.758662,7.736445,7.95678,8.72459,"EFS_G5"
"5","PACRZM",8.37503,6.681591,7.420347,7.261694,8.834267,8.885468,8.083624,7.9081,8.264697,10.207056,8.550282,9.207552,9.295958,8.678736,10.044899,8.255938,9.825788,8.800881,9.189838,9.796767,7.815428,8.334744,8.683448,"EFS_L5"
"6","PACSNL",8.761886,7.481972,8.002692,7.914351,8.329151,9.731066,8.182063,8.672737,8.344915,9.851207,8.623462,9.395365,9.096887,8.410371,9.580036,8.876307,10.109209,8.907077,10.694802,9.924623,8.099338,8.114338,8.44396,"EFS_L5"
"7","PACSSR",7.395147,5.971676,7.771644,8.424914,8.245531,7.680681,8.030725,7.780544,8.1196,9.375508,7.903728,8.179425,7.912282,8.474543,8.488805,7.734046,9.728446,9.30517,9.795937,8.60325,7.832683,7.51762,8.313221,"EFS_L5"
"8","PACUGP",8.294186,6.791352,8.074795,8.392851,8.309698,9.443618,8.34453,8.748407,8.565165,9.859085,8.927369,9.446659,9.100053,8.77654,9.545956,8.651589,10.020849,8.896468,10.480432,9.836759,8.223769,7.962754,8.403424,"EFS_L5"
"9","PACVNB",8.054504,5.985503,7.731202,7.183484,8.390641,9.149141,7.549256,8.114597,8.085332,9.974023,8.41607,10.067173,9.257565,9.19217,10.018945,8.681561,10.040602,9.01571,10.60687,9.984644,7.752027,8.378815,8.661505,"EFS_L5"
"10","PACYGY",7.364301,6.523571,7.346317,7.624679,8.287557,9.091906,8.513505,8.74557,7.928121,9.8259,8.427487,9.035183,8.817328,8.682276,9.64475,7.962766,9.557445,8.706423,9.045719,9.325065,7.555888,7.81223,8.246547,"EFS_L5"
"11","PACZPX",7.70753,6.472141,7.179315,8.670035,8.208654,9.120689,7.47313,8.488969,7.715632,9.700027,7.893086,9.133946,9.224812,8.596636,9.369491,8.27332,10.106823,8.805113,9.621327,9.866147,7.601559,7.772877,7.661006,"EFS_G5"
"12","PADENF",7.719075,6.616556,7.3631,8.155031,8.180042,8.706771,8.40524,8.461986,7.701275,9.977029,8.625694,9.333135,9.460891,8.969485,9.913702,8.997647,10.234167,9.475216,9.893449,9.514219,8.124503,7.711588,8.769794,"EFS_G5"
"13","PADFLI",8.450848,6.264207,7.987715,8.993288,8.680214,10.159032,8.883425,9.387267,8.614638,9.90353,8.73197,9.362619,9.193522,8.786059,9.510825,8.337949,9.702007,9.175226,10.134,10.18185,8.160416,8.505435,9.209875,"EFS_G5"
"14","PADHWC",7.20717,6.467437,6.902239,4.563474,7.86322,8.419809,5.729428,7.038374,7.684098,9.320924,7.734202,8.725893,8.779131,8.394325,9.009621,7.906667,9.755106,8.631255,9.574008,9.000983,7.593964,7.358507,8.182685,"EFS_L5"
"15","PADIEY",7.232664,6.693562,7.175971,8.22349,8.322866,8.12406,8.76628,8.619984,7.837526,9.545828,8.044729,8.427143,8.829414,8.585215,9.353731,7.849276,9.761298,8.78209,8.82158,8.39591,7.549018,7.35465,8.519852,"EFS_G5"
"16","PADIHC",8.145177,6.606424,7.4966,7.405463,8.265236,9.154547,8.693987,8.954479,8.343535,9.936985,8.199785,8.827453,9.275033,9.044966,9.935615,8.831075,9.859047,9.023186,10.02826,9.258515,8.053203,7.797483,8.737472,"EFS_L5"
"17","PADINC",8.244959,7.035685,7.952107,7.875356,8.523209,9.470804,8.038044,9.186338,7.836231,10.324042,8.749302,10.197038,9.708039,9.094402,10.351627,8.850716,10.427994,9.932387,10.20438,10.508946,8.177038,8.445708,8.384982,"EFS_L5"
"18","PADIRB",8.989168,7.381246,8.325659,7.259706,8.782931,8.929604,8.101533,8.938017,8.569698,10.044786,8.782189,9.54433,8.848419,8.580527,9.897731,8.685678,10.159223,9.047566,9.682585,9.78173,7.934706,8.028023,8.837001,"EFS_L5"
"19","PADKFS",7.649666,6.158783,7.547429,7.159694,8.215395,8.777566,7.68341,7.790149,7.721637,9.734043,8.72086,9.400873,9.038921,9.006157,9.775858,8.560791,9.996369,9.016673,9.73343,9.711708,7.669498,8.377207,8.338436,"EFS_L5"
"20","PADKFU",7.748917,6.68967,7.914526,7.803309,8.106749,8.829355,9.116685,8.784411,7.777482,9.383486,8.546823,9.001003,9.06715,8.91906,9.306557,8.370756,9.515294,8.564083,9.26051,9.103683,7.579836,7.605458,8.61367,"EFS_G5"
"21","PADKGF",7.879995,7.235633,7.21512,7.052023,8.192509,9.354155,7.662188,8.062449,8.199312,10.562985,9.078103,10.479285,9.346195,9.42496,10.342002,9.445897,10.772913,10.120786,11.138617,10.560763,8.737272,8.084451,8.483039,"EFS_G5"
"22","PADKNE",8.482186,6.478655,7.706444,8.501117,8.519561,9.472309,9.370013,9.368,8.02925,10.198296,9.240148,9.851283,9.511429,9.214333,9.849956,8.799293,9.974349,9.585938,9.609778,10.336176,8.116928,8.264265,8.960068,"EFS_L5"
"23","PADKRU",7.107881,5.839191,7.315194,7.340783,7.94317,8.069656,7.857838,8.385079,7.553901,8.957901,8.032584,8.523922,8.44433,8.582095,8.952529,7.903197,9.220641,8.157886,9.789157,8.795874,7.003247,7.617989,7.943194,"EFS_L5"
"24","PADKVV",7.351141,5.815418,7.241742,5.91323,8.08486,8.800631,7.235812,7.671514,7.644026,9.917081,8.311294,9.223028,9.059789,8.789151,9.557487,8.610173,10.340674,9.394749,10.549347,9.683023,7.708689,7.458095,7.998631,"EFS_L5"
"25","PADKXS",8.337869,8.255024,8.114163,8.566706,8.239516,9.25764,8.814496,9.462445,8.475689,10.612976,8.849229,10.471903,9.717412,9.471957,10.382329,9.289879,10.663949,9.50339,10.554802,10.596936,8.739151,8.839258,9.028408,"EFS_L5"
"26","PADKYP",7.524369,7.171665,7.268599,7.097068,8.560145,9.525198,8.23057,8.279743,8.116819,10.747152,8.771332,10.411027,9.796599,9.219441,10.538924,9.378833,10.869024,9.98487,10.894727,10.292262,8.655023,8.248937,8.816753,"EFS_L5"
"27","PADLDA",7.680286,7.27546,7.144174,6.303116,8.327797,9.611408,7.64047,7.689163,8.525597,10.680087,8.680307,10.171399,9.471648,9.08987,10.482643,9.285726,10.564825,9.824479,10.889061,10.383355,8.577619,7.98467,8.153869,"EFS_L5"
"28","PADLDT",8.461223,6.853277,8.026662,8.146461,8.993253,9.465274,8.896505,8.873352,8.406505,10.125286,8.93636,9.868825,9.456863,9.246731,10.119675,9.216051,10.737413,9.563534,10.301913,10.405538,8.72398,8.797633,8.99319,"EFS_L5"
"29","PADLES",8.000385,7.08917,7.665967,7.570679,8.617879,8.850842,8.765884,8.526625,7.91262,9.933111,8.67086,9.335227,9.370301,9.086821,9.93276,8.366194,9.82639,8.941527,9.711198,9.537553,7.750464,7.695444,8.507171,"EFS_L5"
"30","PADLIC",6.923355,5.731566,7.228113,7.105763,8.099008,8.356152,8.00595,8.266802,7.821731,9.803701,8.697202,9.306889,9.296716,8.64806,9.765905,8.500231,9.848095,8.966402,9.522513,9.631345,7.678147,7.668668,8.090617,"EFS_G5"
"31","PADLJN",7.641567,6.135025,7.48015,7.746732,8.375059,8.651624,8.699606,8.599276,7.976092,9.843752,8.704694,9.256194,8.934767,8.7842,9.663126,8.280667,9.942426,9.28004,9.401542,9.467572,8.097189,7.818026,8.371616,"EFS_L5"
"32","PADLKJ",8.552697,6.450825,7.983193,8.496943,8.865697,9.451818,8.676007,8.930277,8.392946,10.098545,8.763332,10.137643,9.700831,9.371146,10.030981,9.341457,10.711165,9.763817,10.91414,10.634384,8.557212,9.044573,9.245783,"EFS_L5"
"33","PADLNM",8.529364,7.497005,8.419356,8.739403,8.738816,9.629808,8.6183,9.893776,8.178942,10.233166,9.35144,10.043163,9.687284,9.526477,10.330987,9.336427,10.306081,9.681989,10.539893,10.499586,8.715004,8.66249,9.133623,"EFS_L5"
"34","PADLPR",7.879473,6.206419,7.536952,8.829648,8.450105,9.186696,8.786526,9.486044,8.298055,9.491004,8.366905,9.051394,9.418714,8.554898,9.497404,8.304256,9.696436,8.879482,8.664882,9.713283,7.543587,7.961469,8.108094,"EFS_L5"
"35","PADLPZ",7.228703,5.644839,7.263373,7.729586,8.240967,8.824416,8.220614,8.846345,8.325772,9.291894,7.885837,8.384133,8.465831,8.891851,8.896579,7.528519,9.364208,8.2571,8.346253,8.819794,7.027196,7.707452,8.938941,"EFS_L5"
"36","PADLTD",8.534615,6.206888,7.964175,8.168423,8.64674,9.772872,7.924176,8.489605,8.229896,10.479389,8.82148,10.315743,9.46742,9.462205,10.131834,9.362012,10.881425,9.828327,10.823873,10.541085,8.51156,8.897775,9.440546,"EFS_L5"
"37","PADMGA",7.624238,7.363206,7.315197,5.830566,8.038519,8.501781,6.401771,7.419549,7.96031,10.149491,8.059082,9.687933,9.321178,8.722209,9.983965,8.67662,10.129899,9.468478,10.14084,9.418083,7.954129,8.150536,8.140861,"EFS_L5"
"38","PADMTD",8.54786,8.383058,8.356631,9.260441,8.718297,9.382978,9.049792,9.460902,8.14547,10.169308,8.496382,9.804654,9.512798,9.19174,10.187423,8.990526,10.675898,9.496826,10.235895,10.310333,8.672383,8.01608,8.538234,"EFS_L5"
"39","PADMVB",7.193002,5.800227,7.185842,7.489513,7.914986,8.197589,8.661773,8.726555,7.724125,9.432371,8.214728,9.025931,8.963689,8.234934,9.014274,7.568239,9.2064,8.885765,9.092443,8.242159,7.131396,7.752589,8.576507,"EFS_L5"
"40","PADMXD",8.826441,7.128726,8.572717,8.653661,8.928041,9.833677,8.933456,9.296979,8.361797,10.570738,9.355574,10.818437,9.743968,9.666717,10.462168,9.603937,10.829133,9.877681,11.038937,10.831607,8.921082,9.253252,9.660452,"EFS_L5"
"41","PADMYD",8.181043,7.043157,7.658538,8.41829,8.245419,8.593916,8.27552,8.852212,8.093552,9.431101,8.753099,9.350925,9.182073,8.618128,9.094772,8.705619,9.958697,8.604439,9.971382,9.455161,8.05499,8.001095,8.53026,"EFS_L5"
"42","PADNFT",8.11691,6.500335,7.895786,8.032511,8.357882,9.214493,8.58497,9.041117,7.894938,10.073392,9.06493,9.508148,9.547691,9.149889,9.850134,9.091726,10.171915,9.287609,10.075385,9.367544,8.283951,7.848064,8.68541,"EFS_L5"
"43","PADNNX",7.472105,6.344868,8.074716,8.466422,8.125123,8.896739,8.247439,8.98744,7.885728,9.527769,8.283404,9.111269,9.222238,8.6207,9.492792,8.320383,9.575855,8.495627,9.404688,9.461796,7.357671,8.137658,8.667206,"EFS_L5"
"44","PADNXC",8.458284,7.063875,7.791941,8.473182,8.84574,9.668883,8.965545,8.988004,8.468839,9.612684,8.966356,9.228107,9.392616,9.127843,9.728191,9.365952,10.217148,9.226869,10.394303,9.307934,8.298353,8.123248,9.122075,"EFS_L5"
"45","PADPCI",7.686493,7.025016,8.040915,7.904045,7.982567,9.107142,7.925463,8.214864,7.72138,9.439036,8.193907,9.313539,8.915973,8.343731,9.232434,8.488198,9.603642,8.600974,8.76592,9.479973,7.57186,8.283762,8.578226,"EFS_L5"
"46","PADPEY",8.460903,6.002541,7.875962,7.945132,8.761592,9.422847,7.938548,8.33875,8.192152,10.266762,8.478542,10.188291,9.314833,9.32937,9.726121,9.741411,10.970665,9.360212,10.82753,10.529801,7.953281,8.923127,9.115992,"EFS_G5"
"47","PADPHP",8.595808,7.177601,7.740043,8.368148,8.361664,9.407312,8.51749,9.04814,8.244778,10.129663,8.705819,10.065606,9.227779,8.865343,9.846391,9.164564,10.275325,9.58321,10.376257,9.899489,8.533902,8.383121,8.770012,"EFS_L5"
"48","PADPMU",8.134473,5.814945,7.692217,7.904732,8.912889,9.394436,8.674981,8.636349,8.47253,9.924858,8.955523,9.562297,9.320332,9.086896,9.721581,9.660212,10.629505,9.641503,10.388908,9.903926,8.523508,8.002101,8.759474,"EFS_L5"
"49","PADPRJ",7.65522,6.344969,7.940185,8.369852,8.417603,8.819283,8.359662,8.517241,8.229382,9.639662,8.787402,9.127761,9.416901,8.881211,9.750923,8.701809,9.482429,9.276799,9.783123,9.42337,7.528984,7.556379,8.646973,"EFS_L5"
"50","PADRYN",7.647676,6.162584,7.661409,7.445277,8.260099,9.20303,7.667087,8.048245,7.960512,9.905704,8.161986,9.444432,9.150057,8.929954,9.648735,8.417285,10.532521,9.068516,10.075053,9.936187,8.280765,8.228046,8.410656,"EFS_L5"
"51","PADSEC",7.687461,7.049774,7.252087,8.380787,8.112843,9.418948,8.748141,9.064528,7.67447,10.007407,8.767853,9.824949,9.600759,8.715397,10.073529,8.648046,9.719391,9.543119,9.723247,9.919076,8.491188,7.723509,8.459501,"EFS_L5"
"52","PADSMF",7.858542,6.62799,7.701276,7.81604,8.392453,8.615811,8.931807,8.811728,7.867475,9.319745,8.122012,9.160979,8.826974,8.496325,9.326693,7.902223,9.505717,9.132451,9.301907,8.717961,7.6636,8.31771,8.599279,"EFS_G5"
"53","PADSXE",8.095608,6.092886,7.696374,7.472808,8.173585,9.038853,8.394576,8.597157,7.917427,9.369311,8.907344,9.288211,9.374019,8.790188,9.431289,8.464588,9.575306,9.028582,9.568973,9.675393,7.722161,7.934297,8.525294,"EFS_G5"
"54","PADSXU",8.277121,6.910502,7.938182,7.326363,8.317417,9.383516,7.717014,8.478386,8.29907,9.976911,8.986606,9.795067,9.352147,9.057194,9.793688,8.952597,10.254599,9.194948,10.729438,9.963943,8.240862,8.35426,8.577435,"EFS_L5"
"55","PADTCU",6.961598,5.685046,6.821298,6.93629,8.064361,8.348502,7.4069,7.331833,7.954589,9.383525,8.151901,8.332053,8.114056,8.603746,8.798357,7.850837,10.032264,8.863311,8.879173,8.288948,7.405617,7.255495,8.380619,"EFS_L5"
"56","PADTJJ",8.671157,6.060842,8.276409,8.711707,8.97527,10.047715,8.290637,8.8805,8.305289,10.363488,9.033099,10.329415,9.705967,9.501237,10.239362,9.636594,10.730549,9.782202,10.805565,10.544653,8.806816,8.949846,9.448182,"EFS_G5"
"57","PADTRV",7.703032,5.464207,7.354346,6.043113,8.056391,8.558756,6.693337,7.463506,7.686127,9.171173,8.101308,8.614859,8.557499,8.487028,9.242646,8.44353,10.257282,9.062263,9.557163,9.597077,7.189728,7.392816,8.081719,"EFS_G5"
"58","PADUKP",7.278506,5.679774,7.085918,5.318246,8.104401,7.615693,6.116787,6.918792,8.176147,9.513652,8.178805,8.554875,8.327142,8.436983,9.057493,7.734497,10.254813,8.942427,9.742865,8.87081,7.119178,7.403439,8.574532,"EFS_L5"
"59","PADUWR",8.11624,7.246097,7.582202,6.693075,8.198419,9.288377,7.84286,8.970935,7.960982,9.800153,8.875457,9.838624,9.474861,9.058782,10.035502,8.835933,9.871597,9.022315,9.951235,9.946883,8.35085,8.036607,9.206259,"EFS_G5"
"60","PADUYJ",8.688398,6.934039,8.344818,9.262876,8.942978,9.907229,8.714509,9.315631,8.345175,10.037691,8.953997,10.318475,9.736762,9.631422,10.276521,8.943955,10.468053,9.898683,10.802925,10.525155,8.46998,8.924719,9.638115,"EFS_L5"
"61","PADVSN",6.799556,6.069878,7.789692,6.474501,8.72352,7.464106,8.741589,7.971863,8.600512,8.174359,7.896872,7.330095,6.592922,7.525455,8.042608,7.130828,9.175982,7.260254,7.221733,7.207111,6.896613,7.618303,8.548867,"EFS_G5"
"62","PADVWW",8.140368,6.373392,7.725627,7.95776,8.119192,9.112492,8.058394,8.684451,7.967685,9.670084,8.862089,9.525847,9.418804,8.788301,9.436201,8.701142,9.97432,9.080369,9.49821,9.693762,7.889977,7.857041,8.437167,"EFS_G5"
"63","PADWEN",7.208911,7.957712,8.506554,9.87815,8.771974,9.757548,8.713802,9.519012,8.105536,10.1899,8.527221,10.075427,9.381132,9.243771,9.922845,8.535745,10.113709,9.125797,10.283913,10.170957,8.126615,8.662417,9.203139,"EFS_L5"
"64","PADWIM",7.43893,6.089597,7.070668,7.728646,8.217479,9.112813,7.891091,8.829789,7.858635,10.19628,8.330823,9.455936,9.070729,8.860318,9.966424,8.552679,10.244235,9.234421,9.856182,9.385271,8.214012,7.685347,8.170358,"EFS_L5"
"65","PADWSM",8.09574,6.685587,8.085664,7.480982,8.608069,7.921944,8.88497,9.042857,7.85614,10.238841,8.859316,9.864302,9.120626,9.312353,10.092352,8.982894,10.147747,9.305683,9.720767,9.578172,8.347252,8.608931,9.311765,"EFS_G5"
"66","PADWVR",7.682503,7.430879,7.118012,9.04777,8.237636,9.129951,8.411081,7.955353,7.650915,9.509075,8.125443,9.191342,9.119455,8.523829,9.442775,8.489881,9.792435,8.735967,9.616167,9.89653,7.61984,8.213358,8.387581,"EFS_G5"
"67","PADXAS",7.590045,6.218363,7.552776,8.004112,8.150606,8.452289,8.398557,8.471518,7.78185,9.263014,8.582644,8.942526,9.191077,8.410477,9.192604,8.065718,9.397629,8.883034,9.470798,9.344843,7.032492,8.011489,8.63695,"EFS_G5"
"68","PADXBB",6.741941,5.538607,6.96718,6.763204,8.524458,7.851131,7.789905,7.074073,8.295384,9.953206,8.228579,9.651707,9.080626,8.647306,9.471842,8.43459,10.384439,9.782203,9.454438,9.320163,8.186165,7.957402,8.089328,"EFS_L5"
"69","PAIDJS",7.962499,6.85637,7.698216,5.375934,8.200123,8.874102,6.482994,7.74427,7.932884,9.594668,7.929494,9.29428,9.14001,8.393598,9.097677,8.60942,10.127649,8.96538,10.264075,9.511815,7.56784,7.406087,8.17436,"EFS_G5"
"70","PAIEIF",8.627081,5.870957,7.561572,6.135833,8.139364,9.071029,6.548536,7.879762,7.718255,10.031668,8.449984,10.20269,9.075844,8.989669,9.626849,9.042038,10.542951,8.898694,10.726083,10.043312,8.266022,8.43682,8.662042,"EFS_L5"
"71","PAILZJ",7.116047,6.486715,7.113472,7.766179,8.246573,8.510601,8.242119,8.112198,7.649376,9.789193,8.918954,9.595137,8.976732,8.780901,9.480155,8.30236,9.898233,8.872989,9.983698,9.610197,7.767661,8.254989,8.137635,"EFS_L5"
"72","PAIMDS",7.449443,5.744272,7.178262,5.072038,8.024094,8.400978,6.077644,7.714084,7.560144,9.502111,8.606559,9.130463,8.841049,8.416473,9.091649,8.109524,9.649867,8.328327,9.526148,9.318373,7.602187,7.85548,8.502217,"EFS_L5"
"73","PAIPGU",7.571024,6.766944,7.834329,8.80284,8.440506,9.112982,9.131016,9.534158,7.719498,9.818521,8.984025,9.823941,9.269386,9.379488,10.172964,9.198408,10.261764,9.967233,10.036137,9.813708,8.439181,8.347897,8.502172,"EFS_L5"
"74","PAIPUD",7.411564,6.011726,7.351504,6.623548,8.087383,8.483377,6.901702,7.560345,7.76841,9.664792,8.625711,8.878325,9.004647,8.448005,9.324716,8.392323,9.653627,8.600347,9.420682,9.121334,7.483451,7.621821,8.355238,"EFS_G5"
"75","PAIRDP",9.0478,7.863453,8.329543,8.713925,8.838277,9.607087,8.021895,8.681822,8.368118,11.045584,9.530341,10.890488,9.855086,9.711054,10.242085,9.339874,10.838027,9.934688,11.012253,11.030646,8.611831,8.796307,9.462981,"EFS_L5"
"76","PAIRIK",7.300355,5.901847,7.348193,6.956041,8.185756,8.486846,7.529476,7.799809,8.028733,9.440812,8.272232,8.915132,8.702253,8.368887,8.967837,8.122968,9.351123,8.899758,9.44591,9.310867,7.698331,7.962359,8.381068,"EFS_G5"
"77","PAIRLN",7.830606,6.475235,7.521314,9.405964,8.891339,9.090622,9.200402,8.866256,8.126406,10.380491,8.807477,9.646639,9.680118,9.499998,10.067583,8.707527,10.344504,9.696263,10.277795,9.50232,8.479895,8.173065,8.619446,"EFS_G5"
"78","PAISNS",7.381654,6.839899,7.16753,8.509843,8.391333,9.034288,9.220219,10.232865,7.922571,10.151159,8.297487,8.914575,8.985677,8.906463,9.883184,8.342119,9.888535,9.340625,10.126987,9.181056,7.606355,7.432623,8.671107,"EFS_L5"
"79","PAITCI",8.483626,6.200403,7.830768,7.633255,8.198367,9.116488,8.183443,8.807725,8.132053,9.748657,8.597152,9.768403,9.034885,8.840691,9.323305,8.554151,9.984651,8.433464,9.477468,9.651626,8.115661,8.248484,8.90709,"EFS_L5"
"80","PAITEG",7.456525,6.352108,7.103343,5.583088,8.530568,8.415014,6.545508,7.163201,8.01392,10.266727,8.828433,9.784897,9.420454,8.914987,10.061097,8.880058,10.317581,9.234807,10.629277,9.561902,7.949998,9.044725,8.176569,"EFS_L5"
"81","PAITRM",7.625745,7.20376,7.342532,8.664655,8.193353,8.634088,8.682492,8.767432,7.768312,9.822698,8.73517,9.044226,9.075998,8.723128,9.434984,8.514215,9.692808,8.936782,9.730413,9.483517,8.143235,7.817897,8.362761,"EFS_G5"
"82","PAITZV",7.823895,6.363021,7.795487,8.346287,8.558117,8.767259,8.86894,8.150973,8.193112,10.307525,8.876814,9.592755,9.439788,8.997495,9.819922,8.826463,10.287931,9.980759,10.467213,9.805105,8.605756,8.045888,8.583564,"EFS_G5"
"83","PAIUJB",8.500469,6.482192,8.081932,8.615941,8.548613,9.621148,8.104721,8.775288,7.819565,10.583905,9.277269,10.685219,9.619811,9.585453,10.125654,9.564143,10.746472,9.724649,10.849353,10.884327,8.495784,8.865069,9.334064,"EFS_L5"
"84","PAIVHE",7.173979,6.527797,7.184912,7.839004,8.305443,8.706515,8.253036,8.500413,8.000668,9.856016,8.932071,9.496424,9.32377,8.944107,9.378035,8.28875,9.876425,8.995942,10.013535,9.291896,7.85927,7.931894,8.034791,"EFS_L5"
"85","PAIVMJ",7.592675,6.853403,7.431974,7.530073,8.250927,8.788358,7.949659,8.425678,7.691447,9.7137,8.311737,9.484809,9.327236,8.842863,9.44579,8.698618,9.92213,8.890162,10.120933,9.885817,7.30017,7.793468,8.172621,"EFS_G5"
"86","PAIVZR",7.960486,6.401324,7.251758,7.894775,8.530554,9.63982,7.849679,8.054924,8.146141,10.487419,9.392658,10.250755,9.837218,9.318932,9.905596,9.031937,10.162963,9.317222,10.23154,9.999673,7.96972,8.485444,8.833796,"EFS_L5"
"87","PAIWHU",7.546182,6.030839,7.771815,6.689608,8.20178,8.804646,7.10641,7.730598,7.990216,9.298128,7.658883,8.493446,8.681937,8.295271,9.230459,8.26719,9.584054,8.428354,9.454138,9.002221,7.072808,7.583324,8.773205,"EFS_G5"
"88","PAIWVG",7.192967,6.1213,7.421408,7.81198,8.621257,8.880258,9.348208,8.683978,8.029528,9.608685,8.87511,9.18202,9.30594,8.877703,9.427008,8.661118,9.844257,9.286932,9.951552,9.343739,8.264203,7.93864,8.312607,"EFS_L5"
"89","PAIXLC",7.771959,6.178759,8.237966,6.734131,8.288373,9.005178,7.523579,8.211578,7.993748,9.491195,8.197129,9.353333,9.260431,8.262473,9.385702,8.750451,9.843145,9.171146,10.049338,9.962605,7.850602,7.943836,8.376787,"EFS_G5"
"90","PAIXNG",8.464194,7.751023,8.369038,9.548161,8.238123,9.49133,8.503054,9.317353,8.504672,9.876552,8.257101,9.493251,9.512707,9.081267,9.621148,8.562419,9.911858,9.593688,10.003122,9.68212,8.349691,7.854535,8.736168,"EFS_L5"
"92","PAJYHP",7.512515,6.032701,7.532234,8.816962,8.190959,8.749851,8.700088,8.589632,8.191742,9.41235,8.090048,9.126665,8.855052,8.54259,9.299352,8.109355,9.498199,8.592394,9.211342,9.458218,7.441869,7.786883,8.188876,"EFS_L5"
"93","PAJYLA",7.839627,6.901732,7.565362,8.530351,8.418425,9.233821,7.938411,7.901433,8.396312,10.085101,8.558292,9.813318,9.392176,8.670831,9.768469,8.726564,10.341727,9.209734,10.186675,10.080606,8.603244,8.363417,8.541851,"EFS_L5"
"94","PAJYVA",7.915873,6.064732,8.162976,8.220777,8.653102,9.485601,8.377066,8.718431,8.574844,9.632355,8.203446,9.448199,8.942358,9.160606,9.545344,8.400853,10.029664,9.157986,10.025038,9.995702,7.688897,8.785964,9.340968,"EFS_L5"
"95","PAJZUU",8.414284,7.481512,7.814698,7.344325,8.890486,8.948196,8.741398,8.238728,8.791202,10.427679,8.721475,9.981798,9.395016,9.145956,10.014821,9.439355,11.019359,10.351134,10.81307,10.551823,9.135735,8.356409,8.989572,"EFS_L5"
"96","PAJZWL",7.739314,6.543722,7.765057,7.657915,8.590244,9.386989,8.65138,8.987065,8.246315,9.640849,8.236942,8.789251,9.507876,8.499233,9.596695,7.998928,9.961694,9.341514,9.824738,9.018582,7.789487,7.742456,8.70951,"EFS_L5"
"97","PAKACY",8.256596,6.243994,7.680587,8.709751,8.248844,9.82976,7.688999,8.327778,7.964565,10.284261,8.629632,10.265103,9.619582,9.672736,10.014672,9.521766,10.952212,9.603493,10.767162,10.625164,8.739763,8.700798,9.059001,"EFS_L5"
"98","PAKADI",7.778035,5.635272,7.599522,6.23452,7.826511,8.616136,6.417916,7.021539,7.482248,9.460762,8.156398,9.101701,9.023291,8.504608,9.217702,8.476856,9.999799,8.77837,9.403287,9.713663,7.268469,7.817339,8.599173,"EFS_L5"
"99","PAKAFK",7.902476,6.932981,7.663991,7.729412,8.073687,9.023561,8.301905,8.566605,8.191631,9.789728,8.238682,8.872445,9.192081,8.802636,9.713232,8.244744,9.742376,9.085295,10.34105,9.218199,7.442323,7.519175,8.471574,"EFS_G5"
"100","PAKANZ",7.264835,6.888322,7.725612,8.739589,7.927199,8.719368,9.102171,9.244426,7.534679,8.915838,7.99391,8.759625,8.713106,8.387274,9.003956,8.011003,9.470609,8.758968,10.078722,9.57614,7.852939,7.624248,7.982936,"EFS_L5"
"101","PAKDHL",7.469123,6.363012,7.27385,9.067573,8.329218,8.700482,8.0433,8.844854,7.875056,9.796003,8.170347,9.227287,9.293639,8.397682,9.479329,8.141689,10.055838,8.497397,9.198173,9.70469,7.607336,7.499989,8.115504,"EFS_L5"
"102","PAKGCI",7.713395,6.174437,7.463689,6.996012,8.174634,8.920552,7.785336,8.458306,7.829656,9.833642,8.4585,9.265972,9.306386,8.600898,9.887255,8.887889,10.20464,9.338362,10.116668,9.779257,7.565668,7.918256,8.179046,"EFS_G5"
"103","PAKGKH",8.138998,6.131171,8.098536,8.385973,9.137879,9.221371,8.550913,8.791335,8.327935,9.848229,8.85837,9.220625,9.359436,8.901096,9.904584,9.324272,9.997786,9.689345,9.693063,9.203265,8.570309,8.234774,9.136366,"EFS_L5"
"104","PAKGMY",8.22934,6.383599,8.003561,8.587284,8.756512,9.139392,8.799903,8.913476,8.425395,10.052275,8.292224,9.841671,9.255628,8.820203,9.868211,8.711907,9.939734,8.953062,10.599553,9.796433,8.173143,8.69896,9.238188,"EFS_L5"
"105","PAKHAV",8.208752,7.72217,8.007759,7.522274,8.815841,9.003842,8.731143,9.396716,8.172886,9.838213,8.139851,9.744239,9.069266,8.669447,9.714501,8.732665,9.883099,9.768242,9.921352,9.948182,8.466699,8.437233,8.867486,"EFS_L5"
"106","PAKINP",7.349423,5.866395,7.726371,6.122518,8.201718,8.743458,7.090365,7.731014,7.708158,9.17935,7.984375,8.780267,8.95964,8.301133,9.166389,8.573778,9.529916,8.551154,9.78371,9.485594,7.430564,7.441068,8.651375,"EFS_G5"
"107","PAKJBA",8.816587,8.896272,8.227103,9.830331,8.905551,9.638838,9.931241,10.195412,8.076105,10.37889,8.981042,9.798497,9.445648,8.975622,10.150502,8.805238,10.250126,10.096826,10.434547,10.398935,8.852282,8.261401,8.816034,"EFS_G5"
"108","PAKSWB",7.899273,7.89871,7.48207,7.896369,8.331593,8.915029,7.83589,8.352492,7.718513,9.241131,7.888693,8.82225,8.693553,8.128625,9.296942,8.665561,9.632762,8.604368,9.524587,9.243468,7.448021,7.570944,8.379507,"EFS_G5"
"109","PAKUXT",8.043652,6.322626,7.982049,8.428996,8.575431,9.180026,9.233509,8.623008,8.037649,9.646697,8.520886,9.077832,9.334052,8.551425,9.276321,8.395631,9.339457,8.80062,9.685853,9.40775,8.055309,7.883979,8.933802,"EFS_L5"
"110","PAKWCJ",7.532678,5.990656,7.479707,6.449817,8.224289,8.688338,7.607107,7.726246,7.829787,9.316062,7.981087,8.665019,8.890613,8.492586,9.188781,8.41656,9.658901,8.438466,9.482318,8.817422,7.415957,7.501382,8.322907,"EFS_G5"
"111","PAKXDZ",8.629463,6.388972,8.354103,8.735844,9.052083,9.664417,8.738385,8.910879,8.321094,10.195909,9.474914,10.119435,9.613647,9.766272,10.555467,10.03144,10.879599,10.378984,10.902982,10.35438,9.452254,8.763116,9.62321,"EFS_L5"
"112","PAKYZS",7.254516,5.993659,7.120685,4.751092,8.067788,8.027882,6.435623,7.264263,7.750375,8.805079,7.8828,8.759621,8.464269,7.996086,8.305638,7.973602,9.277911,7.611741,9.219882,8.323993,7.57444,7.873908,8.622368,"EFS_L5"
"113","PALAWZ",7.744167,6.303858,7.073764,7.127716,8.868693,8.973593,7.821825,7.605206,8.250719,10.322823,9.193006,10.034018,9.693359,9.498636,10.023124,9.495339,10.595458,9.690676,10.539052,9.829637,8.571492,8.291047,8.478994,"EFS_L5"
"114","PALBFV",8.820508,7.583582,8.463779,9.693864,8.968581,10.054929,9.578164,9.368235,8.487666,9.871618,9.064671,10.028403,9.688698,9.368519,9.963662,8.968087,10.010795,9.627783,10.65966,10.172673,8.674382,8.592021,9.374622,"EFS_L5"
"115","PALBFW",7.826653,5.654791,7.327423,5.708346,8.104113,8.583413,6.657279,7.408455,7.615949,9.073763,8.332735,8.459151,8.957226,8.457005,9.105244,8.466203,9.513803,8.698091,9.486647,8.874924,7.509242,7.33492,8.721012,"EFS_L5"
"116","PALEAC",7.879081,6.410442,7.579184,7.198116,8.123032,9.052892,7.702081,8.41435,7.880165,8.981099,7.777675,8.994137,8.786252,8.315154,9.102486,8.169996,9.504927,8.582873,9.600757,9.506111,7.55565,7.611073,8.330215,"EFS_G5"
"117","PALEBK",7.877889,6.855363,7.613036,7.474399,8.345772,9.000664,8.342622,8.421036,7.700088,9.484703,7.866454,8.971166,8.904998,8.605065,9.420166,8.517106,9.883947,8.775309,9.642682,9.367561,7.650899,7.685208,8.246261,"EFS_G5"
"118","PALETP",8.132698,6.415135,7.814945,8.393238,8.282089,9.438524,8.704893,8.559407,7.829716,9.245935,8.440935,8.850682,9.13253,8.352268,9.112207,8.800639,9.563997,8.389049,9.61818,9.150818,7.751442,7.515985,8.713716,"EFS_L5"
"119","PALFRE",7.996821,6.839998,7.556466,6.25023,8.53158,8.986105,7.301712,8.144922,8.027489,10.311142,8.516822,9.813597,9.388414,8.972625,10.146193,8.992379,10.43933,10.264371,10.503953,9.837547,8.256504,7.977851,8.165052,"EFS_L5"
"120","PALFSE",8.080739,7.268897,7.595378,5.475728,8.237381,9.233171,6.50953,8.305306,7.993396,10.106155,8.450938,10.043795,9.046203,9.016372,9.925125,9.401492,10.453761,9.274791,10.928512,10.389753,8.431684,8.788731,8.642015,"EFS_G5"
"121","PALGFF",8.313071,6.608906,7.778743,6.534972,8.122127,8.406298,7.174155,7.571079,7.864001,9.569188,7.836783,9.201153,8.539493,8.513245,9.830935,8.750648,10.219055,9.362938,9.901257,9.616395,7.707322,7.814148,8.517592,"EFS_L5"
"122","PALHVD",7.504333,6.165036,8.07038,8.808777,8.407541,9.043221,8.928502,8.568376,8.01518,9.279386,8.444379,8.81683,9.11533,8.447057,9.247959,8.159681,9.693601,8.756778,9.202538,9.027346,7.706917,8.015509,8.79299,"EFS_L5"
"123","PALIIN",8.130783,7.387264,7.254373,8.905604,8.233796,9.134861,8.816898,8.561868,7.479868,9.10949,7.902866,8.788783,9.271939,8.433325,9.462067,8.213275,9.768025,9.346495,9.59125,9.749355,7.744116,7.537994,8.145309,"EFS_L5"
"124","PALKKV",7.441135,5.742265,7.457698,5.61167,8.166909,8.491379,7.001991,7.770574,7.949145,9.363142,7.986176,9.148718,8.957383,8.800787,9.357929,8.26885,10.273255,9.259525,9.791887,9.910211,7.675692,7.848762,8.602449,"EFS_G5"
"125","PALKUC",7.539697,6.552159,7.598983,7.411449,8.64901,9.123549,8.28291,8.235512,8.395408,10.232972,9.174825,9.690341,9.54544,9.237391,10.117982,8.198888,10.077831,9.579787,10.426237,9.73295,8.331454,8.435884,8.808211,"EFS_G5"
"126","PALLJJ",8.288612,5.926126,7.544279,5.106102,8.92186,8.586378,6.678856,7.702753,7.825523,9.682825,7.976575,9.333118,8.81943,8.052461,9.64653,8.585267,9.96449,9.30021,9.52155,9.077322,8.469964,8.892448,8.815348,"EFS_G5"
"127","PALNFE",7.441358,5.457923,7.283998,6.491326,8.188717,8.698859,7.178067,7.828511,7.917695,8.716499,7.442657,8.422877,8.588793,7.964524,8.718002,8.150902,9.266112,8.327541,9.148015,9.058572,7.364311,7.39026,8.33643,"EFS_G5"
"128","PALNHZ",8.39536,7.016076,8.534871,8.825035,8.841755,9.564447,9.692047,9.016247,8.79835,10.167168,9.217235,10.032343,9.494208,9.428501,9.728308,9.146152,10.403713,9.447485,10.799928,9.992553,8.177191,8.613753,9.641361,"EFS_L5"
"129","PALNVP",8.201798,6.546264,7.548025,6.872139,8.351643,8.850186,7.228755,8.30807,7.803218,9.634502,8.25854,8.974668,8.944632,8.760839,9.575826,8.9448,9.890237,9.01,10.077278,9.586281,8.12955,7.971085,8.784212,"EFS_G5"
"130","PALPIN",7.46607,5.725328,7.782444,5.33589,8.063346,8.448508,6.52201,7.436036,7.740777,9.459943,7.87139,8.83152,8.834918,8.114496,9.150522,8.285054,9.914545,8.907947,9.681903,9.313636,7.352954,7.816811,8.422119,"EFS_G5"
"131","PALPSY",8.023585,6.223195,7.619896,7.071356,8.21977,9.178758,8.052626,8.445423,7.770911,9.314843,7.901175,8.880803,9.063968,8.415632,9.270276,8.414456,9.911599,8.917763,9.819308,9.632156,7.422678,7.808407,8.281556,"EFS_G5"
"132","PALSAE",7.87498,6.774924,8.041795,8.050016,8.284295,8.639151,9.305153,8.888243,8.227868,9.786997,8.278148,8.956857,9.090621,8.691636,9.59698,8.505179,9.700971,8.866771,9.414232,9.742488,8.044227,7.813366,8.292753,"EFS_L5"
"133","PALTYB",8.264249,6.595916,7.180284,4.993902,8.644707,9.030514,6.259853,7.827613,7.604817,9.197762,8.31504,9.031695,8.92125,8.418014,9.200394,8.61487,9.142618,8.821996,9.951823,9.396951,8.52357,8.73643,8.986859,"EFS_L5"
"134","PALUDH",8.059137,6.014396,7.655455,7.923933,8.420892,9.029446,8.643105,8.992021,8.276379,9.842258,8.682223,9.245539,9.324339,9.110684,9.976321,8.774402,9.905769,9.785489,8.911468,9.670905,8.030097,7.926913,8.982242,"EFS_G5"
"135","PALUYS",8.106425,6.436149,7.990436,8.536614,8.357055,9.465987,9.410425,9.200893,7.850807,8.978225,8.52165,8.62343,8.886997,8.29892,9.166275,8.262935,9.304698,9.252824,8.969582,9.17856,8.321928,8.018944,8.529138,"EFS_L5"
"136","PALVKK",7.610446,6.748071,7.231133,6.537311,8.28623,8.824833,7.057421,7.846862,7.977452,9.425062,8.302049,9.217394,9.170915,8.590896,9.491833,8.366175,9.797046,9.094669,9.985859,9.050733,7.910572,8.171218,8.372262,"EFS_L5"
"137","PALVUC",7.548713,6.323514,7.434138,6.961034,8.236771,8.321249,7.37645,7.915442,7.517825,9.142488,7.314396,8.751153,8.629334,8.329818,9.118969,8.06716,9.560349,8.811652,9.064728,8.903086,7.384487,7.54757,8.331268,"EFS_G5"
"138","PALVVH",7.855955,6.369635,7.474349,7.974057,8.206895,8.954097,7.90186,8.370744,7.855652,9.628514,8.388329,9.553717,9.217102,8.699089,9.505397,8.848304,10.127524,9.316103,10.12111,9.571026,7.625064,8.077596,8.36488,"EFS_G5"
"139","PALWBT",7.65578,5.851112,7.189833,5.010527,8.280948,8.526161,6.723005,7.401283,7.807691,9.04721,7.676363,8.664205,8.823985,8.050152,8.914194,8.25812,9.475407,8.024113,9.627088,8.296086,7.833655,8.206576,8.214101,"EFS_G5"
"140","PALWSJ",8.635584,8.066528,8.35572,9.298573,8.661598,9.138091,9.086778,9.551472,8.25301,10.195544,8.723953,9.862938,8.998227,8.77737,10.097684,8.808223,10.364965,9.49078,10.553696,10.024701,8.543108,8.285042,9.113676,"EFS_G5"
"141","PALWVJ",8.502344,6.128163,7.711941,8.346027,8.990017,9.625312,8.893818,8.649508,8.471891,10.347251,9.697346,9.740034,9.593931,9.345047,10.06243,9.481211,10.858741,10.091752,10.480097,9.771077,8.62119,8.515596,9.032313,"EFS_L5"
"142","PALWXP",8.092352,7.215484,7.885375,8.63001,8.252644,9.500515,9.079231,9.386908,7.854815,9.956126,8.507852,9.50089,9.042287,8.773541,9.858131,8.793983,10.129683,9.016423,10.522487,9.749457,8.078158,8.000804,8.364501,"EFS_G5"
"143","PALXTB",7.662023,5.236293,7.323559,5.818702,8.163125,8.895626,6.422323,7.473498,7.573377,9.511944,8.313058,8.546467,9.028605,8.40674,9.334005,8.685563,9.97633,9.06216,9.746438,9.309366,7.751137,7.438209,8.564257,"EFS_G5"
"144","PALXTE",8.14937,6.973871,7.559686,7.332036,8.263879,8.973741,8.267267,8.657444,7.577344,9.363442,8.217073,8.701951,9.104172,8.424246,9.498232,8.193136,9.975293,8.691526,9.940843,9.566966,7.762837,7.484634,8.246034,"EFS_G5"
"145","PALXUM",8.243738,5.806593,7.51178,5.740811,8.252863,9.263183,6.775341,7.633259,7.8103,9.408505,8.606851,8.910909,9.376179,8.857169,9.641545,8.350436,9.676999,9.037578,10.071757,9.783347,7.886934,7.852872,8.41862,"EFS_L5"
"146","PALYEC",8.152996,6.772995,8.020579,9.06014,8.836118,9.670196,9.23793,9.279885,8.617638,10.280437,8.793277,9.917891,9.54907,9.268926,10.141559,9.223455,10.35711,9.868183,10.686907,10.531347,8.273258,8.772278,9.035073,"EFS_L5"
"147","PALYLZ",7.525259,5.760721,7.440005,6.714521,8.338324,8.839997,7.575268,7.817099,7.96604,9.488603,8.036771,9.004527,9.085855,8.686632,9.426174,8.646308,9.781091,9.000813,9.679375,9.522271,7.531038,7.567156,8.68054,"EFS_G5"
"148","PALYPW",7.299052,6.846669,7.317874,4.657546,7.781407,8.513418,6.355759,7.412109,7.902771,9.62944,8.212751,9.477647,9.067076,8.505055,8.791404,8.485737,9.800766,8.312087,9.966648,9.203026,7.637601,7.936425,8.312161,"EFS_L5"
"149","PALZRG",8.427435,7.021476,8.259052,9.397354,9.606427,9.754262,9.442925,9.529261,8.376369,10.033706,8.685316,10.145702,9.735401,9.098804,10.204028,9.248038,10.555674,9.916501,10.55163,10.859419,8.554951,8.78209,9.322899,"EFS_L5"
"150","PALZZV",8.610515,7.029976,7.813229,9.398749,8.703751,10.021597,9.385885,9.32257,8.355537,9.89022,8.507807,9.352166,9.129543,8.941888,9.988013,8.383245,10.009238,9.872116,10.398848,9.897763,9.060123,8.527175,9.303883,"EFS_L5"
"151","PAMACS",8.483673,6.713299,7.631243,8.135215,8.561635,9.369692,8.126122,8.61961,8.185678,10.020215,8.926902,10.015312,9.442346,9.051999,9.793255,9.144291,10.423581,9.56753,10.158967,10.069744,8.553901,8.238802,8.621854,"EFS_L5"
"152","PAMAFV",7.801304,7.109575,7.623397,7.430977,8.50457,9.027922,8.524113,8.737983,7.813301,9.87874,7.928706,8.97262,8.693726,8.412745,9.603453,8.516722,9.702055,8.589457,9.624452,9.386757,7.685451,7.591488,8.569141,"EFS_G5"
"153","PAMAJT",7.71447,6.887099,7.643307,7.811559,7.977319,8.274882,8.13594,8.5537,7.748921,9.347481,7.593472,8.931496,8.754884,8.472388,9.258121,8.061247,9.937563,8.985196,9.04036,9.225128,7.557382,7.721988,7.990449,"EFS_G5"
"154","PAMBDH",8.090849,7.012244,7.732294,8.77775,8.22771,9.574223,8.76986,9.124979,8.579494,9.890016,8.440839,9.715173,9.203485,8.984947,9.344233,8.786093,9.810476,8.517561,9.813415,9.389226,8.130853,8.59854,9.725384,"EFS_G5"
"155","PAMBMJ",8.237948,7.776552,8.232774,8.818517,8.678123,9.203391,9.170907,9.138717,8.073846,9.916869,8.369295,9.396432,9.303441,8.744889,9.755086,8.631267,10.116625,9.473018,10.329117,10.179976,8.139913,8.094936,8.607277,"EFS_L5"
"156","PAMBYG",8.216336,6.754184,7.40491,8.132246,8.269373,9.730122,8.208742,8.424712,8.160381,9.679376,8.150597,9.476123,9.197949,8.730931,9.325644,8.626712,10.003821,8.687849,10.205395,9.758177,7.703688,7.930915,9.197377,"EFS_L5"
"157","PAMCXF",7.651174,6.537967,7.256643,9.137161,9.15739,9.298148,8.774569,8.902618,8.030493,10.428445,9.438513,9.749976,10.008646,10.068401,10.567083,9.668778,10.738139,9.090849,10.158907,9.737666,8.081491,8.426134,8.6763,"EFS_L5"
"158","PAMEHH",8.004154,6.571691,7.297972,5.505808,8.128362,8.915283,6.352345,7.804948,7.553995,9.173278,7.75226,8.717675,8.498459,8.133085,8.944088,8.361897,9.314397,7.747778,9.677292,8.975638,7.757477,8.236976,8.521616,"EFS_L5"
"159","PAMEZH",8.144982,6.146902,7.511255,7.426384,8.440077,9.064767,8.113991,8.221857,8.003225,9.391989,8.074708,8.914171,8.937586,8.377407,9.287369,8.383109,9.724013,8.674788,9.177223,9.131468,7.788776,8.030067,8.865161,"EFS_L5"
"160","PAMJED",7.805735,6.590471,7.619768,8.064809,8.742136,9.624634,9.090143,8.141046,8.258351,10.106594,9.640158,9.945929,9.741435,9.482958,9.897554,8.839301,10.437895,9.538037,10.472133,9.950336,8.1383,9.041046,8.680272,"EFS_L5"
"161","PAMLMY",8.343333,7.165335,8.096252,8.276608,9.09885,9.414571,8.794621,9.794704,8.29969,10.293275,8.692086,9.934307,9.592447,9.098959,10.511428,9.173404,10.798749,10.447625,9.723098,10.678077,8.773453,8.612597,8.623898,"EFS_G5"
"162","PAMLNB",7.832535,7.253542,7.767959,6.462665,7.618408,9.556746,6.830353,8.228472,8.4914,9.976769,8.558225,9.831465,9.30528,9.264907,9.846515,9.012576,9.964649,9.254055,10.691697,9.760623,8.109774,8.569267,8.631736,"EFS_G5"
"163","PAMMXF",8.751786,6.872798,8.303859,9.512889,8.854481,10.099584,8.981271,9.359767,8.674591,10.846996,9.276681,10.729293,10.018219,10.181327,10.161368,9.682303,10.730243,9.948903,11.25896,10.957428,8.965692,8.87357,9.501605,"EFS_L5"
"164","PAMMYR",7.604116,7.03945,7.782767,7.911748,8.609139,9.026189,8.768456,8.848295,7.777444,9.786055,8.93687,9.565885,9.540584,9.138982,9.785189,8.817013,10.245049,9.429988,10.603612,9.793822,8.037171,7.959755,8.574786,"EFS_L5"
"165","PAMNAL",7.816149,6.710201,7.81092,8.529724,8.310035,9.235772,8.549303,9.036558,7.829266,9.405422,8.281068,9.161683,9.232543,8.744017,9.406916,8.524248,9.482429,9.106083,9.639452,9.74488,7.77577,8.012633,8.462438,"EFS_G5"
"166","PAMNLH",7.94137,6.091113,7.442515,6.880142,8.713102,8.831489,8.151017,8.265231,8.347312,9.774328,8.729118,9.227252,9.290722,8.747339,9.896944,8.858771,10.297472,9.452878,10.016973,9.315123,8.201292,7.819696,9.060862,"EFS_L5"
"167","PAMVCL",7.429583,6.076092,7.210734,7.618787,8.120756,8.912937,8.361014,8.244116,7.966427,9.631162,8.323745,9.655189,9.039081,8.999839,9.71475,8.617885,9.975301,9.352828,9.872583,10.029501,7.829147,7.748328,8.472593,"EFS_G5"
"168","PAMXWF",7.812468,5.91474,7.774554,7.970528,8.707081,8.838542,8.726802,8.33623,7.980135,10.014423,9.308716,9.528097,9.77581,9.276946,9.811116,8.901608,10.169477,9.49258,9.963583,9.482081,8.249676,7.835717,8.809205,"EFS_L5"
"169","PAMYCE",7.249269,6.171006,7.488577,7.727852,8.196644,8.418451,8.580764,8.645569,8.169252,9.064355,8.295247,8.786851,9.035166,8.618959,9.446414,8.362677,9.737246,9.500419,9.146755,9.213985,7.807359,7.532997,8.360483,"EFS_L5"
"170","PAMYVA",7.613633,5.955505,7.277137,7.372028,8.190182,8.737856,7.996642,7.98964,7.843389,9.206405,8.544345,8.783745,8.632207,8.098112,8.976157,8.139655,9.461467,8.307761,9.119818,9.438623,7.676197,7.701839,8.212754,"EFS_G5"
"171","PAMZCE",8.254849,6.11402,8.135945,8.19413,8.385882,9.454915,8.158041,8.447807,8.444125,10.149958,8.367256,9.470023,9.349106,9.095373,10.141657,8.97576,10.174301,9.958618,10.373878,9.474545,8.278896,8.327236,9.486901,"EFS_G5"
"172","PAMZMG",8.636897,6.642272,8.051103,9.002035,9.002253,9.849669,9.15082,9.271265,8.831887,10.705463,9.54046,10.782754,9.599581,10.271272,10.2832,9.412964,10.995997,9.94559,10.904793,10.901199,8.731743,9.352675,9.736711,"EFS_L5"
"173","PAMZYM",7.746905,7.098952,7.257349,8.933729,8.124356,8.988734,8.77655,8.914849,7.701471,9.497985,8.942489,9.278231,8.957525,8.727785,8.81939,8.703871,9.961745,8.42605,10.349073,9.490854,7.53144,7.466661,8.218297,"EFS_G5"
"174","PANBJH",7.518746,6.44595,7.372682,8.237292,8.612123,8.585604,8.472169,8.44025,8.099192,9.527758,8.26127,8.728132,9.185847,8.583111,9.296508,8.911904,9.611496,9.066474,9.169632,8.948607,7.755487,7.377534,8.700393,"EFS_L5"
"175","PANBMJ",7.49765,6.256609,7.451438,5.485785,8.106629,8.268707,6.802415,7.473952,7.69566,9.955587,8.403216,9.537906,8.915143,8.733294,10.044078,8.482374,10.222822,9.32773,9.862533,9.846895,7.848861,8.048492,8.423245,"EFS_L5"
"176","PANBSP",8.997791,7.880079,8.338042,8.734032,8.478052,9.920181,8.64075,9.122405,8.738622,10.344132,9.337157,10.538164,9.317116,9.5591,10.654161,10.050463,10.832598,9.964989,11.664827,10.868108,9.100945,8.722968,9.143842,"EFS_L5"
"177","PANCYF",8.284553,7.219132,7.7618,9.166571,8.275996,9.395257,8.48065,9.001017,8.241306,9.775362,8.586638,10.057346,9.492765,9.133628,10.15576,9.179202,10.36436,10.011515,10.676957,10.388991,8.385081,8.295937,8.952457,"EFS_L5"
"178","PANDHZ",7.117195,6.472661,7.123949,7.31751,8.879098,8.673065,8.331091,8.139978,7.887306,10.167949,9.072132,10.171137,9.154838,9.125318,9.969144,9.033106,11.079325,9.646451,10.734128,9.400966,8.482102,7.792292,7.949737,"EFS_L5"
"179","PANGTS",7.946472,6.053638,7.196837,8.230959,8.337631,8.748294,8.188735,7.971483,7.470869,8.896625,9.31321,8.247917,9.157956,8.449714,8.814926,8.034236,9.363393,8.107036,9.222022,8.707705,6.95203,7.775697,8.328114,"EFS_G5"
"180","PANHUA",7.71326,6.040436,7.330753,7.148738,8.295981,8.307557,7.947013,8.076662,7.843417,9.198989,8.218997,8.782839,8.918568,8.360654,8.699212,8.028356,9.65512,8.440504,9.276168,9.173348,7.310334,7.529859,8.41373,"EFS_L5"
"181","PANLSG",7.839658,6.849442,9.109019,7.997009,8.415754,8.885633,8.022801,8.578762,8.052281,10.012496,8.406477,9.170519,8.624371,8.74538,9.2661,8.299704,10.001931,8.750871,9.275583,9.319307,7.433619,7.866352,9.027778,"EFS_L5"
"182","PANNIJ",8.214018,6.312015,7.88895,7.861793,8.610158,9.355533,8.172569,8.492222,8.473844,9.899598,8.783446,9.893712,9.242423,8.905743,9.565592,8.654855,10.109226,8.244907,10.429826,9.451181,7.674519,8.565423,9.211545,"EFS_L5"
"183","PANRRW",7.719046,6.207523,7.410651,7.218541,8.125563,8.805035,7.693828,7.687357,7.940851,9.053435,8.577356,8.773878,8.746847,8.253768,8.747188,8.319684,9.359266,7.941194,9.395208,9.05522,7.76711,7.365238,8.599065,"EFS_L5"
"184","PANUKV",9.144883,7.705002,8.503681,9.922778,9.185173,10.215537,10.050374,9.939631,9.053705,10.693975,9.373306,10.866105,9.66753,9.972209,10.765821,9.67503,10.949752,9.441622,11.103397,11.142832,8.548546,9.214489,10.11292,"EFS_L5"
"185","PANUVK",7.547156,7.076281,7.548197,8.716086,8.54332,9.264583,8.946501,8.758517,8.223672,9.901082,8.954744,9.807331,9.560068,9.081362,10.332732,8.797945,10.121703,9.748165,9.981447,9.846343,7.962704,8.437169,8.249505,"EFS_G5"
"186","PANVAN",7.157209,6.924962,7.300201,6.790513,8.366584,8.360446,7.580639,8.099746,8.006572,9.745896,8.51005,9.225079,9.205903,8.558741,9.252222,8.168404,9.821618,8.746188,10.305912,9.22394,7.446991,7.810685,8.032676,"EFS_L5"
"187","PANYGR",8.488711,6.830263,7.688223,8.83105,8.392545,9.25707,9.13422,9.238627,8.487888,9.78218,9.410557,9.487541,9.256006,9.110941,9.710967,9.321992,10.365533,9.958939,10.01297,9.540709,8.484266,7.890319,8.791473,"EFS_L5"
"188","PANZHT",7.89387,6.430238,7.527709,7.995186,8.182117,8.486572,8.30556,8.237967,8.180075,9.427813,8.150678,8.930451,8.98476,8.657141,9.69271,8.64375,9.780914,9.529191,9.563395,9.349187,7.792989,7.953361,8.37164,"EFS_G5"
"189","PANZPV",7.866958,6.029466,7.572028,7.593437,8.106649,8.457232,7.70481,8.246367,7.789368,9.078334,8.359592,9.172987,8.92119,8.487252,9.519139,8.393768,9.770816,9.103543,9.483088,9.861062,7.653677,7.949329,8.224124,"EFS_L5"
"190","PAPAKS",8.232095,6.67298,7.786489,8.056066,8.611326,8.815114,8.463026,8.728412,8.13756,10.156275,7.967928,8.782437,9.170741,8.363213,10.310023,8.662693,10.075981,9.856665,9.640453,10.326938,7.885421,8.363977,8.358403,"EFS_G5"
"191","PAPBGH",9.206139,7.245906,8.453358,9.489903,9.180347,10.278637,8.435248,9.331766,8.783158,10.791491,9.417633,10.240871,9.885504,9.916278,10.720158,9.821603,10.827862,10.291315,11.282033,10.369518,9.149614,8.656062,10.361478,"EFS_L5"
"192","PAPBZI",8.389596,7.20352,8.005777,9.314769,8.447811,9.712373,8.485174,8.809106,8.052775,10.2339,9.251145,10.439759,9.587662,9.337804,10.457132,9.396516,10.766698,10.273287,10.49242,10.617532,8.831116,8.414266,8.696812,"EFS_L5"
"193","PAPEFE",8.381387,7.307506,7.857063,7.729734,8.521355,9.298088,8.2247,8.451635,8.078913,9.642415,8.581313,9.4998,9.462254,8.747506,9.427021,8.807026,10.003999,9.002523,10.509442,9.860529,7.505376,8.175817,8.916456,"EFS_L5"
"194","PAPEJW",8.497159,6.324793,7.688056,8.346006,8.527701,9.341277,8.271951,8.533145,8.092995,9.657177,8.72763,9.595717,9.245678,8.952328,9.400718,8.642251,9.949275,8.819883,10.402533,10.111923,7.748816,8.419449,8.522716,"EFS_L5"
"195","PAPHPE",7.278239,5.422237,7.393081,4.799347,8.010996,8.679089,6.608333,7.584729,7.8595,8.860312,8.082254,8.372862,8.546598,8.217482,9.20598,8.060784,9.318666,9.162198,9.159228,9.093767,7.765574,7.872335,8.504667,"EFS_L5"
"196","PAPJLD",7.961796,6.327427,7.26932,5.16826,8.029036,8.859686,6.474698,7.451878,8.004775,9.390289,7.869599,9.09272,8.911939,8.507518,9.608913,8.586019,9.857788,9.116927,10.0273,9.434168,8.046491,8.587259,8.355935,"EFS_G5"
"197","PAPKWN",8.280283,7.380244,8.208924,8.855416,8.823888,9.49668,8.925068,9.260485,8.3463,10.408482,8.791747,10.111652,9.404475,9.232582,10.332414,9.171252,10.488095,9.938497,10.888342,10.686927,8.674222,8.639318,8.775962,"EFS_L5"
"198","PAPRTD",7.466668,6.762098,7.443291,4.959042,8.010766,8.660711,6.006595,7.871478,7.661938,9.741996,8.139408,9.466591,8.935282,8.709143,9.720012,8.49406,9.964063,8.78405,9.885873,9.402372,7.67391,8.143947,8.35145,"EFS_L5"
"199","PAPSEI",8.460331,6.489307,8.073496,9.446335,8.831874,9.737717,9.19858,9.473977,8.627848,10.330667,8.831538,10.446395,9.429854,9.490724,10.276186,9.202461,10.74648,9.748124,10.587177,10.777202,8.597058,9.029778,9.281784,"EFS_L5"
"200","PAPSKM",7.701225,6.602204,7.906986,8.062373,8.181142,8.868253,8.87825,8.970213,8.07657,10.160589,8.24889,9.609633,9.226037,9.01566,9.923384,8.535275,10.336223,9.51068,10.068027,10.045402,8.08135,7.757294,8.538557,"EFS_L5"
"201","PAPTIP",8.709843,7.087163,7.61122,9.300621,8.884768,9.895913,9.018656,9.532674,8.355754,10.809377,9.115439,10.578701,9.779635,10.077481,10.792926,9.110171,10.573551,10.115758,10.60828,10.898755,8.446559,8.904952,9.440026,"EFS_L5"
"202","PAPTLD",7.339913,5.993494,7.900691,8.365139,8.756995,8.989474,9.651005,9.420257,8.408431,9.870405,7.76642,9.230035,8.768888,8.745514,9.673614,8.243505,10.108261,9.151276,8.172012,9.449723,7.84884,8.187592,8.313257,"EFS_L5"
"203","PAPTLY",8.141861,6.583243,8.032912,7.813261,8.319588,9.372341,7.78918,8.386974,8.10627,10.156815,8.198296,9.698732,9.280809,8.863851,9.957228,8.933205,10.403243,8.858507,10.06805,10.05134,7.855955,8.045476,8.698225,"EFS_G5"
"204","PAPTMM",8.792438,7.830186,8.4647,9.289434,8.917547,10.296978,9.43132,9.588133,8.912145,10.4835,9.557943,10.460769,9.726253,9.89379,10.569772,9.351322,10.678337,9.605796,10.911518,10.983143,8.445583,9.167048,9.955876,"EFS_G5"
"205","PAPUAR",7.72663,6.328124,7.28949,8.320205,8.156029,9.282778,8.240323,8.312234,7.796545,9.52201,8.562226,8.774795,9.231134,8.774702,9.653053,8.579886,9.746229,9.320013,9.920572,9.195566,7.489423,7.280438,8.31586,"EFS_G5"
"206","PAPUEB",7.884358,6.901617,7.026177,9.232346,7.967888,9.131528,8.335144,8.635815,7.765872,9.699285,8.242271,9.226272,9.027308,8.908412,9.494194,8.7881,10.059327,9.236811,10.21661,9.884151,7.71582,7.522649,8.225569,"EFS_G5"
"207","PAPUNH",8.754705,7.132387,7.842382,8.981569,8.05112,10.061794,8.286382,8.760325,7.849725,9.879568,8.81309,9.643395,9.256012,9.88898,9.798964,9.129317,10.402492,9.728052,10.469747,9.882256,8.144139,8.116965,9.216869,"EFS_G5"
"208","PAPUTN",8.393136,7.077624,8.022409,9.409825,8.733673,9.373023,8.856466,9.081861,8.73177,9.787172,8.561971,9.805107,9.157336,8.904538,9.71468,8.64374,10.222531,8.934876,10.854522,10.000228,8.311836,8.523952,9.381779,"EFS_L5"
"209","PAPWUC",7.765358,7.245787,7.716989,7.545416,7.992788,9.105014,8.095883,8.820565,7.907036,10.244575,8.475694,10.074869,9.299572,9.21063,10.186942,9.038702,10.671758,9.39477,10.678767,10.423733,7.812438,8.081639,8.118257,"EFS_G5"
"210","PAPZYP",8.193098,6.930473,7.561504,9.565192,8.578105,9.64407,8.77239,9.048266,8.279491,9.701862,8.801299,9.450093,9.212763,9.04873,9.499568,8.765547,10.133871,9.353921,10.438182,10.012908,8.119637,8.352182,8.957697,"EFS_G5"
"211","PARABN",7.912362,6.46527,8.004426,8.570126,8.732565,9.043258,8.748812,8.81827,8.476927,10.222878,8.192161,9.604909,9.253879,8.750302,9.773101,8.445142,10.207593,9.347722,9.72229,10.109529,7.763343,7.857827,8.731454,"EFS_L5"
"212","PARACM",7.628953,6.973654,7.121788,7.785299,7.831332,8.889473,7.665141,8.206865,7.608518,9.167922,7.913679,8.551662,8.93635,8.458618,9.258877,8.287617,9.771329,8.82944,9.715396,9.031312,7.271234,7.362395,8.182446,"EFS_G5"
"213","PARAHE",7.303395,6.316087,7.978228,7.994173,8.151338,8.966306,8.153252,8.77508,8.280721,9.933705,8.541035,9.833745,9.276226,9.203383,9.923059,8.820028,10.384195,9.246213,10.2317,10.211495,7.791439,8.127448,8.470231,"EFS_L5"
"214","PARCWT",7.491086,6.95478,7.593957,8.079815,8.013365,8.872848,8.410594,8.63706,7.730346,9.918152,8.913501,9.340247,9.132823,8.866235,9.941995,8.514217,10.354957,8.909139,9.737358,9.873043,7.551158,7.664861,8.235633,"EFS_L5"
"215","PARDUJ",7.50714,6.281367,7.636335,7.320711,8.044981,8.16379,7.896158,8.109645,7.826733,9.444746,7.804315,8.697175,8.759093,8.301182,9.478477,7.974998,9.802451,8.431756,9.003225,8.996833,7.411713,7.515736,8.069444,"EFS_L5"
"216","PAREGK",7.576742,7.003599,7.688567,7.041237,8.049506,8.533926,7.629836,8.229849,8.094394,9.929931,8.115452,9.454805,9.117149,8.679411,9.574916,8.24978,10.022205,9.005087,9.822915,9.729639,7.535138,7.93352,7.989209,"EFS_G5"
"217","PARFBW",7.080451,5.767209,7.591688,4.915265,8.103607,8.120667,6.549005,7.195516,7.769779,9.814494,7.885515,9.002412,8.550201,8.524582,9.542086,8.40774,10.041946,8.535255,9.267523,8.54335,7.349125,7.843623,8.629846,"EFS_G5"
"218","PARGDJ",7.789728,5.892644,7.427728,5.536054,8.138614,8.847859,6.723953,7.720577,7.844471,9.677794,8.11647,8.959458,8.45459,8.304103,9.636015,8.041059,9.899518,8.508909,9.199118,9.227509,7.552801,8.348311,8.74155,"EFS_L5"
"219","PARGUX",7.788146,6.670983,7.636357,7.95059,8.291001,8.534284,8.319975,8.823985,7.895377,9.952424,8.170292,9.153071,9.219198,8.745647,9.694388,8.567399,10.125315,8.630163,9.418742,9.318,7.531984,8.06664,8.604884,"EFS_G5"
"220","PARHYL",7.721441,7.261566,7.763884,8.252144,8.203989,8.622987,8.042215,8.856075,8.158683,10.102365,8.643096,9.648171,9.41599,8.949444,10.009905,8.421623,10.029167,9.213627,9.816128,10.245952,7.944782,8.052214,8.048563,"EFS_G5"
"221","PARIKF",8.226595,6.194929,8.084762,9.471784,8.777354,9.654827,8.753058,9.096418,8.642929,10.508204,8.852083,10.51661,9.605207,9.467026,10.290743,9.102682,10.912295,9.656105,10.468743,10.885923,8.405951,8.785411,9.08994,"EFS_G5"
"222","PARIKT",7.499583,5.391207,7.265277,4.998309,8.17082,8.546311,6.829201,7.257738,7.721015,9.452361,8.452928,8.784915,8.503986,8.032181,9.025227,7.815298,9.584003,8.117748,8.368242,9.00014,7.662196,8.884398,8.517152,"EFS_L5"
"223","PARIRD",7.939875,6.162975,8.133115,8.636083,8.97953,9.883221,9.139935,9.585744,8.860069,10.351656,8.506443,9.860369,9.182887,8.896968,9.85065,8.721958,10.289616,9.769162,10.136773,10.008338,8.15745,8.571923,9.457099,"EFS_L5"
"224","PARJAR",7.582275,6.325641,7.425405,7.335153,8.222524,8.837652,7.868492,7.793819,7.610585,9.852405,8.808382,9.159079,9.483366,8.836297,9.766192,8.392328,10.171531,8.893098,9.687715,9.44601,7.682048,7.975503,8.421839,"EFS_L5"
"225","PARJTB",8.822688,7.286395,8.833598,10.164326,8.968877,9.885974,9.488169,9.815127,8.771625,10.682302,9.283055,10.480088,9.744452,9.854963,10.660895,9.239279,10.838852,9.769587,10.810675,10.987452,8.597482,9.232461,9.665581,"EFS_L5"
"226","PARMFA",7.894437,6.732833,7.465008,5.40674,7.827976,8.634019,6.280838,7.867675,7.724162,9.899049,8.542016,9.560129,9.034253,8.782775,9.833279,8.478132,10.247442,8.990728,10.01799,9.537012,7.737566,8.184793,8.410463,"EFS_G5"
"227","PARMTT",8.499763,5.99072,8.422371,8.587441,8.701274,9.569224,9.219949,9.293089,8.731946,10.188226,9.112854,9.622675,9.395609,9.526442,9.807899,8.94623,10.610687,9.554811,9.358285,9.753095,8.265997,7.898716,8.805686,"EFS_L5"
"228","PARNCW",7.346266,7.06389,7.482382,7.464907,7.955696,8.790413,8.814156,8.688009,8.164972,9.838592,7.925249,8.966645,8.820536,8.583011,9.520557,8.21256,9.801249,8.623592,9.722195,9.159797,7.665517,7.14854,8.185938,"EFS_L5"
"229","PARNEE",7.94449,7.05862,7.564081,8.060962,8.391017,9.322637,8.948805,8.75719,8.632522,9.759245,8.054775,9.559593,9.124719,8.940858,9.347807,8.265366,10.215438,8.932196,9.532605,9.870683,8.059421,8.18117,8.95302,"EFS_L5"
"230","PARRBU",9.022474,7.417767,8.539767,8.472357,8.726713,9.709009,9.085283,9.186203,8.624589,10.470369,9.112444,10.507813,9.764356,9.603142,10.514127,9.335383,10.955623,9.789337,10.620487,10.724636,8.138404,9.013354,9.572255,"EFS_L5"
"231","PARSEA",7.56156,6.06809,7.606662,7.651358,8.424933,8.183557,8.822774,8.332872,7.933386,9.284045,7.733673,8.669201,8.696829,8.194114,9.282721,7.698946,9.482359,8.243224,8.655272,8.672607,7.36466,7.763763,8.257329,"EFS_G5"
"232","PARSHT",8.435611,6.269007,7.993282,7.151713,8.508605,9.581529,7.901198,8.415138,8.163076,10.624381,8.876909,10.218661,9.53949,8.842954,10.252218,8.756332,10.581052,9.743695,10.63403,10.65384,7.915529,8.165235,8.529852,"EFS_G5"
"233","PARUXY",7.118315,5.892899,7.911922,5.186448,8.126216,8.446515,6.519798,7.652981,7.799708,9.976735,8.182614,9.385773,8.74365,8.575222,9.504295,8.354128,10.261411,8.54951,9.23681,9.383352,7.666999,8.487824,8.462748,"EFS_G5"
"234","PARVME",7.495531,6.440676,7.709098,7.735119,8.04393,8.046901,8.76387,8.736352,8.009629,9.571541,8.320885,9.352571,8.9522,8.76155,9.509708,8.131662,10.000535,9.146821,9.342465,9.326071,7.653707,7.811746,8.391997,"EFS_L5"
"235","PARVRR",8.496886,6.774249,8.20601,9.000528,8.47449,9.339937,8.935165,9.245338,8.559155,10.410509,8.811445,10.232261,9.376672,9.37058,10.177091,9.209586,10.592687,9.55648,10.391727,10.491397,8.073373,8.923046,9.366873,"EFS_L5"
"236","PARXLM",7.553641,6.443004,7.635976,8.358958,8.420435,8.404884,8.687284,8.519329,8.463635,9.640351,7.994728,8.887933,9.039072,8.485873,9.337063,8.092457,9.841433,8.739335,9.68615,8.73592,7.499084,7.602826,8.838206,"EFS_L5"
"237","PASATK",7.438884,6.746237,7.64249,8.538202,8.23171,8.399403,9.103483,8.817857,8.106318,9.462192,8.142227,8.515786,8.338998,8.184661,8.850014,7.818132,9.473145,8.429623,8.503675,8.541397,7.204422,7.788142,8.347475,"EFS_L5"
"238","PASAZJ",7.224979,6.286539,8.434034,9.016078,8.540386,9.291565,9.378545,9.817322,8.426849,10.044781,8.424469,9.638593,9.032887,8.995172,9.934759,8.479836,10.239996,9.258511,10.107687,9.87391,7.895143,8.264784,8.687816,"EFS_G5"
"239","PASBEN",7.681442,6.037088,7.643311,7.495957,8.080452,8.830264,8.215279,8.430472,7.964854,9.95268,8.844296,9.328122,9.075972,8.890477,9.62184,8.234611,10.048453,9.271104,9.940475,9.955354,7.775966,7.959997,8.444899,"EFS_L5"
"240","PASCKI",7.695938,6.861012,7.653384,8.253557,8.27094,9.023464,8.943015,8.848989,8.087141,10.095995,8.350534,9.451676,9.471238,8.895034,9.678915,8.430895,10.191453,9.195928,9.93499,9.782783,7.756572,8.114677,8.401719,"EFS_G5"
"241","PASCLP",8.566695,6.549575,7.367662,9.130739,8.17776,9.990696,8.098408,8.920593,7.900362,10.297365,8.716286,10.131747,9.581845,9.84168,10.156626,9.522153,10.872747,9.776123,10.843602,10.664347,8.232781,8.423882,9.060345,"EFS_L5"
"242","PASCUF",7.898426,5.736706,7.932823,6.902088,7.857367,8.991002,7.251769,8.014637,7.586352,9.684358,8.605536,9.221824,8.941963,8.625249,9.501367,8.370085,10.008381,8.759946,9.06899,9.937165,7.510077,7.605968,8.248197,"EFS_L5"
"243","PASDZJ",7.989455,7.452871,7.467419,7.262424,8.254699,9.105121,8.109216,8.440655,7.789569,9.799927,8.0406,9.395119,9.03606,8.970303,9.507224,8.764655,10.183047,9.413045,10.35791,9.69743,7.572708,7.861249,8.18171,"EFS_L5"
"244","PASFRV",7.905336,6.705767,7.644533,8.282741,8.312107,9.022848,8.679096,9.0021,7.852353,9.648338,8.187557,9.197549,9.02867,8.666348,9.356404,8.301155,10.225787,8.79297,9.736513,9.683974,7.45875,7.399614,8.257317,"EFS_L5"
"245","PASGPY",8.31934,7.14277,8.181275,8.089738,8.149711,8.80576,8.338355,8.222134,7.811089,9.783202,7.963549,9.123011,8.607237,8.409684,9.239907,8.078109,10.012466,8.585301,9.817135,9.814382,7.480094,7.477695,8.354244,"EFS_L5"
"246","PASJRT",8.234588,6.468079,8.241933,9.555163,8.55109,9.619362,8.867338,9.387515,8.679452,10.190278,8.475626,10.095329,9.138504,9.248591,9.723827,8.796147,10.3142,9.510546,10.21866,10.402774,8.436798,8.69234,9.397568,"EFS_L5"
"247","PASJYB",8.542487,6.684175,8.610927,9.30739,8.517399,9.799688,8.258964,8.959364,8.436341,10.603068,8.870815,10.448327,9.52782,9.70741,9.916763,9.251041,10.714141,9.879455,10.688003,10.331262,8.352694,8.765004,9.391342,"EFS_L5"
"248","PASKJX",7.377383,6.213054,7.332084,8.121494,8.1698,8.45155,8.512816,8.336726,7.763665,9.280944,7.962225,8.501137,8.702962,8.66116,8.854456,7.991876,9.496092,8.462661,8.885127,8.783806,7.537471,7.263525,8.133939,"EFS_L5"
"249","PASLGS",8.491317,8.249289,7.90578,9.536151,8.4703,9.446894,9.866688,9.617494,8.480805,9.69699,8.224332,9.791459,8.948065,9.052394,9.455726,8.343532,10.091295,8.907436,9.35689,10.31508,7.606801,8.032478,8.69872,"EFS_L5"
