"","PAAPFA","PACLJN","PACPJG","PACRYY","PACRZM","PACSNL","PACSSR","PACUGP","PACVNB","PACYGY","PACZPX","PADENF","PADFLI","PADHWC","PADIEY","PADIHC","PADINC","PADIRB","PADKFS","PADKFU","PADKGF","PADKNE","PADKRU","PADKVV","PADKXS","PADKYP","PADLDA","PADLDT","PADLES","PADLIC","PADLJN","PADLKJ","PADLNM","PADLPR","PADLPZ","PADLTD","PADMGA","PADMTD","PADMVB","PADMXD","PADMYD","PADNFT","PADNNX","PADNXC","PADPCI","PADPEY","PADPHP","PADPMU","PADPRJ","PADRYN","PADSEC","PADSMF","PADSXE","PADSXU","PADTCU","PADTJJ","PADTRV","PADUKP","PADUWR","PADUYJ","PADVSN","PADVWW","PADWEN","PADWIM","PADWSM","PADWVR","PADXAS","PADXBB","PAIDJS","PAIEIF","PAILZJ","PAIMDS","PAIPGU","PAIPUD","PAIRDP","PAIRIK","PAIRLN","PAISNS","PAITCI","PAITEG","PAITRM","PAITZV","PAIUJB","PAIVHE","PAIVMJ","PAIVZR","PAIWHU","PAIWVG","PAIXLC","PAIXNG","PAJXLE","PAJYHP","PAJYLA","PAJYVA","PAJZUU","PAJZWL","PAKACY","PAKADI","PAKAFK","PAKANZ","PAKDHL","PAKGCI","PAKGKH","PAKGMY","PAKHAV","PAKINP","PAKJBA","PAKSWB","PAKUXT","PAKWCJ","PAKXDZ","PAKYZS","PALAWZ","PALBFV","PALBFW","PALEAC","PALEBK","PALETP","PALFRE","PALFSE","PALGFF","PALHVD","PALIIN","PALKKV","PALKUC","PALLJJ","PALNFE","PALNHZ","PALNVP","PALPIN","PALPSY","PALSAE","PALTYB","PALUDH","PALUYS","PALVKK","PALVUC","PALVVH","PALWBT","PALWSJ","PALWVJ","PALWXP","PALXTB","PALXTE","PALXUM","PALYEC","PALYLZ","PALYPW","PALZRG","PALZZV","PAMACS","PAMAFV","PAMAJT","PAMBDH","PAMBMJ","PAMBYG","PAMCXF","PAMEHH","PAMEZH","PAMJED","PAMLMY","PAMLNB","PAMMXF","PAMMYR","PAMNAL","PAMNLH","PAMVCL","PAMXWF","PAMYCE","PAMYVA","PAMZCE","PAMZMG","PAMZYM","PANBJH","PANBMJ","PANBSP","PANCYF","PANDHZ","PANGTS","PANHUA","PANLSG","PANNIJ","PANRRW","PANUKV","PANUVK","PANVAN","PANYGR","PANZHT","PANZPV","PAPAKS","PAPBGH","PAPBZI","PAPEFE","PAPEJW","PAPHPE","PAPJLD","PAPKWN","PAPRTD","PAPSEI","PAPSKM","PAPTIP","PAPTLD","PAPTLY","PAPTMM","PAPUAR","PAPUEB","PAPUNH","PAPUTN","PAPWUC","PAPZYP","PARABN","PARACM","PARAHE","PARCWT","PARDUJ","PAREGK","PARFBW","PARGDJ","PARGUX","PARHYL","PARIKF","PARIKT","PARIRD","PARJAR","PARJTB","PARMFA","PARMTT","PARNCW","PARNEE","PARRBU","PARSEA","PARSHT","PARUXY","PARVME","PARVRR","PARXLM","PASATK","PASAZJ","PASBEN","PASCKI","PASCLP","PASCUF","PASDZJ","PASFRV","PASGPY","PASJRT","PASJYB","PASKJX","PASLGS"
"ADCY1",6.928733,9.200283,8.295286,9.084139,8.439697,8.592964,7.563192,7.586879,8.498746,8.080939,8.825354,8.585392,7.829542,7.612804,9.101123,8.537368,8.90457,8.780684,8.211301,8.196988,7.484011,8.714159,7.333385,7.881245,8.281551,7.933684,7.334677,7.960769,8.690249,8.043485,7.935693,8.027818,7.81603,9.164403,9.169259,8.73476,7.434522,7.781707,7.755855,7.643273,7.290635,8.481078,8.260645,7.749033,9.135724,8.20806,8.508729,9.423635,9.101911,7.294424,7.776156,8.201927,8.887203,7.855987,8.258682,7.763149,8.670547,8.460737,9.618031,8.52398,8.170393,9.482466,8.461359,6.719756,7.913134,7.932105,8.101729,7.499748,9.312186,9.048925,8.013914,7.966241,7.296294,8.698192,8.037996,8.966469,8.746795,8.654053,7.401158,7.268859,7.732282,9.672045,8.397948,7.957956,9.612458,7.460022,9.520396,7.450003,9.691388,7.147337,8.972964,9.135562,7.729143,8.245798,7.267513,8.817363,6.929281,9.820969,8.527062,6.325119,8.997428,8.937694,8.974432,7.954525,10.190828,10.17606,9.384622,9.967187,8.913727,9.153209,7.901577,8.317322,8.83726,8.629192,8.437458,9.994398,9.300551,7.715658,8.306199,9.080694,9.332424,9.229596,9.091715,9.850776,7.403084,8.37891,9.682658,9.028306,8.820704,9.394633,9.42842,8.805108,8.073028,8.712863,8.755809,8.03855,10.215832,9.928135,8.185192,9.970017,8.693976,9.728547,8.984924,9.384272,9.789434,8.214446,9.227743,7.250772,8.178296,7.38421,9.100366,9.414893,9.705009,8.272698,8.840078,7.649226,8.014126,7.657646,8.744115,7.841944,9.461247,7.115868,8.853212,8.125674,8.922691,8.897172,9.618025,8.710716,8.356258,8.312272,7.838367,8.8672,7.745426,9.098824,8.295542,8.147252,7.675942,7.873439,7.880555,8.423914,8.302587,8.069851,8.529552,7.533651,8.43011,7.337122,9.035859,8.791306,8.449728,7.746315,8.207766,8.146975,8.217484,8.455146,7.383071,7.838328,8.045724,7.7113,7.778201,8.829863,7.975296,8.533745,7.595956,6.288998,8.054486,7.561701,7.587899,7.883783,6.90052,7.422343,7.795715,8.179883,8.759159,8.332954,8.305285,8.79047,8.583571,8.914596,8.364799,8.634298,7.942988,7.531478,7.83778,9.241706,7.654776,7.876594,8.319615,8.247405,7.885932,7.596583,8.118523,9.25007,8.431334,8.945944,8.727503,7.875733,8.143379,7.563404,7.843395,8.07022,7.496525,7.991197,6.792278,8.119223,8.977404,7.26935,8.032428,8.53777,8.01255
"APBA2",8.436285,9.205423,8.900435,8.688565,8.665672,8.898563,7.970793,8.590088,8.646647,8.433877,7.756404,8.752534,7.940439,7.314478,8.52577,8.781068,8.184266,8.170896,8.580037,8.826374,8.029911,8.639928,8.65465,8.175251,8.495457,7.90909,7.777456,8.773092,8.49307,8.353157,8.694565,8.574719,8.818326,7.748442,8.708615,8.539955,7.48593,8.316848,8.594447,9.033367,8.388783,8.805983,7.776065,8.112835,9.003125,8.616963,8.640168,8.677239,8.746796,8.132483,8.147286,8.679509,8.997419,8.508648,8.109851,8.978062,8.52088,7.943151,9.247722,8.750794,8.651062,8.596025,8.583958,8.293424,9.206795,8.601904,9.149908,8.147165,8.864242,8.063334,8.452822,8.669769,8.64395,9.138761,8.875428,9.062168,8.893382,8.871457,8.587498,7.27293,8.986573,8.711996,8.869344,8.107381,9.009938,8.602929,9.073654,8.196917,8.477676,8.249447,9.00343,8.34005,8.163019,8.504568,8.278319,8.453715,8.359622,9.40582,8.586167,7.979086,8.297629,8.987372,9.016163,8.297209,8.577716,8.924173,9.15464,8.354194,9.251944,9.03874,8.697338,8.365362,8.55505,8.775255,8.681518,8.687527,9.07386,8.706815,8.732969,8.848869,8.584233,8.6929,8.144644,9.198682,7.752295,8.183786,8.604895,9.199123,8.321109,9.188294,9.023111,8.564217,8.579525,9.080794,8.471995,7.727466,8.520517,8.894997,7.273074,9.99552,8.57451,9.466805,8.546885,8.734355,9.13256,8.809342,8.966867,7.234287,8.829333,8.800796,9.075956,9.027343,8.044529,8.767157,8.623855,8.524372,8.114951,8.004631,8.034579,8.737487,7.933919,6.531846,9.137511,8.109235,8.679088,7.962365,9.068189,9.058233,8.711123,8.834782,8.931001,8.774511,8.945122,8.997145,8.482986,8.700965,8.888669,7.715718,8.805602,8.430856,8.252907,8.328592,9.390584,9.475444,8.685874,7.180043,8.758004,8.55425,8.579959,8.525591,9.064085,8.33386,7.525597,8.410379,8.118312,8.051632,8.604002,7.65879,8.967012,8.43095,9.105439,9.095309,9.499011,8.537164,8.451275,7.996763,8.028383,8.652724,7.858645,8.549765,8.45526,7.606543,8.037136,8.54158,8.219574,7.7715,8.154592,8.678,8.579675,7.794369,8.794019,7.91144,8.728584,8.437539,8.928748,7.893931,8.930607,8.13497,8.85408,8.886879,8.629461,9.153583,8.620461,9.138973,8.915852,7.961954,8.647219,8.45428,8.986713,8.681491,8.547408,8.610309,7.675131,8.275412,8.339596,8.598938,8.580267,8.684752,8.565198
"BTBD3",7.742348,9.228264,9.304657,9.177956,8.360203,9.40987,6.376097,8.638648,7.295662,8.206829,7.249879,9.313949,7.612034,8.099182,8.659452,7.770157,8.238074,9.629675,8.632578,8.825005,8.708951,8.842995,6.84886,7.426967,7.504508,7.782116,7.927577,7.724583,8.280541,9.132388,9.140102,7.686393,7.979299,8.404378,9.380303,9.108935,8.537757,7.232522,7.318272,7.94536,7.581286,7.729138,8.236682,7.493484,7.481747,7.749763,7.668034,9.910551,9.392111,7.876118,8.504936,7.898126,8.439287,8.467114,7.944884,7.601328,8.558717,7.579103,10.049879,8.044361,7.595655,9.456392,7.260413,8.013016,9.45169,8.771064,8.086232,8.040141,7.753752,9.002627,7.758203,8.448573,8.081518,9.331964,8.284152,9.749978,7.894501,7.393322,8.935852,7.332007,7.398399,7.917014,9.012412,8.418155,9.042854,8.002246,8.853633,8.206574,8.168675,7.904927,7.907462,8.683472,7.686707,8.309697,7.09437,9.253985,9.219955,8.51377,7.539032,6.466432,8.182989,7.885586,9.868368,7.534453,10.316782,10.236786,8.322771,9.010246,8.699452,8.913552,7.659723,8.370476,9.272976,9.030308,8.879983,9.453874,8.400358,6.805062,7.256434,9.372422,9.064152,8.786622,8.123116,9.733114,7.613368,9.344417,10.304457,7.914887,8.979041,9.307996,8.721889,8.703957,8.973033,9.388209,8.611608,8.34183,8.713452,10.420897,8.750062,8.123185,9.351008,9.156428,10.354427,8.703903,9.178389,7.628922,8.287542,7.742114,8.221408,8.596027,8.268907,7.81421,7.587963,7.145607,9.173215,7.712047,8.450272,8.327985,8.290908,7.89312,7.980942,9.100003,8.095931,7.416769,8.466366,8.195115,9.690912,9.592789,7.174233,7.48701,7.288072,8.431738,8.005563,8.975016,7.203044,8.059783,8.363236,7.720252,8.077429,7.463351,7.352851,6.988839,8.547883,6.870172,8.722193,7.521252,7.779951,9.768655,8.400728,6.97388,7.512918,8.538547,7.741922,7.542606,8.752226,8.441312,7.830298,8.498322,8.257105,8.129117,7.789798,6.786509,7.395026,7.252486,9.885039,9.150327,8.205897,7.174166,7.588266,7.661897,7.82834,9.253251,8.837828,7.852833,8.102128,8.269335,8.230063,8.661535,8.668223,7.728842,8.233058,7.852982,6.634738,9.190636,7.320996,8.909812,8.873571,7.350638,7.439372,7.50199,8.385454,8.029962,7.041738,7.508342,7.644534,7.849812,9.133821,7.857981,8.682088,8.498456,8.756308,9.767794,7.204555,8.357663,8.002593,8.466399,8.307093,8.037111,8.183212
"CACNA1G",6.173229,7.535112,6.597853,6.873364,6.677028,5.758508,6.877925,6.796479,6.205288,6.385414,5.846185,6.088029,6.3428,6.293881,6.918186,6.160966,5.913102,6.685167,6.383657,7.99366,5.973529,6.840408,6.789607,6.571865,6.217306,6.223426,6.187704,6.14479,6.287311,6.926256,6.986255,5.966897,5.871117,6.470258,7.804137,6.064487,6.264448,6.329557,6.498989,5.946688,6.143628,7.038106,6.988236,6.227945,6.002814,6.024651,6.213581,7.508002,6.691077,6.288759,6.779074,7.20464,7.005867,5.777906,6.9623,6.958325,6.166311,6.050172,5.95904,6.378571,7.225479,7.307388,7.867431,7.432692,6.303019,7.273101,7.507976,6.942225,6.887345,5.716886,7.280726,6.57084,7.594961,6.647644,5.916477,6.285503,6.306535,7.800499,6.174199,6.366701,7.015532,7.818223,5.870732,6.07036,6.368015,6.514675,7.573336,7.888058,5.970197,6.892523,7.352674,6.782221,6.287504,6.034201,6.342404,6.860027,6.022781,6.571108,6.088477,7.145648,6.152381,6.950573,7.2619,6.245226,7.772963,8.106077,6.112491,6.362765,7.746587,7.663771,6.080928,6.726237,6.944318,5.752889,6.378467,7.19518,7.153738,5.989755,7.231338,6.908625,6.365745,6.848548,5.932896,8.288018,6.430584,6.426867,8.110596,7.378781,6.79496,6.432737,5.772757,5.898738,6.151164,6.973411,6.363907,6.205134,7.40858,6.563666,6.169956,7.00549,7.169213,7.991554,7.580987,5.960346,6.787332,5.971728,7.24035,5.996422,6.006891,6.535015,6.516184,6.14657,6.902544,6.415767,6.052991,5.917238,6.449795,6.651176,6.254056,6.190848,6.195298,6.019708,5.89633,6.561585,7.29638,7.105664,7.159547,7.917023,6.213726,6.342741,6.296694,6.117476,6.998944,7.435078,6.688347,5.672344,6.392496,6.195034,6.126095,6.279031,6.100209,6.183073,7.188384,5.957013,6.895179,6.301014,6.412787,7.85139,6.797547,6.320922,7.343671,5.867027,5.910589,5.915866,6.861764,6.464309,6.19606,6.077673,6.035905,6.770042,5.971012,6.833828,6.639321,5.887254,6.849066,6.216001,6.645373,6.176476,5.890355,6.58327,6.482224,6.52511,5.920806,6.487467,6.525052,6.261371,7.555265,6.519625,7.271593,6.353053,6.328196,6.532319,7.312753,7.13632,6.067119,5.832345,7.271116,6.105797,6.087748,6.747078,7.500532,6.20607,6.46421,7.610296,5.836116,6.287367,7.510098,6.496284,7.325532,6.567348,6.418816,6.308323,6.146981,6.391129,6.148708,6.001957,5.88679,6.902967,5.888145
"CAMTA1",7.906511,8.658673,8.412982,8.453564,8.008913,8.622614,8.034836,7.931178,8.66109,8.042158,8.357509,9.034027,7.535902,8.25331,8.336578,7.873807,8.141773,7.815658,8.632537,7.948449,7.515788,8.229252,7.869248,7.457588,8.024918,6.874622,7.134136,7.54121,8.749264,8.334208,8.50618,7.16194,8.030216,7.679698,7.955946,7.404385,8.324251,8.125268,7.999742,7.570197,7.580491,8.102414,8.62477,7.281268,9.180028,7.528239,8.117861,8.175641,8.316483,7.179836,8.295504,8.215481,8.953469,7.538546,8.270404,7.51426,8.809024,7.421461,8.891659,7.684199,8.576158,8.671969,7.53454,8.008412,8.683642,8.320649,8.697459,7.001989,8.784035,9.010728,8.334394,8.237183,8.11008,9.007591,7.900715,8.592383,7.536671,7.455919,7.786842,8.106168,8.451518,7.969164,7.489959,7.978284,8.763165,7.627605,8.979638,8.01422,8.625961,6.692639,8.246124,8.367516,7.786281,7.477745,7.200595,8.068071,7.523732,8.88485,8.129314,8.003061,8.563823,8.401312,8.623114,7.074765,8.964238,9.01218,8.491006,9.128031,8.797408,8.834857,7.484064,8.740115,7.991132,7.581344,8.928548,9.114929,8.67266,8.851623,8.142211,8.765853,8.914584,8.359254,8.185979,8.760857,6.776186,9.169738,8.853379,8.262683,9.168478,8.852015,8.768426,8.191886,8.97538,8.144887,8.308069,8.248263,8.915666,9.068749,8.820735,8.981657,8.217632,8.90288,8.796838,8.585008,8.721647,8.327474,8.594896,7.818929,7.459894,7.439068,8.483002,8.52692,8.835448,7.159399,8.273664,7.597331,7.507318,9.109533,8.018851,7.305159,7.631222,7.020128,7.776238,7.691806,8.37961,8.054391,8.902912,8.875627,8.405713,7.807146,7.252569,7.569381,8.304576,8.693761,8.240327,7.778714,7.384711,7.525539,8.018903,8.129627,7.914693,7.413389,8.915295,7.409812,8.238196,6.767196,7.965024,8.404288,8.890858,7.661851,7.398103,8.121923,7.319223,7.564073,8.724055,8.326422,8.105229,8.377276,7.398847,8.222386,7.497663,7.869505,7.366248,6.850647,8.337715,8.282767,7.615232,7.739928,6.966952,7.35308,7.511928,8.409971,7.696007,8.517788,8.277704,7.891564,7.855177,8.325591,8.07098,7.981287,7.718828,8.49654,7.124469,8.641624,7.544154,8.554106,7.833532,7.661562,7.616059,7.543918,8.250209,7.625859,8.561857,8.397808,7.608262,7.178809,8.230898,8.062682,7.867123,8.084374,7.680414,9.10407,6.630397,8.329822,8.432406,7.453792,7.637808,7.936479,7.26118
"CENPBD1",5.939214,7.654575,7.072055,7.138251,7.326684,7.030104,5.370961,6.273501,6.259211,6.714911,5.985713,6.574259,5.460219,6.240452,7.015533,6.915926,5.308777,8.027855,6.899161,7.702614,6.84938,7.471114,5.819781,6.053253,6.557044,5.771226,5.893486,6.730265,7.292444,6.407331,6.934,6.896683,6.447634,5.974842,6.699991,5.9429,6.104743,7.207224,6.387209,6.761141,6.111255,7.95822,6.406431,6.987476,7.458871,6.458096,6.309936,7.133193,7.33034,5.569213,5.862214,5.963244,7.120076,6.816444,6.410801,6.676288,6.711768,6.114444,7.218205,6.599705,6.507965,6.731716,5.87398,6.940111,7.269945,5.456306,5.849838,5.650294,6.154529,6.796819,6.305271,6.831781,6.956201,7.136587,6.449961,6.765817,6.816938,6.017313,6.855214,6.427125,6.773726,6.605036,6.725045,5.792216,6.308296,6.268293,6.912796,6.291155,6.626986,6.575766,7.354321,6.537922,5.960736,5.607836,5.665375,6.643022,5.719515,6.759987,7.351525,5.588435,6.925236,6.117837,8.025377,6.01154,7.340854,6.476501,6.644268,6.123275,6.746913,6.708634,6.932803,6.102005,6.293019,7.139901,6.757661,6.254288,6.677652,6.010591,6.717253,7.146468,6.770444,6.59461,6.125176,6.573169,5.935647,6.836745,6.309775,7.042085,7.485536,6.041868,6.449051,6.271321,6.627091,7.8938,6.263616,6.371679,6.070795,6.58739,6.356828,7.815892,6.61621,6.68362,6.636461,6.307977,6.270299,5.768204,6.919011,6.2258,6.033954,5.736979,6.375417,6.771977,6.423027,5.702664,6.716865,6.077986,6.628901,6.338897,6.534894,5.647758,6.46422,6.45973,6.839635,6.339732,6.254557,5.787902,6.484251,7.431795,6.027681,6.048222,6.822367,5.700005,6.516653,6.834786,6.555781,6.608696,6.801149,6.117809,7.363536,6.47691,6.125447,6.447398,6.744321,6.339959,6.349536,5.615578,7.154279,7.07653,6.43691,6.048415,7.050568,6.557482,6.358272,6.052378,6.757767,6.423481,6.722444,6.987168,6.581289,6.813545,6.600166,6.939644,6.477521,6.384174,6.843658,5.830315,6.852842,5.981395,6.279826,5.92455,5.658168,6.888675,6.786326,6.927029,6.769326,5.841159,6.820397,6.603037,7.307916,6.086066,6.719994,6.433452,6.303539,6.693438,6.243925,6.912863,7.014408,6.765212,6.264566,5.973202,6.92123,6.085534,6.849054,6.977246,5.941969,6.084784,6.834469,5.998461,6.11198,6.91515,6.623583,5.815156,5.832626,7.104594,6.679359,6.355998,6.421293,6.744797,6.293991
"CHD3",8.362233,8.767455,8.598089,8.607219,8.855772,8.496738,9.231076,8.342676,8.573232,8.745223,8.805822,8.419429,8.714054,8.187728,8.342136,8.459662,8.37666,8.617341,8.58183,8.602028,8.058852,8.910325,8.553628,8.624814,8.407945,7.834374,7.732493,8.941723,8.442158,8.155527,8.769505,8.872061,8.123533,8.689788,8.963913,8.72861,8.323899,8.771318,8.11882,8.534671,8.050492,7.870757,9.003058,8.939178,8.315963,8.850111,8.10957,8.752178,8.566546,8.111174,8.224352,8.746462,8.728969,8.223744,8.208671,8.953522,8.549836,7.621942,8.91828,9.173041,8.130156,7.287737,9.11016,7.898358,8.958133,8.20789,8.676241,7.581465,8.491413,8.267916,8.488845,8.338611,8.396287,8.694642,8.489107,8.517995,8.935179,8.264173,8.36679,8.01382,8.800923,8.664737,8.762604,8.547942,8.907884,8.561668,8.776838,8.722826,8.460431,8.591726,8.865992,8.152509,7.967758,8.987772,7.903475,8.669879,8.227045,8.563521,8.418225,8.761567,8.435509,8.689077,9.2042,8.292083,8.990262,9.021208,8.679189,8.748534,8.682591,8.703545,8.784451,8.259282,8.328789,8.676623,8.338991,8.764022,8.778208,8.330985,8.734706,9.020078,8.897214,8.893168,8.496035,8.800787,8.682554,8.733884,9.044805,8.805839,9.029187,8.896405,8.828875,8.414244,8.753122,8.884799,8.424452,8.379292,8.638385,8.969836,8.195342,9.307085,9.037987,9.034222,8.532189,8.887393,8.882954,8.335722,8.880354,8.485886,8.633444,8.815561,8.307219,9.032976,9.03264,8.638469,8.910162,8.222965,8.675535,8.045342,8.658871,7.921779,8.926549,8.72389,8.983464,8.803133,9.010708,8.091562,8.786615,8.834702,8.694688,8.216467,8.172781,8.773947,8.889411,8.515292,8.107949,8.296231,8.902811,8.711356,8.309863,8.350454,8.092485,7.95055,8.651809,9.126847,8.676074,8.182676,8.686874,8.809495,8.854703,8.208808,9.308765,7.793905,8.190578,8.451471,8.019321,8.435619,8.852312,8.356721,8.8901,8.434719,8.288036,8.489718,8.658162,8.768602,8.436553,8.23367,8.705984,8.804736,8.29038,8.83947,8.622613,8.262265,8.236802,8.195492,8.281897,8.165936,7.808624,8.387709,8.229852,8.785399,8.684591,8.743545,8.24722,8.392441,9.334668,8.218229,8.088572,8.556906,8.393174,8.167749,8.15401,7.96799,8.404805,8.448152,8.724491,7.967228,8.369009,8.282443,8.732219,8.627693,8.594991,7.910601,8.280644,8.453153,8.312582,8.571639,8.346984,8.861453,8.646858
"CNR1",5.794877,7.579555,6.376693,6.831483,6.641839,6.039355,4.999044,5.157428,4.828253,6.10992,6.093444,5.854795,6.408817,6.355112,5.678099,6.309956,6.487238,6.645841,6.311214,7.019288,5.804023,5.151647,6.174438,5.285441,6.609684,5.502874,5.551209,5.823742,6.002357,5.511777,6.277224,5.572999,6.780022,6.318263,6.772657,5.512897,7.035477,7.149713,5.701088,5.474513,5.978054,5.48099,6.945913,4.961988,5.873447,6.631093,6.464254,6.265106,6.955135,5.193569,7.349739,6.264468,5.848264,6.547972,4.716386,5.962103,6.385671,6.893868,7.787118,6.306057,5.490718,6.769817,4.532719,6.069418,6.913589,6.188605,5.894166,5.804111,6.084603,6.85235,5.387468,5.983452,5.94531,7.472211,7.007873,6.255418,6.264202,5.295812,7.195525,5.554123,5.095813,5.465031,6.496517,5.782088,8.156408,5.787034,7.002036,6.262387,6.270591,5.031439,5.351,5.77256,6.838678,4.896483,6.895512,6.554968,5.681925,5.401284,6.120268,5.067907,6.457421,8.073965,7.035162,5.001146,7.856282,8.786494,7.608011,7.490473,5.006803,5.947193,5.444268,6.27556,5.671198,6.902023,6.930275,7.440969,7.833696,5.245809,6.024473,6.970845,8.438927,7.00701,5.95956,8.079513,5.489666,7.524585,8.347712,4.901066,7.926896,7.493451,7.085243,6.419758,6.953358,5.95823,5.594099,6.779957,7.613615,8.452808,7.286402,7.763033,7.201663,7.967773,8.792637,7.525703,6.188953,5.7273,6.360622,5.772512,6.592957,6.616937,6.948161,6.570181,7.096744,5.170385,7.446688,5.930604,5.318242,6.925427,6.89443,5.606163,7.361442,5.190153,5.567828,6.164455,7.454877,5.160909,6.587434,6.277063,5.229823,6.270074,6.027725,5.159576,6.733182,6.157586,5.584343,5.84608,5.059867,4.984117,5.62512,5.937485,6.716392,4.658837,5.946492,4.723355,6.009059,5.549628,5.767428,6.53937,6.866265,7.535744,5.789558,5.886557,6.661109,6.012009,6.221693,6.648226,7.47745,6.86712,4.958768,5.777253,6.451936,5.090709,6.329113,5.923099,7.11574,6.084565,5.389976,4.803242,5.133656,6.547596,5.149337,5.412552,6.198388,6.649196,6.395569,6.327775,6.106905,6.599229,5.772253,6.588342,4.941645,7.262625,6.110265,6.158911,4.608783,7.078697,5.475265,5.496769,5.955606,4.660515,6.119688,5.319638,5.592745,5.473347,7.110921,6.947421,5.705733,5.008002,5.935204,5.581982,6.609235,6.418039,5.613439,5.326185,8.367659,4.890719,5.17638,4.902497,6.000352
"DDHD2",7.948103,8.8596,8.624683,8.594854,8.260589,8.545669,7.172959,8.356746,8.991669,7.917944,7.558437,8.230142,7.550548,8.1939,8.133706,8.251037,7.630362,8.258955,8.40967,8.143184,8.387425,8.058358,7.212615,8.060854,8.693966,7.642493,7.6708,7.854902,8.454708,7.850372,7.973448,7.983401,8.553678,7.385708,7.690333,8.104426,8.509776,8.052704,7.359773,8.739253,7.77966,7.931969,8.118836,7.945646,9.034449,8.058718,7.936254,7.664827,7.993414,7.054917,7.287269,7.636375,8.485593,8.477397,7.099931,8.243368,8.132974,7.788366,9.038294,8.247579,7.005078,8.502167,8.827427,8.107037,8.646136,7.794225,8.175975,6.687958,8.020931,8.928522,8.167985,8.365711,8.192724,8.436422,8.026014,8.023884,7.803756,7.276949,8.216343,7.927252,8.206107,8.602694,8.23607,7.751995,8.435669,8.554517,8.411337,7.298181,7.884287,7.503633,7.876279,7.733367,7.683871,8.079717,7.592784,7.855769,8.170965,8.60851,8.325268,7.793736,7.971252,7.802947,8.020659,7.371515,8.375558,8.509094,7.779763,8.582248,8.370867,8.21216,8.157218,8.081886,8.29614,8.436802,8.275751,8.013098,8.480924,8.023373,8.196854,8.74291,8.777414,7.861128,7.893751,9.048233,7.412766,8.591373,8.359054,8.144092,8.514464,8.234443,7.918746,7.624999,8.584733,8.264138,7.712095,8.042607,7.977707,8.429948,7.640519,8.370452,8.027815,8.673905,8.795657,8.126229,8.977079,8.224707,8.069329,8.211082,7.564382,7.6844,7.981656,8.011651,8.452715,7.644667,8.189513,7.537894,7.714184,8.653695,8.156905,8.037804,7.453476,7.906003,8.516085,7.649245,7.840273,7.025008,8.82368,8.342377,7.478373,7.747255,7.580451,7.80589,8.159367,7.589328,8.201362,8.559495,8.181454,7.219474,8.454954,7.719176,7.715876,8.006842,8.17012,8.264933,8.592443,7.461444,7.831227,7.898299,8.530249,7.199908,8.271261,8.54459,7.860174,7.797082,7.741327,8.66773,8.006249,8.625202,8.323509,7.859933,8.562279,7.915748,7.582834,8.71629,7.83917,8.221323,8.646357,7.968272,8.542369,8.110351,7.067626,8.21466,8.462849,8.42417,8.338761,7.646304,7.702412,8.47844,8.322895,7.890717,8.423687,8.323596,7.14823,8.185894,8.184192,8.802462,7.276594,8.15627,8.010622,8.39742,7.685575,7.799925,7.862947,7.998774,8.13043,7.206721,7.601262,7.867307,7.920466,8.002486,8.478044,8.474721,7.7171,7.80897,8.983431,8.013145,7.887955,8.118703,8.302091
"FOXP1",7.875172,8.159173,8.217283,8.499584,7.715531,8.28959,7.54159,8.067084,7.903387,7.928414,8.281768,8.831428,7.730609,7.902455,8.378483,8.099744,8.454152,7.711712,8.054121,8.536828,8.235487,7.819163,7.606407,8.725258,8.363672,8.122656,7.780561,7.439459,7.941625,8.60785,7.635067,8.145439,8.148714,7.9039,7.714868,8.041808,7.650868,7.920043,7.349877,8.053593,7.528143,8.169411,8.341048,8.197919,8.975473,7.600434,7.600609,8.173416,8.38094,7.12066,8.017344,8.158286,8.24222,8.258757,7.166003,7.365486,7.803484,7.619305,7.991454,7.897129,8.248077,8.538798,7.027342,7.582481,8.323878,7.67843,7.838917,7.550956,8.136841,7.410722,8.155046,8.089169,8.411347,8.234879,8.178179,8.111407,8.534648,8.260976,7.661969,8.437567,8.031158,7.728132,8.063606,8.286085,8.79124,7.804243,8.054367,7.68324,8.590562,7.801306,8.546899,7.99715,7.864011,8.656975,6.854064,7.968818,7.828346,8.435973,8.577852,8.212345,8.431936,8.964641,7.885952,7.513807,8.12275,7.936919,8.023637,8.256951,8.037127,8.20644,7.921005,7.435392,8.086707,7.419272,8.282837,8.323403,8.184019,8.76601,8.509365,8.369346,7.912595,7.66175,8.12079,8.197721,8.031663,7.562242,8.217177,7.624428,7.698436,8.507301,8.249711,8.248685,7.488878,8.149797,7.79278,8.044229,7.975198,8.657005,7.482558,8.605491,7.790376,8.706406,8.315074,8.605726,8.515589,7.952434,8.02165,7.991726,7.90619,7.489888,7.894366,7.905177,8.005554,7.319376,8.382125,7.787621,8.087906,7.830236,7.482752,7.861722,8.13599,7.733452,8.489178,8.973,8.112095,8.09841,8.053717,8.213033,7.976932,7.729918,7.965336,7.352617,8.853511,8.119132,7.888485,8.373275,8.689219,8.53518,8.226981,8.123546,7.315818,7.721659,8.116355,7.666213,8.263966,8.497629,7.952108,8.46294,7.993997,7.333304,7.579182,8.259453,8.407426,7.820326,7.262552,7.639539,8.263385,7.922598,7.952848,8.612139,7.688617,7.203625,7.686546,8.151792,8.285221,8.05351,7.484288,7.513204,8.910587,7.905707,7.47896,8.102194,8.064299,7.808509,8.067688,7.844168,7.39549,7.727172,8.099325,8.382442,8.323929,6.869827,7.430123,8.402109,7.6244,8.372352,7.762169,7.835438,7.229296,7.683019,7.406922,7.848738,7.562039,7.848602,7.70317,7.817802,8.038228,8.117867,8.36955,8.578977,8.621286,6.955114,8.774263,8.921628,8.088795,8.022987,8.187884,8.315191,8.23335
"FUBP1",9.379109,9.681761,9.728354,9.961564,9.547999,10.10018,8.287919,9.854084,9.494413,9.089991,10.135319,10.089412,9.976841,9.038218,9.417086,9.99768,9.73328,9.997374,9.476612,9.674193,9.507353,9.695752,8.876417,9.071695,10.23366,9.022667,9.291652,9.258492,10.136215,10.171856,9.152514,9.166984,10.361119,9.532826,9.450983,9.44395,8.734637,9.518281,9.079932,9.866374,9.645604,9.812524,9.592397,9.672587,9.737512,9.698026,9.472277,9.253154,9.957355,8.745621,9.952566,9.382777,10.106358,9.360637,8.845951,9.84087,9.479364,9.522597,10.478138,9.586693,8.431298,9.855453,9.730181,9.343553,9.430096,10.152685,9.639133,7.919736,9.465162,9.678381,9.346143,9.673437,9.616588,9.787886,10.062485,9.41865,9.58662,9.435427,9.191762,9.308098,9.604937,9.356786,10.236282,9.292487,10.098248,9.974505,9.582956,8.731415,9.739162,9.104688,9.833652,9.557361,9.745366,9.14966,8.356217,9.469873,9.533603,9.682909,10.004624,9.352513,9.953273,9.910703,9.297536,8.767337,9.212797,9.92876,9.892058,10.124159,9.224119,9.717185,9.18087,8.697935,9.707984,10.279837,9.695432,9.801941,10.014925,9.787793,9.103768,9.374832,9.65633,9.350234,9.863589,9.602887,8.526832,8.636736,9.493198,9.759744,9.42969,9.662656,9.761216,9.581216,8.951496,9.921056,9.380188,9.15446,9.410539,10.123106,8.589925,9.765968,9.493213,9.984759,9.97624,9.78221,10.074454,9.912054,9.633687,9.040058,9.769345,9.562669,9.787266,9.70227,9.500773,9.437402,9.983895,9.498292,9.509474,9.243502,9.299264,9.501534,9.561658,9.238305,9.402196,9.36799,9.774053,9.057967,10.129461,9.859243,9.437322,9.354177,9.050504,9.601133,9.887704,9.455322,9.062609,10.207657,9.391578,9.077999,10.164337,9.503488,9.415326,8.999896,9.586634,9.619573,10.049671,9.084692,9.68298,9.528215,9.802984,9.260049,9.732383,9.906948,9.932255,9.315926,9.294251,9.007511,9.801063,9.105443,9.417196,9.486167,10.37412,9.021548,9.524403,10.228406,10.053412,10.304813,10.016481,9.950168,9.742743,9.786945,9.042169,9.823986,9.899297,9.811632,9.58517,9.044029,8.605436,9.262084,9.723463,9.457108,9.48726,8.275222,9.040552,10.215242,10.103434,9.294854,9.630616,9.632824,9.580844,10.063891,9.033327,9.577035,8.70038,9.384868,10.15792,9.133769,9.441047,9.677575,9.609717,9.853701,9.915244,10.250206,9.627324,10.138434,10.048231,9.519314,10.516062,9.299716,10.346116
"GFRA3",8.587925,9.800465,8.989345,9.511785,7.915355,5.567205,6.121305,8.231955,5.00046,8.923755,6.172875,9.971435,8.39631,10.043495,9.44536,7.536435,7.14715,10.184785,9.852855,10.33456,7.79853,8.995155,8.06431,8.33098,8.45556,6.200785,5.998985,7.741615,7.98559,8.893185,9.87169,6.04325,7.61277,7.19677,9.4581,8.426405,9.82867,6.105705,9.181945,6.294775,8.930575,10.29869,10.253875,6.817205,6.11512,9.03857,6.77942,10.108885,10.073615,6.58224,7.973215,9.998025,8.394065,7.82308,8.514495,6.17474,8.43256,4.21066,8.675785,8.176405,10.14484,9.45516,5.479015,9.551425,11.01725,10.021335,10.19407,9.837115,8.327025,7.735965,8.171155,9.769225,9.346855,8.614635,9.189915,9.11165,9.68266,9.41611,8.54826,7.90012,8.937845,8.833515,7.79116,8.636595,9.3877,7.424535,9.704125,8.528275,7.50103,7.25817,8.85138,8.08721,6.781565,6.197655,6.68854,7.795585,6.051085,7.89124,6.987715,8.773725,7.544985,7.989605,9.863145,6.26406,10.88645,9.041445,6.952545,9.60989,7.778675,9.49484,6.95282,10.310685,9.745915,6.214645,8.08193,9.686995,9.23109,6.3484,6.700645,10.050325,9.190575,9.0268,8.50517,9.248625,4.977895,6.972565,10.012025,6.369835,8.74779,9.73533,8.607565,9.105775,8.2041,9.26693,9.14037,9.944595,9.48841,10.18442,6.64466,10.38622,9.456945,10.246065,8.77026,8.603775,9.785375,6.81227,8.92368,9.86178,8.286295,5.478765,6.583155,8.98691,8.370095,6.438935,9.332525,5.62694,7.501105,9.232425,9.121655,5.690655,7.79274,6.071055,9.095575,7.54501,7.86164,9.33631,9.69215,9.637635,7.364305,8.90391,5.992975,7.24775,10.54665,10.5928,9.155135,7.430325,6.13385,8.38293,7.63248,9.166975,7.577205,7.725565,8.820315,6.9321,7.613395,5.745735,8.386925,9.3753,7.70757,8.724815,6.098765,5.78222,6.403535,6.917295,6.90548,8.90948,8.95451,10.62935,8.82896,8.843695,7.227815,6.69638,9.85809,7.71978,8.50547,8.558005,6.656395,8.325645,6.71846,6.682575,8.90089,8.45749,7.52212,8.62831,9.583115,7.83089,9.06665,8.669755,9.38101,9.14535,7.87119,6.448505,6.56676,8.688045,7.06382,9.8383,9.71399,6.134225,5.955485,7.829415,10.9763,8.52796,9.53889,9.16422,6.699565,6.93829,9.68272,6.706025,8.63726,9.6228,7.27906,5.928085,6.348885,8.86972,7.138335,5.543435,8.611255,9.051265,6.99361
"GNAI1",7.399099,8.264983,8.261808,8.719674,8.295162,8.116362,6.757081,7.225381,7.808845,6.958478,7.329532,8.645853,7.804174,7.091226,7.853853,7.944501,6.903794,8.419751,7.69352,7.526524,7.693349,8.565886,6.807007,6.921833,8.234384,7.011901,6.758002,7.244681,8.707408,7.325844,7.578796,7.235331,7.619397,7.041421,7.532224,7.095772,7.422831,8.18249,7.130617,8.079454,6.971756,7.249476,7.300927,7.014707,8.215523,6.91834,7.233305,7.405358,8.311989,5.710944,7.959006,7.116204,8.345459,7.446293,7.120203,7.59267,7.532051,6.174052,8.2833,7.474557,6.727187,7.733873,7.421944,7.221481,8.911379,8.381679,7.713429,6.573825,7.431156,7.862261,7.404136,8.370877,7.450133,8.340564,7.652244,7.980869,7.86573,7.398048,7.018049,7.592053,7.462084,7.563809,7.566042,7.279728,8.296321,6.980338,8.079094,6.639561,7.793552,6.781529,7.438353,7.549184,7.569128,7.178804,6.601111,7.215619,7.307496,9.235945,7.705002,7.272761,7.640843,8.720681,8.159272,6.484266,8.507754,8.654576,8.102678,8.072781,8.004646,8.077402,6.929684,7.647437,7.367621,7.045819,8.584073,8.432617,8.319579,7.829268,7.189491,8.777478,8.303181,7.601558,8.193309,8.59347,6.551771,8.27916,8.211674,7.876871,8.031322,7.972409,7.929772,7.648584,8.505963,8.432799,7.488252,6.982142,7.977708,8.5564,7.249653,8.548932,7.086871,8.198311,8.393407,8.245632,8.63877,7.20661,7.922027,7.145092,7.311073,6.524565,7.841211,7.860412,7.594406,6.696257,7.415258,7.299809,7.51859,8.616247,7.12756,7.375201,7.839062,8.279153,7.559014,6.545832,8.415505,7.088166,7.942781,8.092248,7.292039,8.100608,6.592081,6.725947,7.761956,7.717743,7.775067,7.647695,6.668892,6.684333,7.970068,7.708618,7.268343,7.064533,8.163102,7.331969,7.795418,6.536286,7.635349,8.354694,7.853526,6.331106,7.503549,7.226287,7.487819,7.423174,7.113167,7.819871,7.490251,7.574121,6.882311,7.620155,7.607416,7.263839,7.313754,7.851096,8.32188,8.13643,8.038329,7.096924,7.163891,7.863345,6.648123,7.751221,7.971096,7.547364,7.627687,7.576975,6.944824,7.545752,8.092207,7.816219,6.844877,7.112558,6.507805,8.278845,7.113604,7.675142,7.178667,7.431303,6.727429,7.768253,7.005366,7.209186,6.757409,7.779047,7.045351,6.710916,7.876613,7.215719,7.204842,7.639721,7.467289,8.248469,6.536865,7.955898,8.900624,5.473177,7.420969,8.482769,8.301451
"GPR85",5.22296,7.883707,7.715871,8.025048,8.29763,5.938761,4.384847,6.117765,6.566802,5.890347,5.115408,7.642719,7.108471,5.483028,6.698353,6.7737,4.951544,6.523145,6.877171,6.282506,6.798073,7.779018,5.499777,5.937713,5.556751,6.619032,4.935972,5.178659,8.149891,5.929317,6.345121,6.408021,5.730598,5.632936,6.933191,6.163306,5.727426,7.392744,6.103611,6.745066,6.24991,7.009712,6.555205,6.001712,6.675482,6.074959,5.238407,7.094846,7.24848,4.553791,7.021028,6.242766,7.199648,6.490202,7.076822,7.258678,6.405957,4.531118,7.678013,6.4378,5.857818,7.254186,4.940905,6.729619,8.349686,7.118533,7.126873,5.679772,6.972841,6.55404,5.664805,7.509357,6.687917,7.314375,6.202748,6.731658,6.371827,6.634486,6.053813,5.858521,6.286393,7.257873,6.779345,6.282927,7.674283,6.017153,7.219649,5.646088,7.484412,4.400109,6.835433,5.968277,6.432653,5.71992,4.845712,5.675753,7.011472,8.382702,7.22945,6.043524,6.206462,7.766543,7.463997,5.69257,8.356862,8.172943,7.629738,7.680781,7.797273,7.904,6.082751,6.747448,6.071117,5.737853,7.439816,7.908463,7.797179,7.171763,6.845847,7.734813,7.636857,6.929728,7.146757,7.45845,5.164666,6.761617,7.711748,6.177419,7.744837,6.983418,7.065718,5.984578,7.358687,8.045104,6.220037,5.545274,7.525298,7.903262,6.148346,8.276339,7.007988,8.138431,7.769323,7.55597,8.335317,5.061347,7.394272,4.502868,6.086715,6.696077,6.965635,6.597245,6.955582,5.584103,7.127091,5.534993,5.367618,7.157477,6.838568,5.843742,7.144667,4.420621,6.417074,4.976194,6.873603,6.3545,6.549562,7.157151,6.305172,6.817078,5.62248,5.752387,6.441158,6.964474,6.402656,5.735887,5.962834,5.446282,7.509611,6.421327,5.422549,6.191117,7.299351,6.998857,6.628917,4.744107,6.231008,7.390642,6.938878,5.526453,6.856972,5.848535,4.901152,5.961047,6.320342,5.664248,6.219767,6.058483,6.429239,6.272009,5.657041,6.001332,5.285606,4.559237,8.116807,7.425822,7.400024,5.953736,5.242459,7.084478,5.667519,7.428175,6.755662,7.252328,6.996572,5.482794,5.859632,6.863123,6.430485,6.295765,6.078247,6.450434,6.052378,7.585943,6.210672,6.783672,6.237553,6.055285,4.740852,6.434965,6.515003,6.496935,4.691334,6.918219,5.679237,5.976434,7.029036,6.738109,6.645613,6.294539,7.110685,7.549494,4.665335,6.075113,8.705236,5.652664,6.373212,7.689179,6.25535
"HAP1",6.570869,6.841098,6.142419,6.030511,6.037639,5.643097,6.321041,5.875478,6.46972,5.961792,5.767254,5.52183,6.023909,7.490207,5.839132,5.985922,5.632706,6.136851,6.391748,5.830992,5.74849,5.833248,6.189045,6.113891,6.020714,5.704041,6.175273,6.078364,5.68019,6.033558,6.222551,6.189308,5.953456,5.812142,6.039278,6.119839,6.659532,5.929492,6.456469,5.861345,5.831005,5.625286,6.236251,5.961279,6.939498,6.053204,5.899047,6.231012,6.467976,6.21001,5.743523,5.916753,6.77462,5.915104,6.240948,5.933133,5.978419,6.556469,6.583186,5.825804,6.054321,5.94188,5.714659,6.000047,5.703584,6.245298,6.48588,6.74743,6.295653,6.638082,6.63551,5.850117,5.434365,6.527751,5.771355,7.097054,5.830885,6.068329,6.327297,5.929568,6.205616,5.822957,5.596759,5.719302,5.952902,5.941723,7.761179,6.796139,5.80463,6.096669,5.534073,5.905695,6.127996,5.599201,6.381167,6.138072,6.061956,6.592481,5.953064,6.576799,5.551741,5.994541,6.274541,5.92395,6.505646,6.365413,5.492709,6.24204,6.312804,7.02015,5.762946,7.822723,6.29138,5.777176,6.179287,6.116393,5.971356,6.442576,6.351129,6.810648,6.485903,7.214482,5.537479,7.385791,5.786792,8.420405,6.347207,5.646836,8.362364,6.140186,5.970212,5.451289,7.344163,5.939067,6.025322,6.514629,6.429563,5.920242,8.397622,5.612777,5.59709,5.708538,6.588591,5.776268,6.95747,5.754025,6.423783,6.897926,5.870915,5.740593,5.474432,5.664619,6.170434,5.940055,5.523481,5.783689,5.784521,8.148053,6.736992,5.875994,5.750821,5.465119,5.529029,6.248681,6.388261,5.854185,6.191711,5.978215,6.240725,5.962433,6.285286,5.784072,5.662682,5.825344,7.119269,5.720074,5.726058,6.121557,5.802492,5.590903,5.967101,6.303221,6.314762,5.486013,5.778382,5.794708,5.737527,5.908212,7.206898,6.128164,5.569607,5.919934,5.610435,6.082176,7.825517,8.214222,5.786492,7.145297,5.417479,5.576382,5.539133,5.966762,5.71501,5.485683,5.909616,5.765409,5.604467,5.912165,5.318922,5.53846,5.763198,5.843679,5.901165,5.617541,6.527861,5.595499,8.553266,7.881177,6.076568,5.806849,5.578811,6.866351,5.872251,5.811537,5.410368,7.353839,5.661048,5.65733,6.097759,5.596612,6.077373,5.697714,7.057592,5.75714,5.522314,5.845176,5.577171,5.489405,5.534998,5.484538,5.641233,6.103961,5.612272,5.54887,5.81171,5.6409,5.572856,6.076307,5.453667
"HIVEP3",6.744934,7.297426,6.687832,6.793428,6.354207,6.908609,7.100163,6.666985,6.881784,6.519969,6.839619,6.849467,6.051962,6.348235,6.825455,6.671102,7.156939,7.040934,7.067854,6.697449,6.020126,6.61361,6.744357,6.687909,6.358634,6.408789,6.046895,6.392533,7.219804,6.78185,6.894547,6.58146,6.670235,6.453765,6.617863,6.15291,6.688745,6.512591,6.56857,6.339928,6.750426,7.169138,7.231599,6.457451,7.242589,6.534126,6.893413,7.056761,6.909444,6.269098,6.56901,7.052377,7.140507,6.777486,6.631609,6.556467,6.781363,6.028056,7.443209,6.277567,7.302225,7.127533,6.70032,6.358757,7.050419,6.609731,7.133522,6.219005,7.085694,6.842297,7.320612,6.890257,6.797757,7.462536,6.738888,7.17845,7.05981,7.112056,6.658829,6.680597,6.85995,7.2433,6.691061,6.832281,7.18146,6.63498,6.805198,6.52305,7.42328,5.350336,7.256916,7.064374,6.270181,6.842901,5.736003,6.923957,5.751689,7.174315,7.089116,6.820933,6.95823,7.002107,6.9201,6.151613,6.978004,7.292548,7.190153,7.553224,6.900992,7.111325,6.602677,6.735854,6.98635,6.432282,7.130959,7.364877,7.07555,6.820634,6.822016,7.081293,7.221324,6.746069,6.388311,7.199841,6.40321,6.784453,7.260314,6.627929,7.728041,7.019855,7.23182,6.628598,6.369405,6.837801,6.800505,6.53079,7.097833,7.083953,6.441216,7.684169,6.831726,7.652141,7.21432,6.888054,6.867591,6.946133,7.153455,6.204246,6.848891,5.871962,6.696381,7.235352,6.660011,6.123992,6.844542,6.319107,6.983598,6.427812,6.372084,6.415782,6.624996,6.323202,6.705158,6.585901,7.386481,6.62517,7.719005,6.948251,7.139981,6.756681,6.340145,7.478488,6.872389,6.971717,6.665673,5.327621,6.533645,6.485387,6.588397,6.788907,6.333451,6.397501,7.408622,6.894996,6.926625,6.301823,6.780848,6.845862,7.338874,6.639947,6.141996,6.236348,6.612204,6.523867,6.915744,6.277113,6.90423,6.544233,6.450709,7.072939,7.213564,6.543062,6.260529,6.542543,6.389555,6.401001,6.50083,6.008383,6.407012,6.317587,7.105438,6.464784,6.846654,6.762539,6.958651,6.612149,6.666294,7.004744,7.057387,7.31547,6.529352,6.554314,6.191703,7.095911,6.15753,6.432699,6.649201,6.496599,6.442463,7.200565,7.171354,6.478572,6.91617,7.224513,6.456014,6.364574,6.768518,6.468161,6.739377,6.987164,5.939571,7.004445,6.217196,6.627396,6.915027,6.04522,6.152304,6.611426,6.935765
"HOXC6",6.816116,8.648271,7.973164,8.748051,8.123475,7.576391,7.426954,7.241401,6.199411,7.469337,6.777447,8.09237,7.808238,7.230442,7.877573,7.499217,6.996337,8.263087,7.563891,7.79996,7.398155,7.887915,6.947958,6.787388,7.790234,6.491223,6.89139,6.806855,7.592783,8.41841,8.156394,6.35475,8.348223,7.698396,8.298423,6.782017,7.380078,7.793214,7.069603,5.856424,7.908465,7.571519,7.475891,7.338428,6.721638,7.306515,6.973642,8.434932,7.553517,6.920046,8.059191,7.782071,7.388827,7.889513,7.51565,7.093169,6.719243,7.094153,8.923087,5.385075,7.435066,8.222795,6.038705,6.957154,7.918718,7.518095,7.467423,7.125422,7.800017,7.582395,6.79859,7.542525,6.512484,7.716781,7.924818,7.643909,7.873262,8.302963,7.289724,6.985597,6.734284,7.978695,7.156067,7.141304,8.099992,5.965657,8.252394,6.736166,7.602863,10.26593,7.465401,7.265964,7.491065,5.918642,7.224618,8.148163,5.517049,7.62302,7.620411,7.50963,7.503214,7.673264,8.477321,6.203571,8.730288,8.212586,7.795533,8.028753,7.386936,7.977182,5.983105,7.00471,8.397599,8.415692,7.730284,8.559084,8.453834,6.468716,6.989594,7.676242,8.04314,7.801155,7.733954,7.84712,7.021446,7.274873,8.121893,7.964585,8.093001,7.894576,8.27458,7.503217,7.756218,8.1578,7.409344,7.636801,8.155305,8.385876,7.644878,8.070388,8.168634,8.696474,7.932398,7.871108,7.683129,7.528465,8.113006,8.348844,6.39797,6.020362,8.061133,7.266662,7.711899,6.131975,8.597595,5.778103,6.515522,7.893825,8.15785,5.969973,8.427843,7.661456,7.565088,6.943059,8.094279,7.713019,8.223744,8.494155,7.487989,7.252522,5.977884,6.043229,7.212357,8.228913,7.011527,6.509238,5.908669,7.37868,7.31335,7.07867,8.062316,7.730118,7.759238,8.650029,7.387552,6.410086,6.649641,7.916802,6.901357,7.267056,8.155153,6.997082,6.699602,7.360865,7.65019,7.577374,8.079733,7.913839,6.282575,7.199825,7.666066,7.841399,7.414892,7.408023,8.195638,7.772013,7.596228,7.487806,7.15589,7.403659,7.90524,7.522166,8.016157,6.922284,7.242621,7.819867,7.239454,7.720775,7.301283,7.734944,5.713115,7.728562,6.162242,7.565618,7.345923,7.807299,7.416842,6.155235,6.649336,5.785799,7.561421,7.778036,7.681344,7.190114,7.41646,7.52891,8.054133,6.277683,7.076758,7.761636,5.357279,7.519494,6.233682,7.391728,7.659625,5.758577,7.850617,6.877795,7.422145
"HRK",9.774317,9.78021,10.015465,8.824562,9.18179,9.003585,9.678563,9.084775,9.180802,9.00203,9.646395,8.551872,8.85457,9.34834,9.10117,9.740735,9.714022,9.44006,9.557013,9.229308,8.79215,9.580343,9.34907,9.46877,8.960575,8.906395,8.684885,9.340508,9.228495,9.20969,9.524568,9.096215,9.510603,9.401788,9.284598,9.45189,8.960997,9.294278,9.626845,8.807827,9.32634,9.085153,9.234028,9.449215,8.963195,9.423753,9.167933,9.210505,9.387135,9.227352,9.028497,9.438238,9.118762,9.350438,9.435278,8.860572,9.870923,10.080325,9.547902,8.719832,9.619762,9.360075,9.123393,9.031687,9.19805,9.398508,9.70101,8.852345,9.797988,9.488685,10.259583,9.3479,8.809582,9.725487,9.006227,9.854885,8.928345,9.693255,9.220118,9.153302,9.36069,9.175623,9.272393,9.581482,9.90146,9.691308,9.755745,9.509517,9.817083,8.545758,9.262485,9.105007,9.30506,8.790428,9.747372,9.440463,8.854252,9.04449,9.331535,9.308637,9.07822,9.980045,9.760303,8.89616,10.233922,9.518845,9.292187,9.493272,9.3821,9.838785,9.504753,10.003425,9.39275,9.067705,9.91409,9.594682,9.53723,9.046362,9.17995,9.561313,9.23171,8.867638,9.088543,9.997587,9.145832,9.358018,9.533357,9.398747,9.559132,10.033495,9.770665,8.627475,9.672482,9.446733,9.470412,9.246108,9.92717,9.814875,9.493347,9.49469,9.248893,9.447815,9.689465,9.503505,9.214245,9.421155,9.564127,9.248238,9.15616,8.76153,9.444785,9.785305,9.505933,9.605317,9.42915,9.433853,9.425075,9.275592,9.66474,9.69421,9.56151,8.564965,8.998728,8.888225,9.15271,9.359758,9.681555,9.208465,9.451067,9.88669,9.752,9.086745,9.277973,9.880905,9.818655,9.19764,9.511837,9.291185,9.183505,9.48525,9.22703,9.41404,9.33766,8.92811,9.07304,9.44068,9.321855,9.33219,9.57275,10.180893,8.996305,8.997762,8.927942,9.34856,10.444777,9.503078,9.055793,8.882592,8.76125,9.061913,9.33949,9.449603,8.734015,8.983765,9.040845,9.03285,8.998955,9.029207,8.1965,8.99479,8.755547,9.082415,8.978187,9.70795,9.458568,9.41993,9.661357,9.639395,9.514247,9.381485,9.01318,9.5441,8.69234,9.585717,8.61567,9.36642,8.459025,8.901973,9.39763,8.75592,9.10755,9.011105,9.57105,8.885,9.716005,8.77918,8.924833,8.793573,9.239985,9.237297,9.3177,9.440287,8.627707,9.182895,9.068055,9.803422,9.825425,8.965695,8.74457
"NTRK1",7.486689,9.45164,9.062072,7.632319,9.495434,8.137208,7.544073,7.107323,6.728057,7.825306,6.899108,9.30046,6.712838,8.903481,8.929228,9.230049,6.921357,7.250843,8.930239,8.521527,7.571866,6.881318,7.449571,7.958129,7.578944,6.732787,7.210651,6.725478,9.6168,7.860663,8.455318,6.607831,6.910686,7.550682,8.539502,6.839984,9.015829,6.75342,8.544633,7.814127,7.093721,8.284324,8.594736,6.875373,8.963163,6.874304,8.384823,8.989755,7.982729,7.006842,8.261035,8.426358,8.952338,7.942114,8.812324,6.646892,9.081204,8.265243,9.671558,6.85966,9.362207,8.25997,7.359004,8.529429,8.642597,9.051458,8.223979,7.962117,8.410867,9.172114,8.282661,8.543641,7.840289,9.195974,6.988849,9.396448,7.612294,8.033828,6.92825,7.751529,7.9129,8.124761,6.769963,8.35336,9.170642,6.769397,9.099944,8.052376,9.111788,7.21343,8.841134,8.39821,8.014678,6.773526,7.50971,8.294814,6.69253,9.092014,8.447643,6.797736,7.929153,9.653801,9.361113,6.815053,9.26688,9.986207,7.166376,9.114039,9.739835,9.366019,6.678692,8.809965,7.798573,6.382101,9.109634,9.420445,9.84033,9.205647,8.291675,9.370642,8.598752,8.015373,6.80705,8.792257,7.095732,8.195668,9.342231,6.815413,8.5638,9.750484,9.359552,8.469936,9.624812,8.913298,8.05549,8.737872,9.496079,8.270309,8.706226,10.290323,7.90015,9.862386,9.416128,9.20901,9.659891,8.75857,9.574112,8.055062,6.537656,6.680739,9.627289,9.545018,8.599922,6.836647,7.152578,6.791353,7.115614,8.186411,8.483437,6.87562,7.312482,6.884692,7.266938,7.006295,8.973861,8.396236,9.373387,8.523316,9.25014,8.754659,7.010974,6.923783,8.033819,9.269425,9.052991,7.304874,6.677415,8.348258,8.403507,8.214601,7.248391,7.15533,9.347163,7.22496,8.155652,6.733255,8.479033,8.37326,9.031136,7.762402,8.484955,6.995271,6.85528,7.110873,8.235079,8.221225,7.325914,9.062596,6.417995,7.907874,6.647115,9.281548,7.368285,6.475828,7.875446,7.000493,6.980993,6.987924,6.540604,6.681601,7.048315,8.010466,8.821906,8.065879,8.788689,7.902141,8.403858,8.930732,8.328227,7.627452,6.585538,7.635723,6.740753,8.775842,6.66892,8.679616,7.78228,8.687122,8.495464,6.845514,8.860458,7.229027,8.139166,8.819391,7.034753,7.307663,8.644454,7.600521,8.305025,8.233409,6.435666,7.494998,6.700722,7.967314,8.999274,6.578596,6.745131,7.821152,6.883949
"PGM2L1",7.568061,9.499855,8.746712,9.684658,8.89326,9.484135,6.595723,9.029294,8.711864,8.213294,7.673917,8.548822,8.531961,8.27018,8.152762,9.007416,7.533535,8.866568,8.626339,7.752063,7.834463,8.048075,7.04559,7.99206,8.158636,7.663749,7.370301,7.927859,8.85537,8.090882,8.195257,7.94164,8.398727,7.900411,9.043557,7.021168,8.990883,8.66898,7.403458,8.078978,7.450807,7.322973,8.288199,7.890863,8.91865,7.249546,8.072271,8.504042,8.193501,6.219313,7.845679,7.707867,8.556767,8.436586,8.191237,8.6049,9.28445,8.040166,9.585628,7.921586,7.272224,9.518512,7.406718,8.4529,8.553703,8.5016,7.753864,6.420496,9.288514,8.964663,8.496268,8.622768,7.396463,8.926537,7.22569,9.528209,7.66464,8.227325,7.747931,7.607651,7.777077,8.017064,7.560813,7.852807,9.608988,7.748738,9.825647,7.333862,8.859913,6.430008,7.633641,8.027662,7.455866,7.223119,7.370864,8.567135,7.833839,8.627428,9.555247,7.294823,8.652612,9.618706,8.904503,7.21696,9.47265,9.384767,7.888016,9.501039,8.164765,9.363608,7.112802,8.264994,8.718283,7.744244,8.665211,9.307035,9.449794,8.43687,8.47057,10.057814,10.282997,7.909716,8.614585,9.853909,6.845588,9.781951,9.607051,7.484428,9.907997,9.581653,9.407434,8.470249,10.180617,9.473867,7.948654,8.923334,9.263822,9.573636,9.463568,10.160936,7.955514,10.176904,10.005699,9.938402,9.875432,7.990388,9.582303,7.956722,7.313951,6.996418,8.717583,9.015888,9.002568,6.535658,7.764641,7.889855,6.95639,10.257561,8.299099,7.428903,8.671964,6.775721,7.740357,7.086763,9.195451,7.283898,9.631401,8.239578,7.578466,9.539233,6.944727,7.374636,8.071039,7.924298,7.870424,8.411581,7.476121,7.129916,8.308717,7.282783,7.265098,7.867516,9.008867,7.144516,9.157914,6.95104,7.824471,8.080103,8.524253,6.310915,6.817577,8.686795,7.955587,7.794667,9.090899,9.369263,8.332491,9.440759,6.997494,8.291358,7.744938,8.899221,7.319751,8.371364,8.377875,9.526756,7.108155,7.318649,7.355512,9.002049,6.592663,8.375439,8.577154,8.11226,8.363136,7.697509,8.814897,9.833726,8.0577,8.607867,7.341199,8.742644,7.03115,8.46472,7.149013,9.396737,8.213973,8.975605,7.18944,7.524797,7.495775,7.470156,8.20918,7.591987,7.370349,8.169005,8.144509,8.4058,7.799484,7.731078,7.887029,9.216849,6.812732,7.989605,9.508216,6.980647,7.375524,8.337183,8.989079
"SCN3A",7.487633,9.156837,9.233096,9.056415,9.156067,9.258357,7.248062,8.079574,8.599108,7.680082,9.002092,9.087001,8.261794,7.810711,7.998814,8.784718,8.38042,8.936253,8.789731,8.208099,7.630882,8.839899,7.333846,7.956622,8.568573,6.978549,6.783481,7.759989,9.579431,7.617174,8.36865,8.110294,8.900861,8.306893,8.611324,8.802068,7.859207,8.821218,8.332195,9.018362,7.780641,7.84772,8.671159,8.180846,9.174298,8.456606,7.778206,8.209669,8.502194,7.341697,8.234273,8.314383,8.459541,8.523682,8.67882,8.953062,9.539976,7.462451,9.934793,8.526481,7.907183,8.997304,5.658166,8.26922,8.842883,9.248705,8.590022,6.600323,8.667694,9.108009,7.927983,8.367385,8.132315,9.474575,8.606815,8.886524,7.605983,7.989018,8.612636,7.396345,8.652173,7.836438,8.960104,8.035773,9.64585,8.330855,9.086886,7.401408,9.407244,4.546753,8.685881,7.887314,7.717221,8.159617,6.34088,8.357517,8.954995,9.706915,8.527662,8.655964,8.297845,9.736525,9.184753,7.687924,9.771719,10.089206,9.295799,9.877961,9.494242,9.236976,8.581538,8.550362,7.696597,7.665909,9.435242,9.857867,9.623784,8.772768,7.863271,9.717822,9.678753,8.182759,8.697051,9.636263,5.919308,9.516454,9.264892,7.983125,10.100496,9.640869,9.560131,8.239361,9.319705,8.973301,8.720975,8.262848,9.228023,9.502554,8.514411,10.159461,8.2809,9.90621,9.918776,10.092283,10.113012,8.305992,9.19401,6.996837,8.248574,8.488056,9.45454,9.137941,9.307713,7.268073,8.907209,9.179862,7.587955,8.669782,8.7899,6.979554,8.225657,5.031664,8.629805,7.048107,9.152645,7.553622,9.48255,8.758556,9.010864,8.881194,8.623937,7.653675,9.017233,8.580797,8.663218,8.793619,8.578218,6.691876,9.285818,7.930321,7.828467,8.604663,9.612753,8.030633,7.9944,6.258431,8.199322,9.001078,9.479794,7.789369,8.386565,8.09241,7.766554,8.732935,8.348702,7.905857,8.765905,8.562572,8.372656,8.321293,8.988114,7.747249,8.509225,7.104362,9.183447,8.722253,9.120524,7.262626,7.084018,8.763907,8.284012,9.206654,8.391634,8.578806,8.927635,8.512317,8.156189,8.734778,8.143628,9.05784,8.580935,9.018722,7.197543,9.284492,6.7461,8.674038,7.386938,8.69598,7.486444,8.868833,7.29529,8.729961,7.024098,8.284456,9.003808,7.684792,8.374188,8.107471,8.387102,8.304031,9.606996,9.429547,6.619532,8.507327,9.600853,8.423357,8.72775,9.179657,8.84048
"SCN3B",8.209459,9.643423,9.134414,8.860772,8.267234,9.080685,7.568945,8.760409,9.338641,8.634705,8.004854,8.917715,8.719834,8.415397,8.905188,8.930016,8.167508,8.083418,9.20841,8.95121,7.592476,8.909219,7.98586,8.225467,8.983185,8.34326,7.890555,8.629888,8.842827,8.727937,9.174316,8.766157,8.335811,7.610929,8.396662,8.659543,8.033951,8.121217,8.70928,8.745496,8.498263,8.924352,8.673443,8.489813,8.769496,8.781325,8.850214,8.930806,8.634352,8.027177,9.128616,9.034223,9.273588,8.860821,9.139582,9.830152,9.228484,8.533121,9.574279,8.176584,8.845564,8.070713,8.634123,8.478972,8.951792,8.644652,8.763395,7.610088,9.795055,9.385951,8.514133,9.063848,8.813014,9.095352,8.24822,10.004954,8.116522,8.947345,8.599743,7.694767,8.227077,8.906608,8.908948,8.280931,9.411813,8.972086,10.060942,8.632335,9.731095,6.425005,8.710587,8.378945,7.439811,9.127041,9.308169,9.468832,8.671767,9.3041,10.140658,8.161911,8.061835,9.871996,9.291485,9.007538,9.671784,9.234216,8.861055,9.648465,9.433815,9.831903,9.103778,8.940334,8.106422,8.434411,8.875327,9.78297,8.942569,8.890895,8.856916,9.918437,10.110172,8.447343,7.926951,9.929295,8.202178,9.500998,9.444227,8.814253,9.765811,10.020164,9.68137,8.130975,9.229072,8.633203,8.479218,8.674074,9.549831,9.84741,9.195856,10.27733,8.991135,10.057784,9.434865,9.969637,9.782455,8.662974,9.511025,7.616115,7.626203,8.368794,8.893915,9.425057,9.338565,8.188457,8.383898,8.703585,7.958743,8.957107,8.889552,8.2155,8.202543,6.29484,9.105848,7.646942,8.279411,8.215144,9.721211,8.620868,8.966227,8.802904,8.873313,8.728873,8.563526,9.211273,8.793752,8.822642,8.632069,7.855748,8.922006,8.219764,7.655268,9.081465,9.267481,8.737991,7.906876,7.188314,8.579147,8.915316,8.852281,8.095014,8.816234,7.861279,8.178502,9.170017,9.814689,9.410288,8.281923,8.53219,8.91431,8.150556,8.67133,8.47969,8.797999,8.837056,8.573717,8.262696,8.084587,8.383844,7.056179,8.713539,8.170045,8.235516,8.984455,8.898643,9.056306,8.338344,9.541994,9.317664,9.028032,8.770098,9.337857,8.872303,8.66512,9.132509,8.303071,8.720717,8.193264,9.263464,9.407618,9.111989,8.916167,8.864321,9.800188,9.124368,10.033713,9.443708,9.380774,9.214901,8.986477,8.615453,8.949299,9.806525,6.957685,8.297964,9.539081,9.15584,8.490439,9.161322,8.028859
"SDK1",7.567276,8.30866,7.830701,8.166282,7.552521,7.525287,7.394637,8.092894,7.433688,7.624675,7.334422,8.848979,7.155336,7.053633,8.399404,8.445083,7.21984,7.718305,8.310233,8.231756,7.012745,7.539211,8.022207,7.649872,7.163855,7.483644,6.861168,7.500875,8.379865,8.006561,8.60632,6.756621,7.333039,7.41561,7.708954,7.101278,7.108483,7.398767,8.439015,7.073856,7.653864,8.023427,8.044546,7.21417,8.476245,7.339959,7.854598,7.963996,8.099295,7.679242,7.469452,8.458668,8.833257,7.316392,7.658338,6.866836,8.702485,6.982802,8.757846,7.967856,8.959245,7.773477,6.839891,7.66156,7.983873,7.753092,8.381652,7.643973,7.750825,7.552806,7.977835,7.837141,8.050347,8.216206,6.931605,8.554637,8.59352,8.611674,6.995112,7.12195,8.223122,8.369282,7.416768,7.775578,8.002839,7.144756,8.330654,8.022392,7.50067,6.473085,8.198722,8.254315,7.023279,7.021573,6.56086,8.121581,6.889965,9.207408,8.390755,7.324707,8.265176,7.063973,8.287562,7.324374,8.926984,7.852686,8.568766,8.23846,7.858531,7.788163,7.462962,8.167232,8.170724,7.639135,7.827518,8.672935,7.679027,8.487503,7.054018,8.171664,7.709264,8.473016,8.671707,8.100616,7.151681,7.659338,8.068842,7.979978,7.565042,7.848086,7.674924,7.732178,7.517589,8.278358,8.057537,7.011745,8.837209,9.056015,7.154411,8.540869,7.119727,7.824862,8.401676,7.725664,7.891418,7.489513,7.939141,7.237106,7.182539,7.15589,7.624413,8.128761,7.845367,8.081445,7.332703,7.255137,7.66715,7.689902,7.533345,7.289122,8.669483,6.586835,7.682966,8.098904,8.036745,7.956688,8.022515,8.790576,7.516414,8.697138,7.079072,8.004867,8.25137,8.734003,7.48419,6.0594,6.901928,7.91757,8.391766,8.393944,7.143727,7.191979,8.696525,7.787079,7.613127,7.056533,7.888362,8.375377,8.293239,7.018994,6.584564,7.59628,7.218888,7.083019,7.4604,7.20654,7.311261,7.49945,7.369484,8.318387,7.546596,7.869727,6.907106,7.404548,8.394112,7.912604,7.009045,7.672362,7.13636,6.939144,7.18034,7.475042,7.703387,8.563526,8.004631,7.22276,7.810722,7.44329,8.142016,7.572822,7.362372,6.927523,6.954149,8.081366,7.088055,7.4511,8.33616,7.449466,7.02676,8.300114,8.26354,7.21336,7.339229,8.94412,7.353858,7.312184,8.328954,7.395791,8.359132,8.045561,6.89848,7.662788,7.038806,8.405185,7.136793,6.988553,7.309984,8.402676,8.099893
"SMARCE1",7.538718,8.341569,7.946631,8.065172,8.079748,7.944776,7.619831,8.24649,8.193223,7.843748,8.095369,8.041485,8.866355,7.973793,8.536659,8.198999,7.511982,7.818382,8.224735,8.582568,8.29572,8.427786,8.139542,7.902557,7.826663,7.693461,7.48448,8.037281,8.164547,8.455281,7.694365,8.186987,8.791363,7.434582,8.089841,7.778005,7.902933,8.47265,8.90039,8.509535,7.336658,8.788126,7.688134,7.652189,7.864804,7.490574,8.02813,7.894973,7.81791,7.043788,8.759169,8.395293,8.891072,7.779912,7.870574,8.336066,8.046342,7.725792,7.979056,7.719651,7.478274,8.83898,8.122564,7.852995,9.011034,7.897452,8.575453,7.899017,7.709036,7.493379,8.217411,7.963278,8.643293,8.328398,8.145118,8.125742,7.929099,8.500537,7.889219,7.155539,8.571287,8.435098,8.295877,8.681167,8.476065,7.879307,7.886511,8.066326,8.45097,8.055402,7.99496,8.481469,7.590682,7.511885,7.37206,7.522645,7.560232,8.057362,8.099728,7.814549,8.460238,7.943415,8.534768,7.499523,8.132814,8.172441,8.542033,8.010905,8.218984,7.728465,8.030385,7.722328,8.370745,8.692114,7.870354,8.030797,8.434031,8.312659,7.601473,7.974548,7.772256,7.898697,8.501556,8.285553,7.606896,7.544339,8.134972,8.12865,8.243042,8.00304,8.037163,7.833044,7.803168,8.607765,8.54869,7.440036,7.943312,8.074569,7.2042,8.147978,7.776501,8.132835,8.098546,8.282317,8.341931,8.180947,8.179503,7.775442,8.109355,7.918266,7.698956,7.871487,7.909472,7.685753,8.211435,8.267686,7.46144,7.941215,7.609764,7.775114,7.864187,7.567037,8.168271,7.7841,8.095704,7.978459,8.077994,7.88992,7.810391,7.847979,7.484142,8.055012,8.121988,8.430448,7.737467,7.853057,8.098202,7.822337,7.808821,7.68779,7.853237,7.041617,8.279024,8.272471,8.425503,7.343485,7.865399,8.030994,8.256007,7.380411,7.949963,7.650744,7.275682,7.802151,8.115357,7.564214,7.848579,8.004417,7.999463,8.183239,7.966921,7.484352,7.932474,8.353045,7.909392,8.347748,8.459614,7.54139,7.841865,8.097053,7.780926,8.353235,7.909121,8.70577,8.211635,7.400816,7.507942,7.621743,8.230121,8.016415,7.925294,7.503012,7.946652,7.929251,7.918063,8.183909,8.22616,7.612701,8.239222,8.313295,8.462503,8.085185,7.304328,8.437985,8.049737,7.354793,8.57478,8.52051,7.636031,8.600728,8.245468,9.051102,7.692223,8.612146,8.082905,8.24729,8.991229,8.499262,9.027404
"SOX4",7.748703,9.848677,8.798725,9.054501,9.473132,8.325791,8.619134,8.619083,8.460468,8.719537,8.744793,9.198928,8.23196,7.567695,9.218836,8.563566,8.572985,9.253304,9.036264,8.672157,8.390581,8.192449,8.427967,8.893403,8.664687,8.614168,8.170592,9.166255,8.923838,9.285123,9.069922,8.988772,7.686155,8.613795,9.217703,8.666365,8.117432,8.933613,8.69434,8.57279,7.897994,8.866754,8.629517,8.580743,8.849379,8.980282,9.133391,9.241705,8.534249,8.376679,8.725661,8.733795,8.458842,8.472286,8.93379,8.521549,9.279703,8.383266,9.684913,8.247252,8.550226,9.268087,9.218041,8.319373,9.156725,8.507615,8.845381,8.430426,9.058803,8.480928,8.977283,8.631328,8.578833,9.361396,8.752022,9.287354,9.365321,9.577922,8.720991,8.1348,8.481723,8.836418,8.893924,8.801676,9.835442,8.76441,9.269812,8.993458,9.454915,9.04941,9.029624,8.092448,8.348994,8.546585,9.190871,8.752868,8.23754,9.372311,9.123918,8.777858,8.636642,9.591872,9.971516,8.727746,10.014656,9.764676,9.599886,9.35611,8.887692,9.290545,8.861838,8.497952,9.661097,9.008453,9.108134,9.133314,9.583649,7.868507,9.559812,9.150567,9.164747,9.319376,9.08439,9.72705,8.570389,8.497286,9.719314,8.257977,9.733698,9.817903,9.124287,9.251755,8.204035,9.563846,8.540815,8.491587,9.459367,9.422792,8.149652,9.872219,9.232709,9.461496,9.082513,9.065878,8.635992,8.726329,9.666017,7.655399,8.464768,8.367951,8.939452,9.314563,9.295906,9.214594,9.015422,8.799415,9.86358,7.936049,8.642676,9.117505,9.713278,7.629595,9.434843,8.399562,8.677862,9.662212,9.153084,9.518491,8.607607,8.708486,8.820357,8.925684,8.297158,8.975494,7.985014,8.412331,8.608808,9.053552,8.670194,8.511852,8.757808,8.339076,8.816712,8.483451,9.329504,8.135694,9.193745,8.880504,8.868955,8.432627,8.736186,8.932289,8.593386,8.822734,8.101679,7.676413,8.475764,7.628141,8.579391,9.477197,8.498844,8.608555,8.567454,8.361472,8.443993,8.034028,9.067006,8.613307,8.016916,8.44567,8.307708,8.65229,8.967408,8.891702,8.769702,8.287697,8.168714,8.541725,8.405703,8.842044,8.823816,7.468067,8.59718,8.790446,8.174449,8.125412,8.558676,8.40157,8.259939,8.19631,8.649872,8.305564,8.055914,8.837107,8.519118,8.493708,8.76953,7.962797,8.439732,8.658329,8.166109,9.910088,7.747111,9.279734,9.21256,8.587713,8.843435,9.320328,8.501795
"ST7",6.666744,7.960233,7.509885,8.297404,7.873264,7.508422,7.0042,7.098155,7.739564,7.071495,7.758326,8.229256,7.391727,7.277604,7.354332,7.316737,7.404352,7.968774,7.922199,7.283564,7.430461,7.895779,6.504,6.966949,7.915227,7.648045,6.690925,7.056896,7.863157,7.680107,7.126163,7.584097,8.164268,7.224511,7.357997,7.798668,7.212094,8.036576,7.550785,8.515449,7.02019,7.045283,7.218012,7.39687,7.807188,7.178187,7.218614,7.394206,7.657491,6.517459,7.715384,6.929883,7.936664,7.452335,7.054772,7.572472,7.470561,6.359051,8.038474,7.671216,7.755022,7.734269,6.762375,7.592126,8.336532,7.633873,7.488671,6.476876,7.390381,7.393376,7.581616,7.552498,7.327711,7.415346,7.200638,7.338368,7.469215,7.125652,6.923583,7.547284,6.90074,8.017644,7.896089,7.015417,8.031925,7.807431,7.848185,7.00956,8.004499,6.836672,7.127393,7.494036,7.575592,7.482539,6.929659,7.249916,7.700773,8.476849,7.563811,7.712928,7.448911,7.68564,7.56623,7.357892,8.266096,8.16248,8.292463,7.992256,7.777376,7.86594,7.656683,6.85057,8.05022,7.601026,7.683097,8.133878,7.692409,7.46153,6.983455,7.842747,7.769013,7.866372,7.997075,7.928196,7.110007,7.262901,8.057248,7.946541,8.25995,7.517703,7.850798,7.338491,7.66593,7.633886,7.565122,7.075578,7.803359,8.034633,7.047558,8.281876,7.488739,8.057965,7.735554,7.709716,8.466653,7.404114,7.768266,6.707686,7.702739,8.044508,7.259124,7.395443,7.61108,7.287822,8.177847,7.004844,7.923596,7.19853,7.564799,7.979941,7.897621,7.566745,8.074279,6.901908,7.926033,7.181013,7.876273,8.129474,6.874838,7.535129,7.15458,7.676326,7.142814,7.368038,6.880487,7.766573,7.19395,6.286719,7.939229,6.965084,7.236903,7.40745,7.615804,7.922688,7.726368,6.590422,6.951123,7.732594,7.681623,6.767747,7.516282,6.547826,7.109805,7.318115,7.027244,6.857332,7.845735,7.096739,7.672504,7.608141,7.970976,7.275686,6.838098,9.1307,7.920035,7.36476,8.161956,7.389249,6.849757,7.336897,7.207712,7.79843,7.900133,7.709747,7.286209,7.443827,7.103583,7.631468,7.666031,8.242071,7.793227,7.373337,6.867674,8.085802,7.366254,7.714999,7.145272,6.920877,6.909605,8.300542,6.97551,7.517582,7.010299,7.919747,7.542973,7.297467,7.459692,7.64253,7.491788,7.0333,7.989487,7.80383,6.870849,7.819373,8.369203,7.679138,7.780338,7.995,8.199708
"ST8SIA2",7.326856,8.875438,7.740016,7.360075,7.995563,7.882688,7.091665,6.949779,8.418863,7.917891,7.336805,5.990719,7.23394,6.810231,7.401528,7.586999,7.496655,7.383975,7.9111,7.762346,6.538229,7.312723,6.662672,7.389993,8.481482,6.784426,7.114264,7.538087,7.077324,7.092602,7.084091,6.859625,8.345501,7.320758,7.578663,7.553052,7.051642,7.642349,7.35679,8.046883,6.325277,6.068635,7.458355,7.493598,8.540029,7.22298,7.611108,7.081338,7.913428,6.615011,6.445188,6.748423,7.601884,7.940432,7.472604,7.339306,8.005193,7.316401,8.930915,8.466048,8.081725,7.285845,7.965009,6.970154,7.610393,6.994922,7.724414,6.813042,8.063977,7.909428,7.402979,7.155943,6.705842,8.618415,7.253252,8.215905,7.301992,8.001535,6.112561,6.264885,6.731703,7.539445,7.980269,6.50723,8.166666,7.462657,8.443785,7.011742,8.395231,7.774179,8.074512,7.303366,6.521728,7.966,8.017478,8.191489,6.852099,8.003832,8.054415,7.077841,7.785947,8.249179,8.242844,7.562213,8.440995,8.687585,8.722025,8.432832,7.655369,8.243457,7.282379,7.767356,7.363538,7.702984,7.316927,7.941435,8.46474,7.667396,7.876442,8.519348,8.468149,7.718036,7.572974,8.629203,6.982556,7.755756,8.012734,7.599738,9.135015,8.707033,8.366029,7.52119,8.308902,8.347052,7.220891,7.261256,8.322801,8.21938,7.149168,9.668649,6.966155,8.801398,8.28154,8.10095,8.385188,8.045336,8.537045,6.697142,8.020976,8.036215,8.024688,8.480563,8.284536,7.631068,8.236608,7.451447,7.364003,7.497399,7.447008,8.167673,7.585022,5.570974,8.297062,6.821842,7.648535,6.757165,7.578588,7.810799,8.068485,7.833648,7.125611,7.957128,6.412189,7.683118,7.29869,7.559542,6.171268,6.871108,7.410933,6.706138,7.351426,7.363616,7.888047,7.950209,8.037803,6.335918,7.869852,7.478975,7.652616,7.593313,7.026139,6.575402,6.66259,6.652591,6.430017,7.287738,7.638189,7.147078,7.731011,7.230278,8.157769,8.582564,6.800939,6.757655,7.379894,6.363464,6.905074,7.681005,6.15465,7.813695,7.302575,7.42143,7.084869,7.241539,7.766668,7.516721,7.92584,8.126521,7.036876,8.076333,7.739813,6.358357,7.660954,7.332011,7.797187,7.339745,7.457078,7.422241,8.101592,7.336321,6.66605,7.262058,7.389719,7.970262,8.074168,6.483597,7.476357,8.17893,7.650604,7.688941,7.115037,8.164129,5.760854,7.281457,8.723382,7.800485,7.424026,7.778439,8.499535
"TADA2A",7.293966,8.388719,7.700874,8.233902,8.175536,8.14348,7.511986,7.975285,7.93694,7.725537,7.525048,7.857908,8.916247,6.9174,7.437957,8.183124,7.076337,8.069855,6.845494,8.134235,8.208088,8.349477,6.71771,7.675023,7.786846,7.40818,7.332737,7.285749,7.89612,7.24841,7.522033,7.481303,7.99056,7.280347,7.42675,7.032222,7.75399,8.299771,7.007743,7.954597,7.411029,7.781756,7.352234,7.328077,7.627337,7.02238,8.015953,7.676938,7.36113,6.553283,7.5824,7.245492,8.644952,7.820882,7.045154,8.15735,7.540415,5.662892,8.194583,7.688974,7.010608,7.084898,7.179435,7.619113,8.898509,7.173153,7.778414,7.397052,7.640894,7.459117,7.204742,7.890618,7.436454,7.85049,7.790568,7.687352,7.05442,7.808702,7.58615,6.805294,8.034619,7.546267,7.925029,7.017187,8.016369,6.708695,7.715916,6.780755,8.941828,7.366659,7.489033,8.33969,7.08478,7.23126,6.766522,7.605591,7.149428,7.733549,7.975309,7.412853,7.641457,7.812711,8.237817,6.834943,8.185319,8.18517,8.573522,8.015352,8.075795,7.557282,7.00023,8.07597,7.092063,8.33002,7.850162,8.147221,8.167812,8.161074,7.072295,8.329946,7.365949,7.548263,8.44415,7.828033,6.433589,7.627951,8.013239,7.148363,8.065064,7.827412,7.886522,7.626259,8.251478,7.971792,8.101118,7.15396,7.458382,7.894874,7.455121,8.508075,7.398659,8.724202,8.033295,8.337109,8.021125,7.736619,7.841833,7.779778,7.796466,7.463101,7.506821,8.039161,7.66523,7.083189,7.95524,7.982455,6.728122,8.247221,7.356941,6.148705,7.695591,7.582791,7.974965,7.824229,8.092567,6.679413,7.831537,7.374974,7.430757,7.509202,6.43997,7.90079,7.603955,7.24623,7.44349,7.927767,7.32493,7.262911,7.52642,7.268313,7.087452,6.417087,7.815142,8.586152,7.519155,6.657459,7.675507,7.505214,8.04782,6.479829,7.667512,7.44946,7.119331,7.145822,6.944415,7.696041,8.07096,8.008795,7.754815,7.015305,7.647925,6.955689,7.564336,8.493334,7.595139,7.976564,7.86867,7.1635,7.748772,7.517605,6.955198,8.048411,8.101602,8.098417,7.442026,7.196795,6.987233,7.684941,7.443734,7.872513,7.520764,7.463129,7.024809,7.00632,7.598542,8.390933,8.071148,7.630142,8.006298,7.824986,8.132535,7.793638,7.047679,8.388102,7.897053,6.865864,7.823113,7.794427,7.712441,8.388082,7.79129,8.312086,7.258353,7.914816,7.619385,7.493055,7.687685,7.627161,8.440556
"THAP2",4.658675,5.628746,6.120297,5.785814,5.81667,5.586252,4.562797,4.861565,5.01447,4.871902,4.315737,5.15956,5.262966,4.977253,4.291707,4.685522,5.606914,5.245916,5.398157,5.097054,5.908616,5.83809,4.680937,4.54378,6.158211,5.19974,4.807544,4.883195,6.164587,4.986229,4.993468,5.1837,6.7652,4.704355,5.168976,5.130906,5.184863,5.961266,5.225621,5.889492,4.78399,6.089315,5.013756,5.63654,5.836494,4.654042,5.223511,5.216668,6.041886,4.032668,6.256527,5.044634,5.325667,5.009957,5.289044,5.196044,5.040636,4.983124,7.282161,5.898842,4.813951,6.260306,4.36347,5.398924,6.221295,5.337517,5.076305,4.35125,5.489685,5.833735,4.793886,5.603546,5.07669,5.855025,5.930727,5.292175,5.083012,4.65922,5.067291,4.669715,5.478674,4.884499,5.801611,5.082535,5.69496,5.08616,5.182009,4.81859,5.395716,5.354984,5.466721,4.810802,4.852891,4.703408,4.363985,4.781662,5.192138,5.578847,5.33688,5.18722,5.80261,5.951959,6.23938,4.723196,6.248434,5.72603,6.657316,5.79702,5.487159,4.984501,5.067825,4.881578,4.709631,5.440237,5.444017,5.681135,5.938187,5.10814,5.886981,6.404876,5.321726,4.761002,5.233141,5.701802,4.470198,5.450896,5.432237,4.549612,6.260086,5.241056,5.469266,4.565775,6.376769,5.631715,4.882988,4.769464,5.433745,6.055128,4.990759,6.214868,5.186124,6.081585,6.243646,5.242781,5.603307,4.813447,5.549671,4.723373,5.324361,5.206565,5.799715,5.20675,5.352201,4.959554,5.556902,5.967685,4.597721,5.389275,4.771966,4.276161,5.05662,5.144228,5.841515,5.106008,5.68273,4.574787,5.848844,5.323499,5.126853,5.138874,4.467522,4.804735,5.043055,5.306921,4.848575,5.800945,5.190819,4.806774,4.736835,4.868625,4.910486,4.850979,5.343406,5.679874,5.05409,4.47815,5.335275,5.537286,6.132981,4.922972,5.822586,5.960541,4.832515,4.937321,5.47975,4.872314,5.419826,5.790731,5.596173,4.868357,5.690543,4.772356,4.801469,5.593026,5.750642,5.269076,6.079022,4.786269,5.302057,5.246514,5.095301,5.251349,5.736566,6.090005,5.228942,4.84646,4.717588,5.278005,4.926672,5.974447,5.627949,5.019153,4.586197,5.607675,6.156661,5.545265,5.539979,4.451073,4.798005,5.298336,4.896845,5.161656,4.618385,5.265553,5.472356,4.866983,5.711745,5.058312,5.087145,5.541699,6.170407,6.25773,4.596356,5.707565,5.905533,5.193128,5.876274,4.920125,5.682402
"TMOD2",7.979391,9.601605,8.852749,8.459098,8.36738,8.719274,8.235735,8.349528,8.854426,8.92207,8.047722,8.610807,8.336755,9.458947,8.228207,7.996617,8.061327,8.694699,8.920915,8.977274,8.118873,8.876157,7.429009,8.476427,8.536553,8.375256,6.748483,8.214998,9.155783,8.090209,8.651922,8.62415,8.075469,7.81291,8.792423,8.39749,9.470647,8.786651,8.048783,9.315003,7.802433,8.744596,8.464593,8.803717,8.748099,8.516067,8.728853,8.486315,8.694209,7.174137,8.619435,8.330712,9.059751,8.980398,8.265594,8.894427,8.70126,8.43994,9.493989,7.974861,8.227812,8.762086,8.125705,8.410195,9.170911,8.602509,8.783246,8.42885,8.3936,9.782799,8.825937,9.17986,8.323627,9.238557,8.886187,8.958277,8.685237,8.318746,8.371737,7.540235,8.192717,8.365695,8.947217,8.62819,9.236586,8.436078,8.761405,7.912099,9.234665,6.268121,8.782989,8.260551,8.095869,7.908967,7.803364,8.358406,8.390149,9.049287,8.424048,8.362967,8.676998,9.544235,9.345577,7.863863,8.868527,9.334443,9.45049,8.917425,9.564173,8.838774,8.870073,8.3779,8.246428,8.261628,8.777057,8.920357,9.498793,8.742565,8.548493,9.873629,9.316586,8.276689,7.921199,9.939989,7.301511,9.310752,8.818861,8.500294,9.460644,8.897571,9.577974,7.944016,9.054809,8.431171,8.042025,8.952133,8.463823,9.120367,8.396846,9.995495,8.737254,9.793449,9.285836,8.899336,9.640495,8.441726,9.213251,9.679113,8.315138,8.566408,8.624062,9.133054,8.472813,7.868934,8.867453,8.751718,7.718259,9.080519,8.559028,8.201603,8.085176,7.038913,9.113857,7.485893,8.475653,7.330179,9.482657,9.00026,8.647107,8.334039,8.049217,8.63409,8.500922,8.358295,8.966136,8.343588,7.851669,7.723743,8.652449,7.670165,8.125214,8.319162,9.13923,9.54399,8.666035,6.846792,8.502895,8.117602,8.7814,7.583521,9.093691,8.00827,7.080275,8.628431,8.735997,8.5346,8.956347,9.752439,8.481163,7.981701,8.507249,8.863481,7.723372,8.624938,8.664185,7.969037,8.317941,7.94535,7.813683,8.633309,8.216251,8.745239,8.602005,9.47579,8.788369,8.362116,8.650741,8.964143,8.236901,8.796252,8.767193,9.122149,7.429253,8.712367,8.165009,9.122925,8.688947,8.11921,8.403342,8.694993,8.481962,8.578115,8.683047,8.580272,8.910361,8.110482,8.579295,7.876324,8.161461,8.800371,9.16033,8.518126,6.832241,8.422877,9.802368,8.577605,7.986282,8.899277,8.966028
"USP8",7.028828,7.214086,6.978705,7.169124,6.826684,7.82644,6.574497,6.989482,6.704074,6.501907,6.687481,7.244281,6.744204,7.021623,6.844524,6.93561,6.802194,7.4167,6.803363,7.358069,7.950504,6.975096,6.137718,6.673168,7.32404,7.089438,6.987708,6.551767,7.252893,6.821567,6.554581,6.623385,7.085559,5.898412,6.562797,6.548026,7.356896,7.260516,5.995919,7.174083,7.112246,7.343456,6.722522,6.70548,7.117498,6.273096,7.158177,6.462982,6.948603,5.504081,7.314376,6.507248,7.239882,7.583974,6.350102,6.890429,6.632076,6.957934,7.774772,6.300372,5.413188,7.378487,6.678743,7.168594,7.49269,6.405725,7.216334,5.541616,6.368263,7.499906,7.164746,7.351947,7.159623,6.851326,7.067463,6.255574,6.884684,6.56184,6.48194,6.862923,7.223726,6.681541,6.859687,6.898801,7.03938,6.896028,6.327304,5.956576,7.050534,6.438803,6.863791,6.482817,6.800077,6.481353,5.85809,6.623454,6.59947,6.684435,7.372392,6.858684,6.937969,6.912358,6.741802,5.69764,6.625893,7.216317,7.298743,6.910885,6.923243,6.421728,6.785489,6.249551,7.350756,7.009505,7.13614,6.617078,6.864679,6.605207,6.719076,7.762068,6.764353,6.222417,7.193413,7.148544,6.138918,6.961348,6.419431,6.765003,7.42277,6.599781,7.045072,6.29872,7.656881,6.732748,6.434985,6.96361,5.837503,6.845631,6.380676,7.246002,6.534742,7.271482,7.157122,6.654976,6.904958,6.582604,6.743554,6.967877,6.803185,6.305573,6.845607,6.79555,6.234048,6.015949,7.229891,6.918158,6.313751,7.499935,6.538424,6.251193,6.014721,7.580482,7.227462,6.910613,6.737598,6.40532,7.12976,7.014291,6.319998,6.222099,5.877514,6.324998,7.159724,6.467155,6.668269,7.734213,7.051716,6.417241,6.783702,6.693223,6.333241,6.429574,6.865736,6.970701,7.362387,6.458632,7.003437,6.825218,6.858556,5.56569,7.199811,7.002899,6.403381,6.478987,6.356789,6.826765,7.329302,7.473633,6.788814,6.571768,7.050927,6.384623,6.586088,7.681387,7.044027,7.241701,6.647837,6.342014,7.710513,7.039515,6.463263,7.158646,7.651727,7.67359,6.612442,7.026027,6.055686,7.09471,7.161558,7.299682,6.849245,6.712822,5.833352,6.993472,6.861987,7.55081,6.846701,6.987014,6.788605,6.91124,6.421838,6.968769,6.589631,7.043791,6.939536,6.426757,6.402702,6.449834,7.092113,7.354274,7.300279,6.919359,7.170792,7.102857,7.082327,6.658669,6.287769,6.845336,7.232577
"WDR33",7.434491,8.20056,7.774102,8.347961,7.713095,7.921552,7.012553,7.843737,7.810606,7.157691,7.929425,8.363777,7.692149,7.625591,7.23233,7.801474,8.131231,8.025385,7.743371,7.76429,7.888559,7.771391,7.265233,7.600345,7.986352,7.41956,7.43876,7.419132,8.152115,7.654603,7.399203,7.54467,8.38222,7.489731,7.623212,7.658523,7.49186,7.950217,7.286363,7.719447,7.5367,8.076874,7.837604,7.723459,7.960278,7.486433,7.650423,7.368715,7.945133,7.104027,7.782878,7.803562,7.583933,7.63376,7.202273,7.76007,7.914883,7.460838,7.843366,8.072077,7.163235,8.046566,7.926586,7.419995,7.718458,7.928388,7.644635,6.370349,7.494358,7.726296,7.372663,7.35423,7.771885,8.028427,8.164428,7.468039,7.593404,7.525203,7.281731,7.16705,7.645244,7.412251,8.110833,7.545291,8.068358,7.618492,7.595785,6.899867,7.721392,7.537302,7.856051,7.743761,7.312076,7.898518,6.799919,7.791794,7.759128,8.199686,8.090093,7.77229,7.949206,7.614892,7.604423,7.216391,7.550307,7.866911,8.276746,8.055427,8.010351,7.299045,7.901536,7.191491,7.22399,7.843121,7.853722,7.918655,7.810206,7.902738,7.547212,7.961858,7.625449,7.201198,7.932809,7.680609,6.969021,7.502765,7.408578,7.843797,7.891019,7.785153,7.874931,7.217132,7.392106,7.63866,7.424827,7.242207,7.522666,7.642271,7.070946,8.022862,7.440372,7.905737,8.17463,7.949818,8.061871,7.745455,7.432883,7.444296,7.949468,7.947764,7.657923,7.796174,7.651656,7.484119,8.315856,7.887877,7.514891,7.401399,7.49396,7.509975,7.593284,7.611921,8.025844,7.753117,7.115879,6.881626,7.686406,7.706958,7.474963,7.409339,7.192691,7.774987,7.955634,7.515622,7.39454,7.230359,7.85319,7.098855,7.534786,7.492835,7.344235,7.159194,7.88594,8.123113,7.699243,7.340168,7.582379,7.709496,7.795442,7.787421,8.135541,7.65118,7.751799,7.471051,7.160983,7.529088,8.011529,7.83693,7.993254,7.967978,8.402001,7.377697,7.744429,8.392121,7.852046,8.01803,8.267091,7.757206,8.154234,7.910183,7.85033,7.843216,8.090294,8.057682,7.878094,7.739045,7.148393,7.789083,7.765438,8.027489,8.175711,7.13894,7.522927,7.920346,8.348196,8.022275,7.441285,7.618777,7.556525,8.493736,7.620203,7.937033,7.269001,7.749603,7.868173,7.56624,7.77161,7.971661,7.514795,8.144652,8.144074,8.468393,7.912104,8.172093,7.961498,7.96108,8.08814,7.261249,8.592388
"ZNF91",8.33694,8.459237,8.485364,8.888631,8.271431,8.561369,9.0311,8.84476,8.58387,8.741567,9.031154,9.158692,8.489961,7.868925,8.861016,7.543396,8.354418,9.142941,8.543006,8.912816,9.261965,8.794102,7.712809,8.765754,7.906313,7.997041,8.138822,7.474501,8.898245,9.209694,8.705114,8.15591,9.15175,7.558541,7.999293,8.363689,8.049259,9.476073,7.818727,8.906739,8.130744,8.86495,7.897419,7.879639,8.650712,8.270308,8.491138,8.28939,8.327531,7.625579,8.784549,8.203622,8.900811,8.344448,8.616235,9.010047,8.455199,8.003947,8.254155,8.328601,8.213452,9.318132,9.271678,8.561479,9.674729,8.379278,8.664534,7.652586,8.174913,9.373765,8.762555,8.78524,8.86895,8.78954,8.995943,8.153691,8.279476,8.701912,7.625371,7.221218,8.80387,8.771893,9.591917,8.142068,8.987568,8.510337,7.439926,7.449769,8.661639,7.638739,8.269954,8.487222,7.466082,8.322141,7.311228,8.265443,8.796254,8.829241,8.477473,8.69833,9.237192,8.070679,8.245579,7.205804,7.635731,8.554706,9.017661,8.112406,8.526549,7.008026,8.322278,6.979608,8.904086,8.454601,8.456831,8.444463,8.271071,8.019443,8.716128,9.154241,8.24887,7.801366,9.375439,9.147889,7.194573,7.398646,8.280904,7.962847,8.183437,7.646918,8.201704,7.755915,8.246688,8.990585,7.772455,7.7537,7.624185,8.391625,6.524091,8.439771,8.062327,8.733111,8.897629,8.008216,8.287584,7.794517,8.470743,8.063769,8.150868,8.196671,8.324179,7.93904,8.453893,7.259793,9.003381,8.102029,7.545755,8.019538,7.346411,7.459085,7.572815,8.369385,8.994976,7.741572,8.099898,7.521461,8.187608,8.937523,7.863097,7.388937,7.719297,8.710053,8.725509,8.264846,7.844741,8.400768,8.782189,7.530276,7.911698,7.968867,7.891993,7.242042,7.950482,8.706843,8.786207,6.727968,8.658315,8.650231,8.846302,7.049677,8.360214,8.601752,6.860222,7.561044,7.751355,7.508832,9.051352,8.655004,9.001921,8.828773,9.084427,8.091661,8.78382,9.030271,8.91947,8.816459,9.16695,7.583914,9.276088,8.55677,8.913891,8.907723,9.393856,9.837557,8.419994,8.763661,7.238166,8.417384,9.039605,9.619852,9.690726,8.306135,7.643863,8.784885,8.947538,8.905044,9.338361,9.096968,8.971721,9.096679,7.902609,9.295254,8.304397,9.479533,8.820744,7.856111,8.926304,9.235214,9.077249,9.199376,9.420872,9.782914,8.512918,9.416383,9.091495,9.236257,9.339956,9.253553,9.603504
