"","Row.names","ADCY1","APBA2","BTBD3","CACNA1G","CAMTA1","CENPBD1","CHD3","CNR1","DDHD2","FOXP1","FUBP1","GFRA3","GNAI1","GPR85","HAP1","HIVEP3","HOXC6","HRK","NTRK1","PGM2L1","SCN3A","SCN3B","SDK1","SMARCE1","SOX4","ST7","ST8SIA2","TADA2A","THAP2","TMOD2","EFS_fct"
"1","PAAPFA",6.928733,8.436285,7.742348,6.173229,7.906511,5.939214,8.362233,5.794877,7.948103,7.875172,9.379109,8.587925,7.399099,5.22296,6.570869,6.744934,6.816116,9.774317,7.486689,7.568061,7.487633,8.209459,7.567276,7.538718,7.748703,6.666744,7.326856,7.293966,4.658675,7.979391,"EFS_L5"
"2","PACLJN",9.200283,9.205423,9.228264,7.535112,8.658673,7.654575,8.767455,7.579555,8.8596,8.159173,9.681761,9.800465,8.264983,7.883707,6.841098,7.297426,8.648271,9.78021,9.45164,9.499855,9.156837,9.643423,8.30866,8.341569,9.848677,7.960233,8.875438,8.388719,5.628746,9.601605,"EFS_G5"
"4","PACRYY",9.084139,8.688565,9.177956,6.873364,8.453564,7.138251,8.607219,6.831483,8.594854,8.499584,9.961564,9.511785,8.719674,8.025048,6.030511,6.793428,8.748051,8.824562,7.632319,9.684658,9.056415,8.860772,8.166282,8.065172,9.054501,8.297404,7.360075,8.233902,5.785814,8.459098,"EFS_G5"
"5","PACRZM",8.439697,8.665672,8.360203,6.677028,8.008913,7.326684,8.855772,6.641839,8.260589,7.715531,9.547999,7.915355,8.295162,8.29763,6.037639,6.354207,8.123475,9.18179,9.495434,8.89326,9.156067,8.267234,7.552521,8.079748,9.473132,7.873264,7.995563,8.175536,5.81667,8.36738,"EFS_L5"
"6","PACSNL",8.592964,8.898563,9.40987,5.758508,8.622614,7.030104,8.496738,6.039355,8.545669,8.28959,10.10018,5.567205,8.116362,5.938761,5.643097,6.908609,7.576391,9.003585,8.137208,9.484135,9.258357,9.080685,7.525287,7.944776,8.325791,7.508422,7.882688,8.14348,5.586252,8.719274,"EFS_L5"
"7","PACSSR",7.563192,7.970793,6.376097,6.877925,8.034836,5.370961,9.231076,4.999044,7.172959,7.54159,8.287919,6.121305,6.757081,4.384847,6.321041,7.100163,7.426954,9.678563,7.544073,6.595723,7.248062,7.568945,7.394637,7.619831,8.619134,7.0042,7.091665,7.511986,4.562797,8.235735,"EFS_L5"
"8","PACUGP",7.586879,8.590088,8.638648,6.796479,7.931178,6.273501,8.342676,5.157428,8.356746,8.067084,9.854084,8.231955,7.225381,6.117765,5.875478,6.666985,7.241401,9.084775,7.107323,9.029294,8.079574,8.760409,8.092894,8.24649,8.619083,7.098155,6.949779,7.975285,4.861565,8.349528,"EFS_L5"
"9","PACVNB",8.498746,8.646647,7.295662,6.205288,8.66109,6.259211,8.573232,4.828253,8.991669,7.903387,9.494413,5.00046,7.808845,6.566802,6.46972,6.881784,6.199411,9.180802,6.728057,8.711864,8.599108,9.338641,7.433688,8.193223,8.460468,7.739564,8.418863,7.93694,5.01447,8.854426,"EFS_L5"
"10","PACYGY",8.080939,8.433877,8.206829,6.385414,8.042158,6.714911,8.745223,6.10992,7.917944,7.928414,9.089991,8.923755,6.958478,5.890347,5.961792,6.519969,7.469337,9.00203,7.825306,8.213294,7.680082,8.634705,7.624675,7.843748,8.719537,7.071495,7.917891,7.725537,4.871902,8.92207,"EFS_L5"
"11","PACZPX",8.825354,7.756404,7.249879,5.846185,8.357509,5.985713,8.805822,6.093444,7.558437,8.281768,10.135319,6.172875,7.329532,5.115408,5.767254,6.839619,6.777447,9.646395,6.899108,7.673917,9.002092,8.004854,7.334422,8.095369,8.744793,7.758326,7.336805,7.525048,4.315737,8.047722,"EFS_G5"
"12","PADENF",8.585392,8.752534,9.313949,6.088029,9.034027,6.574259,8.419429,5.854795,8.230142,8.831428,10.089412,9.971435,8.645853,7.642719,5.52183,6.849467,8.09237,8.551872,9.30046,8.548822,9.087001,8.917715,8.848979,8.041485,9.198928,8.229256,5.990719,7.857908,5.15956,8.610807,"EFS_G5"
"13","PADFLI",7.829542,7.940439,7.612034,6.3428,7.535902,5.460219,8.714054,6.408817,7.550548,7.730609,9.976841,8.39631,7.804174,7.108471,6.023909,6.051962,7.808238,8.85457,6.712838,8.531961,8.261794,8.719834,7.155336,8.866355,8.23196,7.391727,7.23394,8.916247,5.262966,8.336755,"EFS_G5"
"14","PADHWC",7.612804,7.314478,8.099182,6.293881,8.25331,6.240452,8.187728,6.355112,8.1939,7.902455,9.038218,10.043495,7.091226,5.483028,7.490207,6.348235,7.230442,9.34834,8.903481,8.27018,7.810711,8.415397,7.053633,7.973793,7.567695,7.277604,6.810231,6.9174,4.977253,9.458947,"EFS_L5"
"15","PADIEY",9.101123,8.52577,8.659452,6.918186,8.336578,7.015533,8.342136,5.678099,8.133706,8.378483,9.417086,9.44536,7.853853,6.698353,5.839132,6.825455,7.877573,9.10117,8.929228,8.152762,7.998814,8.905188,8.399404,8.536659,9.218836,7.354332,7.401528,7.437957,4.291707,8.228207,"EFS_G5"
"16","PADIHC",8.537368,8.781068,7.770157,6.160966,7.873807,6.915926,8.459662,6.309956,8.251037,8.099744,9.99768,7.536435,7.944501,6.7737,5.985922,6.671102,7.499217,9.740735,9.230049,9.007416,8.784718,8.930016,8.445083,8.198999,8.563566,7.316737,7.586999,8.183124,4.685522,7.996617,"EFS_L5"
"17","PADINC",8.90457,8.184266,8.238074,5.913102,8.141773,5.308777,8.37666,6.487238,7.630362,8.454152,9.73328,7.14715,6.903794,4.951544,5.632706,7.156939,6.996337,9.714022,6.921357,7.533535,8.38042,8.167508,7.21984,7.511982,8.572985,7.404352,7.496655,7.076337,5.606914,8.061327,"EFS_L5"
"18","PADIRB",8.780684,8.170896,9.629675,6.685167,7.815658,8.027855,8.617341,6.645841,8.258955,7.711712,9.997374,10.184785,8.419751,6.523145,6.136851,7.040934,8.263087,9.44006,7.250843,8.866568,8.936253,8.083418,7.718305,7.818382,9.253304,7.968774,7.383975,8.069855,5.245916,8.694699,"EFS_L5"
"19","PADKFS",8.211301,8.580037,8.632578,6.383657,8.632537,6.899161,8.58183,6.311214,8.40967,8.054121,9.476612,9.852855,7.69352,6.877171,6.391748,7.067854,7.563891,9.557013,8.930239,8.626339,8.789731,9.20841,8.310233,8.224735,9.036264,7.922199,7.9111,6.845494,5.398157,8.920915,"EFS_L5"
"20","PADKFU",8.196988,8.826374,8.825005,7.99366,7.948449,7.702614,8.602028,7.019288,8.143184,8.536828,9.674193,10.33456,7.526524,6.282506,5.830992,6.697449,7.79996,9.229308,8.521527,7.752063,8.208099,8.95121,8.231756,8.582568,8.672157,7.283564,7.762346,8.134235,5.097054,8.977274,"EFS_G5"
"21","PADKGF",7.484011,8.029911,8.708951,5.973529,7.515788,6.84938,8.058852,5.804023,8.387425,8.235487,9.507353,7.79853,7.693349,6.798073,5.74849,6.020126,7.398155,8.79215,7.571866,7.834463,7.630882,7.592476,7.012745,8.29572,8.390581,7.430461,6.538229,8.208088,5.908616,8.118873,"EFS_G5"
"22","PADKNE",8.714159,8.639928,8.842995,6.840408,8.229252,7.471114,8.910325,5.151647,8.058358,7.819163,9.695752,8.995155,8.565886,7.779018,5.833248,6.61361,7.887915,9.580343,6.881318,8.048075,8.839899,8.909219,7.539211,8.427786,8.192449,7.895779,7.312723,8.349477,5.83809,8.876157,"EFS_L5"
"23","PADKRU",7.333385,8.65465,6.84886,6.789607,7.869248,5.819781,8.553628,6.174438,7.212615,7.606407,8.876417,8.06431,6.807007,5.499777,6.189045,6.744357,6.947958,9.34907,7.449571,7.04559,7.333846,7.98586,8.022207,8.139542,8.427967,6.504,6.662672,6.71771,4.680937,7.429009,"EFS_L5"
"24","PADKVV",7.881245,8.175251,7.426967,6.571865,7.457588,6.053253,8.624814,5.285441,8.060854,8.725258,9.071695,8.33098,6.921833,5.937713,6.113891,6.687909,6.787388,9.46877,7.958129,7.99206,7.956622,8.225467,7.649872,7.902557,8.893403,6.966949,7.389993,7.675023,4.54378,8.476427,"EFS_L5"
"25","PADKXS",8.281551,8.495457,7.504508,6.217306,8.024918,6.557044,8.407945,6.609684,8.693966,8.363672,10.23366,8.45556,8.234384,5.556751,6.020714,6.358634,7.790234,8.960575,7.578944,8.158636,8.568573,8.983185,7.163855,7.826663,8.664687,7.915227,8.481482,7.786846,6.158211,8.536553,"EFS_L5"
"26","PADKYP",7.933684,7.90909,7.782116,6.223426,6.874622,5.771226,7.834374,5.502874,7.642493,8.122656,9.022667,6.200785,7.011901,6.619032,5.704041,6.408789,6.491223,8.906395,6.732787,7.663749,6.978549,8.34326,7.483644,7.693461,8.614168,7.648045,6.784426,7.40818,5.19974,8.375256,"EFS_L5"
"27","PADLDA",7.334677,7.777456,7.927577,6.187704,7.134136,5.893486,7.732493,5.551209,7.6708,7.780561,9.291652,5.998985,6.758002,4.935972,6.175273,6.046895,6.89139,8.684885,7.210651,7.370301,6.783481,7.890555,6.861168,7.48448,8.170592,6.690925,7.114264,7.332737,4.807544,6.748483,"EFS_L5"
"28","PADLDT",7.960769,8.773092,7.724583,6.14479,7.54121,6.730265,8.941723,5.823742,7.854902,7.439459,9.258492,7.741615,7.244681,5.178659,6.078364,6.392533,6.806855,9.340508,6.725478,7.927859,7.759989,8.629888,7.500875,8.037281,9.166255,7.056896,7.538087,7.285749,4.883195,8.214998,"EFS_L5"
"29","PADLES",8.690249,8.49307,8.280541,6.287311,8.749264,7.292444,8.442158,6.002357,8.454708,7.941625,10.136215,7.98559,8.707408,8.149891,5.68019,7.219804,7.592783,9.228495,9.6168,8.85537,9.579431,8.842827,8.379865,8.164547,8.923838,7.863157,7.077324,7.89612,6.164587,9.155783,"EFS_L5"
"30","PADLIC",8.043485,8.353157,9.132388,6.926256,8.334208,6.407331,8.155527,5.511777,7.850372,8.60785,10.171856,8.893185,7.325844,5.929317,6.033558,6.78185,8.41841,9.20969,7.860663,8.090882,7.617174,8.727937,8.006561,8.455281,9.285123,7.680107,7.092602,7.24841,4.986229,8.090209,"EFS_G5"
"31","PADLJN",7.935693,8.694565,9.140102,6.986255,8.50618,6.934,8.769505,6.277224,7.973448,7.635067,9.152514,9.87169,7.578796,6.345121,6.222551,6.894547,8.156394,9.524568,8.455318,8.195257,8.36865,9.174316,8.60632,7.694365,9.069922,7.126163,7.084091,7.522033,4.993468,8.651922,"EFS_L5"
"32","PADLKJ",8.027818,8.574719,7.686393,5.966897,7.16194,6.896683,8.872061,5.572999,7.983401,8.145439,9.166984,6.04325,7.235331,6.408021,6.189308,6.58146,6.35475,9.096215,6.607831,7.94164,8.110294,8.766157,6.756621,8.186987,8.988772,7.584097,6.859625,7.481303,5.1837,8.62415,"EFS_L5"
"33","PADLNM",7.81603,8.818326,7.979299,5.871117,8.030216,6.447634,8.123533,6.780022,8.553678,8.148714,10.361119,7.61277,7.619397,5.730598,5.953456,6.670235,8.348223,9.510603,6.910686,8.398727,8.900861,8.335811,7.333039,8.791363,7.686155,8.164268,8.345501,7.99056,6.7652,8.075469,"EFS_L5"
"34","PADLPR",9.164403,7.748442,8.404378,6.470258,7.679698,5.974842,8.689788,6.318263,7.385708,7.9039,9.532826,7.19677,7.041421,5.632936,5.812142,6.453765,7.698396,9.401788,7.550682,7.900411,8.306893,7.610929,7.41561,7.434582,8.613795,7.224511,7.320758,7.280347,4.704355,7.81291,"EFS_L5"
"35","PADLPZ",9.169259,8.708615,9.380303,7.804137,7.955946,6.699991,8.963913,6.772657,7.690333,7.714868,9.450983,9.4581,7.532224,6.933191,6.039278,6.617863,8.298423,9.284598,8.539502,9.043557,8.611324,8.396662,7.708954,8.089841,9.217703,7.357997,7.578663,7.42675,5.168976,8.792423,"EFS_L5"
"36","PADLTD",8.73476,8.539955,9.108935,6.064487,7.404385,5.9429,8.72861,5.512897,8.104426,8.041808,9.44395,8.426405,7.095772,6.163306,6.119839,6.15291,6.782017,9.45189,6.839984,7.021168,8.802068,8.659543,7.101278,7.778005,8.666365,7.798668,7.553052,7.032222,5.130906,8.39749,"EFS_L5"
"37","PADMGA",7.434522,7.48593,8.537757,6.264448,8.324251,6.104743,8.323899,7.035477,8.509776,7.650868,8.734637,9.82867,7.422831,5.727426,6.659532,6.688745,7.380078,8.960997,9.015829,8.990883,7.859207,8.033951,7.108483,7.902933,8.117432,7.212094,7.051642,7.75399,5.184863,9.470647,"EFS_L5"
"38","PADMTD",7.781707,8.316848,7.232522,6.329557,8.125268,7.207224,8.771318,7.149713,8.052704,7.920043,9.518281,6.105705,8.18249,7.392744,5.929492,6.512591,7.793214,9.294278,6.75342,8.66898,8.821218,8.121217,7.398767,8.47265,8.933613,8.036576,7.642349,8.299771,5.961266,8.786651,"EFS_L5"
"39","PADMVB",7.755855,8.594447,7.318272,6.498989,7.999742,6.387209,8.11882,5.701088,7.359773,7.349877,9.079932,9.181945,7.130617,6.103611,6.456469,6.56857,7.069603,9.626845,8.544633,7.403458,8.332195,8.70928,8.439015,8.90039,8.69434,7.550785,7.35679,7.007743,5.225621,8.048783,"EFS_L5"
"40","PADMXD",7.643273,9.033367,7.94536,5.946688,7.570197,6.761141,8.534671,5.474513,8.739253,8.053593,9.866374,6.294775,8.079454,6.745066,5.861345,6.339928,5.856424,8.807827,7.814127,8.078978,9.018362,8.745496,7.073856,8.509535,8.57279,8.515449,8.046883,7.954597,5.889492,9.315003,"EFS_L5"
"41","PADMYD",7.290635,8.388783,7.581286,6.143628,7.580491,6.111255,8.050492,5.978054,7.77966,7.528143,9.645604,8.930575,6.971756,6.24991,5.831005,6.750426,7.908465,9.32634,7.093721,7.450807,7.780641,8.498263,7.653864,7.336658,7.897994,7.02019,6.325277,7.411029,4.78399,7.802433,"EFS_L5"
"42","PADNFT",8.481078,8.805983,7.729138,7.038106,8.102414,7.95822,7.870757,5.48099,7.931969,8.169411,9.812524,10.29869,7.249476,7.009712,5.625286,7.169138,7.571519,9.085153,8.284324,7.322973,7.84772,8.924352,8.023427,8.788126,8.866754,7.045283,6.068635,7.781756,6.089315,8.744596,"EFS_L5"
"43","PADNNX",8.260645,7.776065,8.236682,6.988236,8.62477,6.406431,9.003058,6.945913,8.118836,8.341048,9.592397,10.253875,7.300927,6.555205,6.236251,7.231599,7.475891,9.234028,8.594736,8.288199,8.671159,8.673443,8.044546,7.688134,8.629517,7.218012,7.458355,7.352234,5.013756,8.464593,"EFS_L5"
"44","PADNXC",7.749033,8.112835,7.493484,6.227945,7.281268,6.987476,8.939178,4.961988,7.945646,8.197919,9.672587,6.817205,7.014707,6.001712,5.961279,6.457451,7.338428,9.449215,6.875373,7.890863,8.180846,8.489813,7.21417,7.652189,8.580743,7.39687,7.493598,7.328077,5.63654,8.803717,"EFS_L5"
"45","PADPCI",9.135724,9.003125,7.481747,6.002814,9.180028,7.458871,8.315963,5.873447,9.034449,8.975473,9.737512,6.11512,8.215523,6.675482,6.939498,7.242589,6.721638,8.963195,8.963163,8.91865,9.174298,8.769496,8.476245,7.864804,8.849379,7.807188,8.540029,7.627337,5.836494,8.748099,"EFS_L5"
"46","PADPEY",8.20806,8.616963,7.749763,6.024651,7.528239,6.458096,8.850111,6.631093,8.058718,7.600434,9.698026,9.03857,6.91834,6.074959,6.053204,6.534126,7.306515,9.423753,6.874304,7.249546,8.456606,8.781325,7.339959,7.490574,8.980282,7.178187,7.22298,7.02238,4.654042,8.516067,"EFS_G5"
"47","PADPHP",8.508729,8.640168,7.668034,6.213581,8.117861,6.309936,8.10957,6.464254,7.936254,7.600609,9.472277,6.77942,7.233305,5.238407,5.899047,6.893413,6.973642,9.167933,8.384823,8.072271,7.778206,8.850214,7.854598,8.02813,9.133391,7.218614,7.611108,8.015953,5.223511,8.728853,"EFS_L5"
"48","PADPMU",9.423635,8.677239,9.910551,7.508002,8.175641,7.133193,8.752178,6.265106,7.664827,8.173416,9.253154,10.108885,7.405358,7.094846,6.231012,7.056761,8.434932,9.210505,8.989755,8.504042,8.209669,8.930806,7.963996,7.894973,9.241705,7.394206,7.081338,7.676938,5.216668,8.486315,"EFS_L5"
"49","PADPRJ",9.101911,8.746796,9.392111,6.691077,8.316483,7.33034,8.566546,6.955135,7.993414,8.38094,9.957355,10.073615,8.311989,7.24848,6.467976,6.909444,7.553517,9.387135,7.982729,8.193501,8.502194,8.634352,8.099295,7.81791,8.534249,7.657491,7.913428,7.36113,6.041886,8.694209,"EFS_L5"
"50","PADRYN",7.294424,8.132483,7.876118,6.288759,7.179836,5.569213,8.111174,5.193569,7.054917,7.12066,8.745621,6.58224,5.710944,4.553791,6.21001,6.269098,6.920046,9.227352,7.006842,6.219313,7.341697,8.027177,7.679242,7.043788,8.376679,6.517459,6.615011,6.553283,4.032668,7.174137,"EFS_L5"
"51","PADSEC",7.776156,8.147286,8.504936,6.779074,8.295504,5.862214,8.224352,7.349739,7.287269,8.017344,9.952566,7.973215,7.959006,7.021028,5.743523,6.56901,8.059191,9.028497,8.261035,7.845679,8.234273,9.128616,7.469452,8.759169,8.725661,7.715384,6.445188,7.5824,6.256527,8.619435,"EFS_L5"
"52","PADSMF",8.201927,8.679509,7.898126,7.20464,8.215481,5.963244,8.746462,6.264468,7.636375,8.158286,9.382777,9.998025,7.116204,6.242766,5.916753,7.052377,7.782071,9.438238,8.426358,7.707867,8.314383,9.034223,8.458668,8.395293,8.733795,6.929883,6.748423,7.245492,5.044634,8.330712,"EFS_G5"
"53","PADSXE",8.887203,8.997419,8.439287,7.005867,8.953469,7.120076,8.728969,5.848264,8.485593,8.24222,10.106358,8.394065,8.345459,7.199648,6.77462,7.140507,7.388827,9.118762,8.952338,8.556767,8.459541,9.273588,8.833257,8.891072,8.458842,7.936664,7.601884,8.644952,5.325667,9.059751,"EFS_G5"
"54","PADSXU",7.855987,8.508648,8.467114,5.777906,7.538546,6.816444,8.223744,6.547972,8.477397,8.258757,9.360637,7.82308,7.446293,6.490202,5.915104,6.777486,7.889513,9.350438,7.942114,8.436586,8.523682,8.860821,7.316392,7.779912,8.472286,7.452335,7.940432,7.820882,5.009957,8.980398,"EFS_L5"
"55","PADTCU",8.258682,8.109851,7.944884,6.9623,8.270404,6.410801,8.208671,4.716386,7.099931,7.166003,8.845951,8.514495,7.120203,7.076822,6.240948,6.631609,7.51565,9.435278,8.812324,8.191237,8.67882,9.139582,7.658338,7.870574,8.93379,7.054772,7.472604,7.045154,5.289044,8.265594,"EFS_L5"
"56","PADTJJ",7.763149,8.978062,7.601328,6.958325,7.51426,6.676288,8.953522,5.962103,8.243368,7.365486,9.84087,6.17474,7.59267,7.258678,5.933133,6.556467,7.093169,8.860572,6.646892,8.6049,8.953062,9.830152,6.866836,8.336066,8.521549,7.572472,7.339306,8.15735,5.196044,8.894427,"EFS_G5"
"57","PADTRV",8.670547,8.52088,8.558717,6.166311,8.809024,6.711768,8.549836,6.385671,8.132974,7.803484,9.479364,8.43256,7.532051,6.405957,5.978419,6.781363,6.719243,9.870923,9.081204,9.28445,9.539976,9.228484,8.702485,8.046342,9.279703,7.470561,8.005193,7.540415,5.040636,8.70126,"EFS_G5"
"58","PADUKP",8.460737,7.943151,7.579103,6.050172,7.421461,6.114444,7.621942,6.893868,7.788366,7.619305,9.522597,4.21066,6.174052,4.531118,6.556469,6.028056,7.094153,10.080325,8.265243,8.040166,7.462451,8.533121,6.982802,7.725792,8.383266,6.359051,7.316401,5.662892,4.983124,8.43994,"EFS_L5"
"59","PADUWR",9.618031,9.247722,10.049879,5.95904,8.891659,7.218205,8.91828,7.787118,9.038294,7.991454,10.478138,8.675785,8.2833,7.678013,6.583186,7.443209,8.923087,9.547902,9.671558,9.585628,9.934793,9.574279,8.757846,7.979056,9.684913,8.038474,8.930915,8.194583,7.282161,9.493989,"EFS_G5"
"60","PADUYJ",8.52398,8.750794,8.044361,6.378571,7.684199,6.599705,9.173041,6.306057,8.247579,7.897129,9.586693,8.176405,7.474557,6.4378,5.825804,6.277567,5.385075,8.719832,6.85966,7.921586,8.526481,8.176584,7.967856,7.719651,8.247252,7.671216,8.466048,7.688974,5.898842,7.974861,"EFS_L5"
"61","PADVSN",8.170393,8.651062,7.595655,7.225479,8.576158,6.507965,8.130156,5.490718,7.005078,8.248077,8.431298,10.14484,6.727187,5.857818,6.054321,7.302225,7.435066,9.619762,9.362207,7.272224,7.907183,8.845564,8.959245,7.478274,8.550226,7.755022,8.081725,7.010608,4.813951,8.227812,"EFS_G5"
"62","PADVWW",9.482466,8.596025,9.456392,7.307388,8.671969,6.731716,7.287737,6.769817,8.502167,8.538798,9.855453,9.45516,7.733873,7.254186,5.94188,7.127533,8.222795,9.360075,8.25997,9.518512,8.997304,8.070713,7.773477,8.83898,9.268087,7.734269,7.285845,7.084898,6.260306,8.762086,"EFS_G5"
"63","PADWEN",8.461359,8.583958,7.260413,7.867431,7.53454,5.87398,9.11016,4.532719,8.827427,7.027342,9.730181,5.479015,7.421944,4.940905,5.714659,6.70032,6.038705,9.123393,7.359004,7.406718,5.658166,8.634123,6.839891,8.122564,9.218041,6.762375,7.965009,7.179435,4.36347,8.125705,"EFS_L5"
"64","PADWIM",6.719756,8.293424,8.013016,7.432692,8.008412,6.940111,7.898358,6.069418,8.107037,7.582481,9.343553,9.551425,7.221481,6.729619,6.000047,6.358757,6.957154,9.031687,8.529429,8.4529,8.26922,8.478972,7.66156,7.852995,8.319373,7.592126,6.970154,7.619113,5.398924,8.410195,"EFS_L5"
"65","PADWSM",7.913134,9.206795,9.45169,6.303019,8.683642,7.269945,8.958133,6.913589,8.646136,8.323878,9.430096,11.01725,8.911379,8.349686,5.703584,7.050419,7.918718,9.19805,8.642597,8.553703,8.842883,8.951792,7.983873,9.011034,9.156725,8.336532,7.610393,8.898509,6.221295,9.170911,"EFS_G5"
"66","PADWVR",7.932105,8.601904,8.771064,7.273101,8.320649,5.456306,8.20789,6.188605,7.794225,7.67843,10.152685,10.021335,8.381679,7.118533,6.245298,6.609731,7.518095,9.398508,9.051458,8.5016,9.248705,8.644652,7.753092,7.897452,8.507615,7.633873,6.994922,7.173153,5.337517,8.602509,"EFS_G5"
"67","PADXAS",8.101729,9.149908,8.086232,7.507976,8.697459,5.849838,8.676241,5.894166,8.175975,7.838917,9.639133,10.19407,7.713429,7.126873,6.48588,7.133522,7.467423,9.70101,8.223979,7.753864,8.590022,8.763395,8.381652,8.575453,8.845381,7.488671,7.724414,7.778414,5.076305,8.783246,"EFS_G5"
"68","PADXBB",7.499748,8.147165,8.040141,6.942225,7.001989,5.650294,7.581465,5.804111,6.687958,7.550956,7.919736,9.837115,6.573825,5.679772,6.74743,6.219005,7.125422,8.852345,7.962117,6.420496,6.600323,7.610088,7.643973,7.899017,8.430426,6.476876,6.813042,7.397052,4.35125,8.42885,"EFS_L5"
"69","PAIDJS",9.312186,8.864242,7.753752,6.887345,8.784035,6.154529,8.491413,6.084603,8.020931,8.136841,9.465162,8.327025,7.431156,6.972841,6.295653,7.085694,7.800017,9.797988,8.410867,9.288514,8.667694,9.795055,7.750825,7.709036,9.058803,7.390381,8.063977,7.640894,5.489685,8.3936,"EFS_G5"
"70","PAIEIF",9.048925,8.063334,9.002627,5.716886,9.010728,6.796819,8.267916,6.85235,8.928522,7.410722,9.678381,7.735965,7.862261,6.55404,6.638082,6.842297,7.582395,9.488685,9.172114,8.964663,9.108009,9.385951,7.552806,7.493379,8.480928,7.393376,7.909428,7.459117,5.833735,9.782799,"EFS_L5"
"71","PAILZJ",8.013914,8.452822,7.758203,7.280726,8.334394,6.305271,8.488845,5.387468,8.167985,8.155046,9.346143,8.171155,7.404136,5.664805,6.63551,7.320612,6.79859,10.259583,8.282661,8.496268,7.927983,8.514133,7.977835,8.217411,8.977283,7.581616,7.402979,7.204742,4.793886,8.825937,"EFS_L5"
"72","PAIMDS",7.966241,8.669769,8.448573,6.57084,8.237183,6.831781,8.338611,5.983452,8.365711,8.089169,9.673437,9.769225,8.370877,7.509357,5.850117,6.890257,7.542525,9.3479,8.543641,8.622768,8.367385,9.063848,7.837141,7.963278,8.631328,7.552498,7.155943,7.890618,5.603546,9.17986,"EFS_L5"
"73","PAIPGU",7.296294,8.64395,8.081518,7.594961,8.11008,6.956201,8.396287,5.94531,8.192724,8.411347,9.616588,9.346855,7.450133,6.687917,5.434365,6.797757,6.512484,8.809582,7.840289,7.396463,8.132315,8.813014,8.050347,8.643293,8.578833,7.327711,6.705842,7.436454,5.07669,8.323627,"EFS_L5"
"74","PAIPUD",8.698192,9.138761,9.331964,6.647644,9.007591,7.136587,8.694642,7.472211,8.436422,8.234879,9.787886,8.614635,8.340564,7.314375,6.527751,7.462536,7.716781,9.725487,9.195974,8.926537,9.474575,9.095352,8.216206,8.328398,9.361396,7.415346,8.618415,7.85049,5.855025,9.238557,"EFS_G5"
"75","PAIRDP",8.037996,8.875428,8.284152,5.916477,7.900715,6.449961,8.489107,7.007873,8.026014,8.178179,10.062485,9.189915,7.652244,6.202748,5.771355,6.738888,7.924818,9.006227,6.988849,7.22569,8.606815,8.24822,6.931605,8.145118,8.752022,7.200638,7.253252,7.790568,5.930727,8.886187,"EFS_L5"
"76","PAIRIK",8.966469,9.062168,9.749978,6.285503,8.592383,6.765817,8.517995,6.255418,8.023884,8.111407,9.41865,9.11165,7.980869,6.731658,7.097054,7.17845,7.643909,9.854885,9.396448,9.528209,8.886524,10.004954,8.554637,8.125742,9.287354,7.338368,8.215905,7.687352,5.292175,8.958277,"EFS_G5"
"77","PAIRLN",8.746795,8.893382,7.894501,6.306535,7.536671,6.816938,8.935179,6.264202,7.803756,8.534648,9.58662,9.68266,7.86573,6.371827,5.830885,7.05981,7.873262,8.928345,7.612294,7.66464,7.605983,8.116522,8.59352,7.929099,9.365321,7.469215,7.301992,7.05442,5.083012,8.685237,"EFS_G5"
"78","PAISNS",8.654053,8.871457,7.393322,7.800499,7.455919,6.017313,8.264173,5.295812,7.276949,8.260976,9.435427,9.41611,7.398048,6.634486,6.068329,7.112056,8.302963,9.693255,8.033828,8.227325,7.989018,8.947345,8.611674,8.500537,9.577922,7.125652,8.001535,7.808702,4.65922,8.318746,"EFS_L5"
"79","PAITCI",7.401158,8.587498,8.935852,6.174199,7.786842,6.855214,8.36679,7.195525,8.216343,7.661969,9.191762,8.54826,7.018049,6.053813,6.327297,6.658829,7.289724,9.220118,6.92825,7.747931,8.612636,8.599743,6.995112,7.889219,8.720991,6.923583,6.112561,7.58615,5.067291,8.371737,"EFS_L5"
"80","PAITEG",7.268859,7.27293,7.332007,6.366701,8.106168,6.427125,8.01382,5.554123,7.927252,8.437567,9.308098,7.90012,7.592053,5.858521,5.929568,6.680597,6.985597,9.153302,7.751529,7.607651,7.396345,7.694767,7.12195,7.155539,8.1348,7.547284,6.264885,6.805294,4.669715,7.540235,"EFS_L5"
"81","PAITRM",7.732282,8.986573,7.398399,7.015532,8.451518,6.773726,8.800923,5.095813,8.206107,8.031158,9.604937,8.937845,7.462084,6.286393,6.205616,6.85995,6.734284,9.36069,7.9129,7.777077,8.652173,8.227077,8.223122,8.571287,8.481723,6.90074,6.731703,8.034619,5.478674,8.192717,"EFS_G5"
"82","PAITZV",9.672045,8.711996,7.917014,7.818223,7.969164,6.605036,8.664737,5.465031,8.602694,7.728132,9.356786,8.833515,7.563809,7.257873,5.822957,7.2433,7.978695,9.175623,8.124761,8.017064,7.836438,8.906608,8.369282,8.435098,8.836418,8.017644,7.539445,7.546267,4.884499,8.365695,"EFS_G5"
"83","PAIUJB",8.397948,8.869344,9.012412,5.870732,7.489959,6.725045,8.762604,6.496517,8.23607,8.063606,10.236282,7.79116,7.566042,6.779345,5.596759,6.691061,7.156067,9.272393,6.769963,7.560813,8.960104,8.908948,7.416768,8.295877,8.893924,7.896089,7.980269,7.925029,5.801611,8.947217,"EFS_L5"
"84","PAIVHE",7.957956,8.107381,8.418155,6.07036,7.978284,5.792216,8.547942,5.782088,7.751995,8.286085,9.292487,8.636595,7.279728,6.282927,5.719302,6.832281,7.141304,9.581482,8.35336,7.852807,8.035773,8.280931,7.775578,8.681167,8.801676,7.015417,6.50723,7.017187,5.082535,8.62819,"EFS_L5"
"85","PAIVMJ",9.612458,9.009938,9.042854,6.368015,8.763165,6.308296,8.907884,8.156408,8.435669,8.79124,10.098248,9.3877,8.296321,7.674283,5.952902,7.18146,8.099992,9.90146,9.170642,9.608988,9.64585,9.411813,8.002839,8.476065,9.835442,8.031925,8.166666,8.016369,5.69496,9.236586,"EFS_G5"
"86","PAIVZR",7.460022,8.602929,8.002246,6.514675,7.627605,6.268293,8.561668,5.787034,8.554517,7.804243,9.974505,7.424535,6.980338,6.017153,5.941723,6.63498,5.965657,9.691308,6.769397,7.748738,8.330855,8.972086,7.144756,7.879307,8.76441,7.807431,7.462657,6.708695,5.08616,8.436078,"EFS_L5"
"87","PAIWHU",9.520396,9.073654,8.853633,7.573336,8.979638,6.912796,8.776838,7.002036,8.411337,8.054367,9.582956,9.704125,8.079094,7.219649,7.761179,6.805198,8.252394,9.755745,9.099944,9.825647,9.086886,10.060942,8.330654,7.886511,9.269812,7.848185,8.443785,7.715916,5.182009,8.761405,"EFS_G5"
"88","PAIWVG",7.450003,8.196917,8.206574,7.888058,8.01422,6.291155,8.722826,6.262387,7.298181,7.68324,8.731415,8.528275,6.639561,5.646088,6.796139,6.52305,6.736166,9.509517,8.052376,7.333862,7.401408,8.632335,8.022392,8.066326,8.993458,7.00956,7.011742,6.780755,4.81859,7.912099,"EFS_L5"
"89","PAIXLC",9.691388,8.477676,8.168675,5.970197,8.625961,6.626986,8.460431,6.270591,7.884287,8.590562,9.739162,7.50103,7.793552,7.484412,5.80463,7.42328,7.602863,9.817083,9.111788,8.859913,9.407244,9.731095,7.50067,8.45097,9.454915,8.004499,8.395231,8.941828,5.395716,9.234665,"EFS_G5"
"90","PAIXNG",7.147337,8.249447,7.904927,6.892523,6.692639,6.575766,8.591726,5.031439,7.503633,7.801306,9.104688,7.25817,6.781529,4.400109,6.096669,5.350336,10.26593,8.545758,7.21343,6.430008,4.546753,6.425005,6.473085,8.055402,9.04941,6.836672,7.774179,7.366659,5.354984,6.268121,"EFS_L5"
"92","PAJYHP",9.135562,8.34005,8.683472,6.782221,8.367516,6.537922,8.152509,5.77256,7.733367,7.99715,9.557361,8.08721,7.549184,5.968277,5.905695,7.064374,7.265964,9.105007,8.39821,8.027662,7.887314,8.378945,8.254315,8.481469,8.092448,7.494036,7.303366,8.33969,4.810802,8.260551,"EFS_L5"
"93","PAJYLA",7.729143,8.163019,7.686707,6.287504,7.786281,5.960736,7.967758,6.838678,7.683871,7.864011,9.745366,6.781565,7.569128,6.432653,6.127996,6.270181,7.491065,9.30506,8.014678,7.455866,7.717221,7.439811,7.023279,7.590682,8.348994,7.575592,6.521728,7.08478,4.852891,8.095869,"EFS_L5"
"94","PAJYVA",8.245798,8.504568,8.309697,6.034201,7.477745,5.607836,8.987772,4.896483,8.079717,8.656975,9.14966,6.197655,7.178804,5.71992,5.599201,6.842901,5.918642,8.790428,6.773526,7.223119,8.159617,9.127041,7.021573,7.511885,8.546585,7.482539,7.966,7.23126,4.703408,7.908967,"EFS_L5"
"95","PAJZUU",7.267513,8.278319,7.09437,6.342404,7.200595,5.665375,7.903475,6.895512,7.592784,6.854064,8.356217,6.68854,6.601111,4.845712,6.381167,5.736003,7.224618,9.747372,7.50971,7.370864,6.34088,9.308169,6.56086,7.37206,9.190871,6.929659,8.017478,6.766522,4.363985,7.803364,"EFS_L5"
"96","PAJZWL",8.817363,8.453715,9.253985,6.860027,8.068071,6.643022,8.669879,6.554968,7.855769,7.968818,9.469873,7.795585,7.215619,5.675753,6.138072,6.923957,8.148163,9.440463,8.294814,8.567135,8.357517,9.468832,8.121581,7.522645,8.752868,7.249916,8.191489,7.605591,4.781662,8.358406,"EFS_L5"
"97","PAKACY",6.929281,8.359622,9.219955,6.022781,7.523732,5.719515,8.227045,5.681925,8.170965,7.828346,9.533603,6.051085,7.307496,7.011472,6.061956,5.751689,5.517049,8.854252,6.69253,7.833839,8.954995,8.671767,6.889965,7.560232,8.23754,7.700773,6.852099,7.149428,5.192138,8.390149,"EFS_L5"
"98","PAKADI",9.820969,9.40582,8.51377,6.571108,8.88485,6.759987,8.563521,5.401284,8.60851,8.435973,9.682909,7.89124,9.235945,8.382702,6.592481,7.174315,7.62302,9.04449,9.092014,8.627428,9.706915,9.3041,9.207408,8.057362,9.372311,8.476849,8.003832,7.733549,5.578847,9.049287,"EFS_L5"
"99","PAKAFK",8.527062,8.586167,7.539032,6.088477,8.129314,7.351525,8.418225,6.120268,8.325268,8.577852,10.004624,6.987715,7.705002,7.22945,5.953064,7.089116,7.620411,9.331535,8.447643,9.555247,8.527662,10.140658,8.390755,8.099728,9.123918,7.563811,8.054415,7.975309,5.33688,8.424048,"EFS_G5"
"100","PAKANZ",6.325119,7.979086,6.466432,7.145648,8.003061,5.588435,8.761567,5.067907,7.793736,8.212345,9.352513,8.773725,7.272761,6.043524,6.576799,6.820933,7.50963,9.308637,6.797736,7.294823,8.655964,8.161911,7.324707,7.814549,8.777858,7.712928,7.077841,7.412853,5.18722,8.362967,"EFS_L5"
"101","PAKDHL",8.997428,8.297629,8.182989,6.152381,8.563823,6.925236,8.435509,6.457421,7.971252,8.431936,9.953273,7.544985,7.640843,6.206462,5.551741,6.95823,7.503214,9.07822,7.929153,8.652612,8.297845,8.061835,8.265176,8.460238,8.636642,7.448911,7.785947,7.641457,5.80261,8.676998,"EFS_L5"
"102","PAKGCI",8.937694,8.987372,7.885586,6.950573,8.401312,6.117837,8.689077,8.073965,7.802947,8.964641,9.910703,7.989605,8.720681,7.766543,5.994541,7.002107,7.673264,9.980045,9.653801,9.618706,9.736525,9.871996,7.063973,7.943415,9.591872,7.68564,8.249179,7.812711,5.951959,9.544235,"EFS_G5"
"103","PAKGKH",8.974432,9.016163,9.868368,7.2619,8.623114,8.025377,9.2042,7.035162,8.020659,7.885952,9.297536,9.863145,8.159272,7.463997,6.274541,6.9201,8.477321,9.760303,9.361113,8.904503,9.184753,9.291485,8.287562,8.534768,9.971516,7.56623,8.242844,8.237817,6.23938,9.345577,"EFS_L5"
"104","PAKGMY",7.954525,8.297209,7.534453,6.245226,7.074765,6.01154,8.292083,5.001146,7.371515,7.513807,8.767337,6.26406,6.484266,5.69257,5.92395,6.151613,6.203571,8.89616,6.815053,7.21696,7.687924,9.007538,7.324374,7.499523,8.727746,7.357892,7.562213,6.834943,4.723196,7.863863,"EFS_L5"
"105","PAKHAV",10.190828,8.577716,10.316782,7.772963,8.964238,7.340854,8.990262,7.856282,8.375558,8.12275,9.212797,10.88645,8.507754,8.356862,6.505646,6.978004,8.730288,10.233922,9.26688,9.47265,9.771719,9.671784,8.926984,8.132814,10.014656,8.266096,8.440995,8.185319,6.248434,8.868527,"EFS_L5"
"106","PAKINP",10.17606,8.924173,10.236786,8.106077,9.01218,6.476501,9.021208,8.786494,8.509094,7.936919,9.92876,9.041445,8.654576,8.172943,6.365413,7.292548,8.212586,9.518845,9.986207,9.384767,10.089206,9.234216,7.852686,8.172441,9.764676,8.16248,8.687585,8.18517,5.72603,9.334443,"EFS_G5"
"107","PAKJBA",9.384622,9.15464,8.322771,6.112491,8.491006,6.644268,8.679189,7.608011,7.779763,8.023637,9.892058,6.952545,8.102678,7.629738,5.492709,7.190153,7.795533,9.292187,7.166376,7.888016,9.295799,8.861055,8.568766,8.542033,9.599886,8.292463,8.722025,8.573522,6.657316,9.45049,"EFS_G5"
"108","PAKSWB",9.967187,8.354194,9.010246,6.362765,9.128031,6.123275,8.748534,7.490473,8.582248,8.256951,10.124159,9.60989,8.072781,7.680781,6.24204,7.553224,8.028753,9.493272,9.114039,9.501039,9.877961,9.648465,8.23846,8.010905,9.35611,7.992256,8.432832,8.015352,5.79702,8.917425,"EFS_G5"
"109","PAKUXT",8.913727,9.251944,8.699452,7.746587,8.797408,6.746913,8.682591,5.006803,8.370867,8.037127,9.224119,7.778675,8.004646,7.797273,6.312804,6.900992,7.386936,9.3821,9.739835,8.164765,9.494242,9.433815,7.858531,8.218984,8.887692,7.777376,7.655369,8.075795,5.487159,9.564173,"EFS_L5"
"110","PAKWCJ",9.153209,9.03874,8.913552,7.663771,8.834857,6.708634,8.703545,5.947193,8.21216,8.20644,9.717185,9.49484,8.077402,7.904,7.02015,7.111325,7.977182,9.838785,9.366019,9.363608,9.236976,9.831903,7.788163,7.728465,9.290545,7.86594,8.243457,7.557282,4.984501,8.838774,"EFS_G5"
"111","PAKXDZ",7.901577,8.697338,7.659723,6.080928,7.484064,6.932803,8.784451,5.444268,8.157218,7.921005,9.18087,6.95282,6.929684,6.082751,5.762946,6.602677,5.983105,9.504753,6.678692,7.112802,8.581538,9.103778,7.462962,8.030385,8.861838,7.656683,7.282379,7.00023,5.067825,8.870073,"EFS_L5"
"112","PAKYZS",8.317322,8.365362,8.370476,6.726237,8.740115,6.102005,8.259282,6.27556,8.081886,7.435392,8.697935,10.310685,7.647437,6.747448,7.822723,6.735854,7.00471,10.003425,8.809965,8.264994,8.550362,8.940334,8.167232,7.722328,8.497952,6.85057,7.767356,8.07597,4.881578,8.3779,"EFS_L5"
"113","PALAWZ",8.83726,8.55505,9.272976,6.944318,7.991132,6.293019,8.328789,5.671198,8.29614,8.086707,9.707984,9.745915,7.367621,6.071117,6.29138,6.98635,8.397599,9.39275,7.798573,8.718283,7.696597,8.106422,8.170724,8.370745,9.661097,8.05022,7.363538,7.092063,4.709631,8.246428,"EFS_L5"
"114","PALBFV",8.629192,8.775255,9.030308,5.752889,7.581344,7.139901,8.676623,6.902023,8.436802,7.419272,10.279837,6.214645,7.045819,5.737853,5.777176,6.432282,8.415692,9.067705,6.382101,7.744244,7.665909,8.434411,7.639135,8.692114,9.008453,7.601026,7.702984,8.33002,5.440237,8.261628,"EFS_L5"
"115","PALBFW",8.437458,8.681518,8.879983,6.378467,8.928548,6.757661,8.338991,6.930275,8.275751,8.282837,9.695432,8.08193,8.584073,7.439816,6.179287,7.130959,7.730284,9.91409,9.109634,8.665211,9.435242,8.875327,7.827518,7.870354,9.108134,7.683097,7.316927,7.850162,5.444017,8.777057,"EFS_L5"
"116","PALEAC",9.994398,8.687527,9.453874,7.19518,9.114929,6.254288,8.764022,7.440969,8.013098,8.323403,9.801941,9.686995,8.432617,7.908463,6.116393,7.364877,8.559084,9.594682,9.420445,9.307035,9.857867,9.78297,8.672935,8.030797,9.133314,8.133878,7.941435,8.147221,5.681135,8.920357,"EFS_G5"
"117","PALEBK",9.300551,9.07386,8.400358,7.153738,8.67266,6.677652,8.778208,7.833696,8.480924,8.184019,10.014925,9.23109,8.319579,7.797179,5.971356,7.07555,8.453834,9.53723,9.84033,9.449794,9.623784,8.942569,7.679027,8.434031,9.583649,7.692409,8.46474,8.167812,5.938187,9.498793,"EFS_G5"
"118","PALETP",7.715658,8.706815,6.805062,5.989755,8.851623,6.010591,8.330985,5.245809,8.023373,8.76601,9.787793,6.3484,7.829268,7.171763,6.442576,6.820634,6.468716,9.046362,9.205647,8.43687,8.772768,8.890895,8.487503,8.312659,7.868507,7.46153,7.667396,8.161074,5.10814,8.742565,"EFS_L5"
"119","PALFRE",8.306199,8.732969,7.256434,7.231338,8.142211,6.717253,8.734706,6.024473,8.196854,8.509365,9.103768,6.700645,7.189491,6.845847,6.351129,6.822016,6.989594,9.17995,8.291675,8.47057,7.863271,8.856916,7.054018,7.601473,9.559812,6.983455,7.876442,7.072295,5.886981,8.548493,"EFS_L5"
"120","PALFSE",9.080694,8.848869,9.372422,6.908625,8.765853,7.146468,9.020078,6.970845,8.74291,8.369346,9.374832,10.050325,8.777478,7.734813,6.810648,7.081293,7.676242,9.561313,9.370642,10.057814,9.717822,9.918437,8.171664,7.974548,9.150567,7.842747,8.519348,8.329946,6.404876,9.873629,"EFS_G5"
"121","PALGFF",9.332424,8.584233,9.064152,6.365745,8.914584,6.770444,8.897214,8.438927,8.777414,7.912595,9.65633,9.190575,8.303181,7.636857,6.485903,7.221324,8.04314,9.23171,8.598752,10.282997,9.678753,10.110172,7.709264,7.772256,9.164747,7.769013,8.468149,7.365949,5.321726,9.316586,"EFS_L5"
"122","PALHVD",9.229596,8.6929,8.786622,6.848548,8.359254,6.59461,8.893168,7.00701,7.861128,7.66175,9.350234,9.0268,7.601558,6.929728,7.214482,6.746069,7.801155,8.867638,8.015373,7.909716,8.182759,8.447343,8.473016,7.898697,9.319376,7.866372,7.718036,7.548263,4.761002,8.276689,"EFS_L5"
"123","PALIIN",9.091715,8.144644,8.123116,5.932896,8.185979,6.125176,8.496035,5.95956,7.893751,8.12079,9.863589,8.50517,8.193309,7.146757,5.537479,6.388311,7.733954,9.088543,6.80705,8.614585,8.697051,7.926951,8.671707,8.501556,9.08439,7.997075,7.572974,8.44415,5.233141,7.921199,"EFS_L5"
"124","PALKKV",9.850776,9.198682,9.733114,8.288018,8.760857,6.573169,8.800787,8.079513,9.048233,8.197721,9.602887,9.248625,8.59347,7.45845,7.385791,7.199841,7.84712,9.997587,8.792257,9.853909,9.636263,9.929295,8.100616,8.285553,9.72705,7.928196,8.629203,7.828033,5.701802,9.939989,"EFS_G5"
"125","PALKUC",7.403084,7.752295,7.613368,6.430584,6.776186,5.935647,8.682554,5.489666,7.412766,8.031663,8.526832,4.977895,6.551771,5.164666,5.786792,6.40321,7.021446,9.145832,7.095732,6.845588,5.919308,8.202178,7.151681,7.606896,8.570389,7.110007,6.982556,6.433589,4.470198,7.301511,"EFS_G5"
"126","PALLJJ",8.37891,8.183786,9.344417,6.426867,9.169738,6.836745,8.733884,7.524585,8.591373,7.562242,8.636736,6.972565,8.27916,6.761617,8.420405,6.784453,7.274873,9.358018,8.195668,9.781951,9.516454,9.500998,7.659338,7.544339,8.497286,7.262901,7.755756,7.627951,5.450896,9.310752,"EFS_G5"
"127","PALNFE",9.682658,8.604895,10.304457,8.110596,8.853379,6.309775,9.044805,8.347712,8.359054,8.217177,9.493198,10.012025,8.211674,7.711748,6.347207,7.260314,8.121893,9.533357,9.342231,9.607051,9.264892,9.444227,8.068842,8.134972,9.719314,8.057248,8.012734,8.013239,5.432237,8.818861,"EFS_G5"
"128","PALNHZ",9.028306,9.199123,7.914887,7.378781,8.262683,7.042085,8.805839,4.901066,8.144092,7.624428,9.759744,6.369835,7.876871,6.177419,5.646836,6.627929,7.964585,9.398747,6.815413,7.484428,7.983125,8.814253,7.979978,8.12865,8.257977,7.946541,7.599738,7.148363,4.549612,8.500294,"EFS_L5"
"129","PALNVP",8.820704,8.321109,8.979041,6.79496,9.168478,7.485536,9.029187,7.926896,8.514464,7.698436,9.42969,8.74779,8.031322,7.744837,8.362364,7.728041,8.093001,9.559132,8.5638,9.907997,10.100496,9.765811,7.565042,8.243042,9.733698,8.25995,9.135015,8.065064,6.260086,9.460644,"EFS_G5"
"130","PALPIN",9.394633,9.188294,9.307996,6.432737,8.852015,6.041868,8.896405,7.493451,8.234443,8.507301,9.662656,9.73533,7.972409,6.983418,6.140186,7.019855,7.894576,10.033495,9.750484,9.581653,9.640869,10.020164,7.848086,8.00304,9.817903,7.517703,8.707033,7.827412,5.241056,8.897571,"EFS_G5"
"131","PALPSY",9.42842,9.023111,8.721889,5.772757,8.768426,6.449051,8.828875,7.085243,7.918746,8.249711,9.761216,8.607565,7.929772,7.065718,5.970212,7.23182,8.27458,9.770665,9.359552,9.407434,9.560131,9.68137,7.674924,8.037163,9.124287,7.850798,8.366029,7.886522,5.469266,9.577974,"EFS_G5"
"132","PALSAE",8.805108,8.564217,8.703957,5.898738,8.191886,6.271321,8.414244,6.419758,7.624999,8.248685,9.581216,9.105775,7.648584,5.984578,5.451289,6.628598,7.503217,8.627475,8.469936,8.470249,8.239361,8.130975,7.732178,7.833044,9.251755,7.338491,7.52119,7.626259,4.565775,7.944016,"EFS_L5"
"133","PALTYB",8.073028,8.579525,8.973033,6.151164,8.97538,6.627091,8.753122,6.953358,8.584733,7.488878,8.951496,8.2041,8.505963,7.358687,7.344163,6.369405,7.756218,9.672482,9.624812,10.180617,9.319705,9.229072,7.517589,7.803168,8.204035,7.66593,8.308902,8.251478,6.376769,9.054809,"EFS_L5"
"134","PALUDH",8.712863,9.080794,9.388209,6.973411,8.144887,7.8938,8.884799,5.95823,8.264138,8.149797,9.921056,9.26693,8.432799,8.045104,5.939067,6.837801,8.1578,9.446733,8.913298,9.473867,8.973301,8.633203,8.278358,8.607765,9.563846,7.633886,8.347052,7.971792,5.631715,8.431171,"EFS_G5"
"135","PALUYS",8.755809,8.471995,8.611608,6.363907,8.308069,6.263616,8.424452,5.594099,7.712095,7.79278,9.380188,9.14037,7.488252,6.220037,6.025322,6.800505,7.409344,9.470412,8.05549,7.948654,8.720975,8.479218,8.057537,8.54869,8.540815,7.565122,7.220891,8.101118,4.882988,8.042025,"EFS_L5"
"136","PALVKK",8.03855,7.727466,8.34183,6.205134,8.248263,6.371679,8.379292,6.779957,8.042607,8.044229,9.15446,9.944595,6.982142,5.545274,6.514629,6.53079,7.636801,9.246108,8.737872,8.923334,8.262848,8.674074,7.011745,7.440036,8.491587,7.075578,7.261256,7.15396,4.769464,8.952133,"EFS_L5"
"137","PALVUC",10.215832,8.520517,8.713452,7.40858,8.915666,6.070795,8.638385,7.613615,7.977707,7.975198,9.410539,9.48841,7.977708,7.525298,6.429563,7.097833,8.155305,9.92717,9.496079,9.263822,9.228023,9.549831,8.837209,7.943312,9.459367,7.803359,8.322801,7.458382,5.433745,8.463823,"EFS_G5"
"138","PALVVH",9.928135,8.894997,10.420897,6.563666,9.068749,6.58739,8.969836,8.452808,8.429948,8.657005,10.123106,10.18442,8.5564,7.903262,5.920242,7.083953,8.385876,9.814875,8.270309,9.573636,9.502554,9.84741,9.056015,8.074569,9.422792,8.034633,8.21938,7.894874,6.055128,9.120367,"EFS_G5"
"139","PALWBT",8.185192,7.273074,8.750062,6.169956,8.820735,6.356828,8.195342,7.286402,7.640519,7.482558,8.589925,6.64466,7.249653,6.148346,8.397622,6.441216,7.644878,9.493347,8.706226,9.463568,8.514411,9.195856,7.154411,7.2042,8.149652,7.047558,7.149168,7.455121,4.990759,8.396846,"EFS_G5"
"140","PALWSJ",9.970017,9.99552,8.123185,7.00549,8.981657,7.815892,9.307085,7.763033,8.370452,8.605491,9.765968,10.38622,8.548932,8.276339,5.612777,7.684169,8.070388,9.49469,10.290323,10.160936,10.159461,10.27733,8.540869,8.147978,9.872219,8.281876,9.668649,8.508075,6.214868,9.995495,"EFS_G5"
"141","PALWVJ",8.693976,8.57451,9.351008,7.169213,8.217632,6.61621,9.037987,7.201663,8.027815,7.790376,9.493213,9.456945,7.086871,7.007988,5.59709,6.831726,8.168634,9.248893,7.90015,7.955514,8.2809,8.991135,7.119727,7.776501,9.232709,7.488739,6.966155,7.398659,5.186124,8.737254,"EFS_L5"
"142","PALWXP",9.728547,9.466805,9.156428,7.991554,8.90288,6.68362,9.034222,7.967773,8.673905,8.706406,9.984759,10.246065,8.198311,8.138431,5.708538,7.652141,8.696474,9.447815,9.862386,10.176904,9.90621,10.057784,7.824862,8.132835,9.461496,8.057965,8.801398,8.724202,6.081585,9.793449,"EFS_G5"
"143","PALXTB",8.984924,8.546885,10.354427,7.580987,8.796838,6.636461,8.532189,8.792637,8.795657,8.315074,9.97624,8.77026,8.393407,7.769323,6.588591,7.21432,7.932398,9.689465,9.416128,10.005699,9.918776,9.434865,8.401676,8.098546,9.082513,7.735554,8.28154,8.033295,6.243646,9.285836,"EFS_G5"
"144","PALXTE",9.384272,8.734355,8.703903,5.960346,8.585008,6.307977,8.887393,7.525703,8.126229,8.605726,9.78221,8.603775,8.245632,7.55597,5.776268,6.888054,7.871108,9.503505,9.20901,9.938402,10.092283,9.969637,7.725664,8.282317,9.065878,7.709716,8.10095,8.337109,5.242781,8.899336,"EFS_G5"
"145","PALXUM",9.789434,9.13256,9.178389,6.787332,8.721647,6.270299,8.882954,6.188953,8.977079,8.515589,10.074454,9.785375,8.63877,8.335317,6.95747,6.867591,7.683129,9.214245,9.659891,9.875432,10.113012,9.782455,7.891418,8.341931,8.635992,8.466653,8.385188,8.021125,5.603307,9.640495,"EFS_L5"
"146","PALYEC",8.214446,8.809342,7.628922,5.971728,8.327474,5.768204,8.335722,5.7273,8.224707,7.952434,9.912054,6.81227,7.20661,5.061347,5.754025,6.946133,7.528465,9.421155,8.75857,7.990388,8.305992,8.662974,7.489513,8.180947,8.726329,7.404114,8.045336,7.736619,4.813447,8.441726,"EFS_L5"
"147","PALYLZ",9.227743,8.966867,8.287542,7.24035,8.594896,6.919011,8.880354,6.360622,8.069329,8.02165,9.633687,8.92368,7.922027,7.394272,6.423783,7.153455,8.113006,9.564127,9.574112,9.582303,9.19401,9.511025,7.939141,8.179503,9.666017,7.768266,8.537045,7.841833,5.549671,9.213251,"EFS_G5"
"148","PALYPW",7.250772,7.234287,7.742114,5.996422,7.818929,6.2258,8.485886,5.772512,8.211082,7.991726,9.040058,9.86178,7.145092,4.502868,6.897926,6.204246,8.348844,9.248238,8.055062,7.956722,6.996837,7.616115,7.237106,7.775442,7.655399,6.707686,6.697142,7.779778,4.723373,9.679113,"EFS_L5"
"149","PALZRG",8.178296,8.829333,8.221408,6.006891,7.459894,6.033954,8.633444,6.592957,7.564382,7.90619,9.769345,8.286295,7.311073,6.086715,5.870915,6.848891,6.39797,9.15616,6.537656,7.313951,8.248574,7.626203,7.182539,8.109355,8.464768,7.702739,8.020976,7.796466,5.324361,8.315138,"EFS_L5"
"150","PALZZV",7.38421,8.800796,8.596027,6.535015,7.439068,5.736979,8.815561,6.616937,7.6844,7.489888,9.562669,5.478765,6.524565,6.696077,5.740593,5.871962,6.020362,8.76153,6.680739,6.996418,8.488056,8.368794,7.15589,7.918266,8.367951,8.044508,8.036215,7.463101,5.206565,8.566408,"EFS_L5"
"151","PAMACS",9.100366,9.075956,8.268907,6.516184,8.483002,6.375417,8.307219,6.948161,7.981656,7.894366,9.787266,6.583155,7.841211,6.965635,5.474432,6.696381,8.061133,9.444785,9.627289,8.717583,9.45454,8.893915,7.624413,7.698956,8.939452,7.259124,8.024688,7.506821,5.799715,8.624062,"EFS_L5"
"152","PAMAFV",9.414893,9.027343,7.81421,6.14657,8.52692,6.771977,9.032976,6.570181,8.011651,7.905177,9.70227,8.98691,7.860412,6.597245,5.664619,7.235352,7.266662,9.785305,9.545018,9.015888,9.137941,9.425057,8.128761,7.871487,9.314563,7.395443,8.480563,8.039161,5.20675,9.133054,"EFS_G5"
"153","PAMAJT",9.705009,8.044529,7.587963,6.902544,8.835448,6.423027,9.03264,7.096744,8.452715,8.005554,9.500773,8.370095,7.594406,6.955582,6.170434,6.660011,7.711899,9.505933,8.599922,9.002568,9.307713,9.338565,7.845367,7.909472,9.295906,7.61108,8.284536,7.66523,5.352201,8.472813,"EFS_G5"
"154","PAMBDH",8.272698,8.767157,7.145607,6.415767,7.159399,5.702664,8.638469,5.170385,7.644667,7.319376,9.437402,6.438935,6.696257,5.584103,5.940055,6.123992,6.131975,9.605317,6.836647,6.535658,7.268073,8.188457,8.081445,7.685753,9.214594,7.287822,7.631068,7.083189,4.959554,7.868934,"EFS_G5"
"155","PAMBMJ",8.840078,8.623855,9.173215,6.052991,8.273664,6.716865,8.910162,7.446688,8.189513,8.382125,9.983895,9.332525,7.415258,7.127091,5.523481,6.844542,8.597595,9.42915,7.152578,7.764641,8.907209,8.383898,7.332703,8.211435,9.015422,8.177847,8.236608,7.95524,5.556902,8.867453,"EFS_L5"
"156","PAMBYG",7.649226,8.524372,7.712047,5.917238,7.597331,6.077986,8.222965,5.930604,7.537894,7.787621,9.498292,5.62694,7.299809,5.534993,5.783689,6.319107,5.778103,9.433853,6.791353,7.889855,9.179862,8.703585,7.255137,8.267686,8.799415,7.004844,7.451447,7.982455,5.967685,8.751718,"EFS_L5"
"157","PAMCXF",8.014126,8.114951,8.450272,6.449795,7.507318,6.628901,8.675535,5.318242,7.714184,8.087906,9.509474,7.501105,7.51859,5.367618,5.784521,6.983598,6.515522,9.425075,7.115614,6.95639,7.587955,7.958743,7.66715,7.46144,9.86358,7.923596,7.364003,6.728122,4.597721,7.718259,"EFS_L5"
"158","PAMEHH",7.657646,8.004631,8.327985,6.651176,9.109533,6.338897,8.045342,6.925427,8.653695,7.830236,9.243502,9.232425,8.616247,7.157477,8.148053,6.427812,7.893825,9.275592,8.186411,10.257561,8.669782,8.957107,7.689902,7.941215,7.936049,7.19853,7.497399,8.247221,5.389275,9.080519,"EFS_L5"
"159","PAMEZH",8.744115,8.034579,8.290908,6.254056,8.018851,6.534894,8.658871,6.89443,8.156905,7.482752,9.299264,9.121655,7.12756,6.838568,6.736992,6.372084,8.15785,9.66474,8.483437,8.299099,8.7899,8.889552,7.533345,7.609764,8.642676,7.564799,7.447008,7.356941,4.771966,8.559028,"EFS_L5"
"160","PAMJED",7.841944,8.737487,7.89312,6.190848,7.305159,5.647758,7.921779,5.606163,8.037804,7.861722,9.501534,5.690655,7.375201,5.843742,5.875994,6.415782,5.969973,9.69421,6.87562,7.428903,6.979554,8.2155,7.289122,7.775114,9.117505,7.979941,8.167673,6.148705,4.276161,8.201603,"EFS_L5"
"161","PAMLMY",9.461247,7.933919,7.980942,6.195298,7.631222,6.46422,8.926549,7.361442,7.453476,8.13599,9.561658,7.79274,7.839062,7.144667,5.750821,6.624996,8.427843,9.56151,7.312482,8.671964,8.225657,8.202543,8.669483,7.864187,9.713278,7.897621,7.585022,7.695591,5.05662,8.085176,"EFS_G5"
"162","PAMLNB",7.115868,6.531846,9.100003,6.019708,7.020128,6.45973,8.72389,5.190153,7.906003,7.733452,9.238305,6.071055,8.279153,4.420621,5.465119,6.323202,7.661456,8.564965,6.884692,6.775721,5.031664,6.29484,6.586835,7.567037,7.629595,7.566745,5.570974,7.582791,5.144228,7.038913,"EFS_G5"
"163","PAMMXF",8.853212,9.137511,8.095931,5.89633,7.776238,6.839635,8.983464,5.567828,8.516085,8.489178,9.402196,9.095575,7.559014,6.417074,5.529029,6.705158,7.565088,8.998728,7.266938,7.740357,8.629805,9.105848,7.682966,8.168271,9.434843,8.074279,8.297062,7.974965,5.841515,9.113857,"EFS_L5"
"164","PAMMYR",8.125674,8.109235,7.416769,6.561585,7.691806,6.339732,8.803133,6.164455,7.649245,8.973,9.36799,7.54501,6.545832,4.976194,6.248681,6.585901,6.943059,8.888225,7.006295,7.086763,7.048107,7.646942,8.098904,7.7841,8.399562,6.901908,6.821842,7.824229,5.106008,7.485893,"EFS_L5"
"165","PAMNAL",8.922691,8.679088,8.466366,7.29638,8.37961,6.254557,9.010708,7.454877,7.840273,8.112095,9.774053,7.86164,8.415505,6.873603,6.388261,7.386481,8.094279,9.15271,8.973861,9.195451,9.152645,8.279411,8.036745,8.095704,8.677862,7.926033,7.648535,8.092567,5.68273,8.475653,"EFS_G5"
"166","PAMNLH",8.897172,7.962365,8.195115,7.105664,8.054391,5.787902,8.091562,5.160909,7.025008,8.09841,9.057967,9.33631,7.088166,6.3545,5.854185,6.62517,7.713019,9.359758,8.396236,7.283898,7.553622,8.215144,7.956688,7.978459,9.662212,7.181013,6.757165,6.679413,4.574787,7.330179,"EFS_L5"
"167","PAMVCL",9.618025,9.068189,9.690912,7.159547,8.902912,6.484251,8.786615,6.587434,8.82368,8.053717,10.129461,9.69215,7.942781,6.549562,6.191711,7.719005,8.223744,9.681555,9.373387,9.631401,9.48255,9.721211,8.022515,8.077994,9.153084,7.876273,7.578588,7.831537,5.848844,9.482657,"EFS_G5"
"168","PAMXWF",8.710716,9.058233,9.592789,7.917023,8.875627,7.431795,8.834702,6.277063,8.342377,8.213033,9.859243,9.637635,8.092248,7.157151,5.978215,6.948251,8.494155,9.208465,8.523316,8.239578,8.758556,8.620868,8.790576,7.88992,9.518491,8.129474,7.810799,7.374974,5.323499,9.00026,"EFS_L5"
"169","PAMYCE",8.356258,8.711123,7.174233,6.213726,8.405713,6.027681,8.694688,5.229823,7.478373,7.976932,9.437322,7.364305,7.292039,6.305172,6.240725,7.139981,7.487989,9.451067,9.25014,7.578466,9.010864,8.966227,7.516414,7.810391,8.607607,6.874838,8.068485,7.430757,5.126853,8.647107,"EFS_L5"
"170","PAMYVA",8.312272,8.834782,7.48701,6.342741,7.807146,6.048222,8.216467,6.270074,7.747255,7.729918,9.354177,8.90391,8.100608,6.817078,5.962433,6.756681,7.252522,9.88669,8.754659,9.539233,8.881194,8.802904,8.697138,7.847979,8.708486,7.535129,7.833648,7.509202,5.138874,8.334039,"EFS_G5"
"171","PAMZCE",7.838367,8.931001,7.288072,6.296694,7.252569,6.822367,8.172781,6.027725,7.580451,7.965336,9.050504,5.992975,6.592081,5.62248,6.285286,6.340145,5.977884,9.752,7.010974,6.944727,8.623937,8.873313,7.079072,7.484142,8.820357,7.15458,7.125611,6.43997,4.467522,8.049217,"EFS_G5"
"172","PAMZMG",8.8672,8.774511,8.431738,6.117476,7.569381,5.700005,8.773947,5.159576,7.80589,7.352617,9.601133,7.24775,6.725947,5.752387,5.784072,7.478488,6.043229,9.086745,6.923783,7.374636,7.653675,8.728873,8.004867,8.055012,8.925684,7.676326,7.957128,7.90079,4.804735,8.63409,"EFS_L5"
"173","PAMZYM",7.745426,8.945122,8.005563,6.998944,8.304576,6.516653,8.889411,6.733182,8.159367,8.853511,9.887704,10.54665,7.761956,6.441158,5.662682,6.872389,7.212357,9.277973,8.033819,8.071039,9.017233,8.563526,8.25137,8.121988,8.297158,7.142814,6.412189,7.603955,5.043055,8.500922,"EFS_G5"
"174","PANBJH",9.098824,8.997145,8.975016,7.435078,8.693761,6.834786,8.515292,6.157586,7.589328,8.119132,9.455322,10.5928,7.717743,6.964474,5.825344,6.971717,8.228913,9.880905,9.269425,7.924298,8.580797,9.211273,8.734003,8.430448,8.975494,7.368038,7.683118,7.24623,5.306921,8.358295,"EFS_L5"
"175","PANBMJ",8.295542,8.482986,7.203044,6.688347,8.240327,6.555781,8.107949,5.584343,8.201362,7.888485,9.062609,9.155135,7.775067,6.402656,7.119269,6.665673,7.011527,9.818655,9.052991,7.870424,8.663218,8.793752,7.48419,7.737467,7.985014,6.880487,7.29869,7.44349,4.848575,8.966136,"EFS_L5"
"176","PANBSP",8.147252,8.700965,8.059783,5.672344,7.778714,6.608696,8.296231,5.84608,8.559495,8.373275,10.207657,7.430325,7.647695,5.735887,5.720074,5.327621,6.509238,9.19764,7.304874,8.411581,8.793619,8.822642,6.0594,7.853057,8.412331,7.766573,7.559542,7.927767,5.800945,8.343588,"EFS_L5"
"177","PANCYF",7.675942,8.888669,8.363236,6.392496,7.384711,6.801149,8.902811,5.059867,8.181454,8.689219,9.391578,6.13385,6.668892,5.962834,5.726058,6.533645,5.908669,9.511837,6.677415,7.476121,8.578218,8.632069,6.901928,8.098202,8.608808,7.19395,6.171268,7.32493,5.190819,7.851669,"EFS_L5"
"178","PANDHZ",7.873439,7.715718,7.720252,6.195034,7.525539,6.117809,8.711356,4.984117,7.219474,8.53518,9.077999,8.38293,6.684333,5.446282,6.121557,6.485387,7.37868,9.291185,8.348258,7.129916,6.691876,7.855748,7.91757,7.822337,9.053552,6.286719,6.871108,7.262911,4.806774,7.723743,"EFS_L5"
"179","PANGTS",7.880555,8.805602,8.077429,6.126095,8.018903,7.363536,8.309863,5.62512,8.454954,8.226981,10.164337,7.63248,7.970068,7.509611,5.802492,6.588397,7.31335,9.183505,8.403507,8.308717,9.285818,8.922006,8.391766,7.808821,8.670194,7.939229,7.410933,7.52642,4.736835,8.652449,"EFS_G5"
"180","PANHUA",8.423914,8.430856,7.463351,6.279031,8.129627,6.47691,8.350454,5.937485,7.719176,8.123546,9.503488,9.166975,7.708618,6.421327,5.590903,6.788907,7.07867,9.48525,8.214601,7.282783,7.930321,8.219764,8.393944,7.68779,8.511852,6.965084,6.706138,7.268313,4.868625,7.670165,"EFS_L5"
"181","PANLSG",8.302587,8.252907,7.352851,6.100209,7.914693,6.125447,8.092485,6.716392,7.715876,7.315818,9.415326,7.577205,7.268343,5.422549,5.967101,6.333451,8.062316,9.22703,7.248391,7.265098,7.828467,7.655268,7.143727,7.853237,8.757808,7.236903,7.351426,7.087452,4.910486,8.125214,"EFS_L5"
"182","PANNIJ",8.069851,8.328592,6.988839,6.183073,7.413389,6.447398,7.95055,4.658837,8.006842,7.721659,8.999896,7.725565,7.064533,6.191117,6.303221,6.397501,7.730118,9.41404,7.15533,7.867516,8.604663,9.081465,7.191979,7.041617,8.339076,7.40745,7.363616,6.417087,4.850979,8.319162,"EFS_L5"
"183","PANRRW",8.529552,9.390584,8.547883,7.188384,8.915295,6.744321,8.651809,5.946492,8.17012,8.116355,9.586634,8.820315,8.163102,7.299351,6.314762,7.408622,7.759238,9.33766,9.347163,9.008867,9.612753,9.267481,8.696525,8.279024,8.816712,7.615804,7.888047,7.815142,5.343406,9.13923,"EFS_L5"
"184","PANUKV",7.533651,9.475444,6.870172,5.957013,7.409812,6.339959,9.126847,4.723355,8.264933,7.666213,9.619573,6.9321,7.331969,6.998857,5.486013,6.894996,8.650029,8.92811,7.22496,7.144516,8.030633,8.737991,7.787079,8.272471,8.483451,7.922688,7.950209,8.586152,5.679874,9.54399,"EFS_L5"
"185","PANUVK",8.43011,8.685874,8.722193,6.895179,8.238196,6.349536,8.676074,6.009059,8.592443,8.263966,10.049671,7.613395,7.795418,6.628917,5.778382,6.926625,7.387552,9.07304,8.155652,9.157914,7.9944,7.906876,7.613127,8.425503,9.329504,7.726368,8.037803,7.519155,5.05409,8.666035,"EFS_G5"
"186","PANVAN",7.337122,7.180043,7.521252,6.301014,6.767196,5.615578,8.182676,5.549628,7.461444,8.497629,9.084692,5.745735,6.536286,4.744107,5.794708,6.301823,6.410086,9.44068,6.733255,6.95104,6.258431,7.188314,7.056533,7.343485,8.135694,6.590422,6.335918,6.657459,4.47815,6.846792,"EFS_L5"
"187","PANYGR",9.035859,8.758004,7.779951,6.412787,7.965024,7.154279,8.686874,5.767428,7.831227,7.952108,9.68298,8.386925,7.635349,6.231008,5.737527,6.780848,6.649641,9.321855,8.479033,7.824471,8.199322,8.579147,7.888362,7.865399,9.193745,6.951123,7.869852,7.675507,5.335275,8.502895,"EFS_L5"
"188","PANZHT",8.791306,8.55425,9.768655,7.85139,8.404288,7.07653,8.809495,6.53937,7.898299,8.46294,9.528215,9.3753,8.354694,7.390642,5.908212,6.845862,7.916802,9.33219,8.37326,8.080103,9.001078,8.915316,8.375377,8.030994,8.880504,7.732594,7.478975,7.505214,5.537286,8.117602,"EFS_G5"
"189","PANZPV",8.449728,8.579959,8.400728,6.797547,8.890858,6.43691,8.854703,6.866265,8.530249,7.993997,9.802984,7.70757,7.853526,6.938878,7.206898,7.338874,6.901357,9.57275,9.031136,8.524253,9.479794,8.852281,8.293239,8.256007,8.868955,7.681623,7.652616,8.04782,6.132981,8.7814,"EFS_L5"
"190","PAPAKS",7.746315,8.525591,6.97388,6.320922,7.661851,6.048415,8.208808,7.535744,7.199908,7.333304,9.260049,8.724815,6.331106,5.526453,6.128164,6.639947,7.267056,10.180893,7.762402,6.310915,7.789369,8.095014,7.018994,7.380411,8.432627,6.767747,7.593313,6.479829,4.922972,7.583521,"EFS_G5"
"191","PAPBGH",8.207766,9.064085,7.512918,7.343671,7.398103,7.050568,9.308765,5.789558,8.271261,7.579182,9.732383,6.098765,7.503549,6.856972,5.569607,6.141996,8.155153,8.996305,8.484955,6.817577,8.386565,8.816234,6.584564,7.949963,8.736186,7.516282,7.026139,7.667512,5.822586,9.093691,"EFS_L5"
"192","PAPBZI",8.146975,8.33386,8.538547,5.867027,8.121923,6.557482,7.793905,5.886557,8.54459,8.259453,9.906948,5.78222,7.226287,5.848535,5.919934,6.236348,6.997082,8.997762,6.995271,8.686795,8.09241,7.861279,7.59628,7.650744,8.932289,6.547826,6.575402,7.44946,5.960541,8.00827,"EFS_L5"
"193","PAPEFE",8.217484,7.525597,7.741922,5.910589,7.319223,6.358272,8.190578,6.661109,7.860174,8.407426,9.932255,6.403535,7.487819,4.901152,5.610435,6.612204,6.699602,8.927942,6.85528,7.955587,7.766554,8.178502,7.218888,7.275682,8.593386,7.109805,6.66259,7.119331,4.832515,7.080275,"EFS_L5"
"194","PAPEJW",8.455146,8.410379,7.542606,5.915866,7.564073,6.052378,8.451471,6.012009,7.797082,7.820326,9.315926,6.917295,7.423174,5.961047,6.082176,6.523867,7.360865,9.34856,7.110873,7.794667,8.732935,9.170017,7.083019,7.802151,8.822734,7.318115,6.652591,7.145822,4.937321,8.628431,"EFS_L5"
"195","PAPHPE",7.383071,8.118312,8.752226,6.861764,8.724055,6.757767,8.019321,6.221693,7.741327,7.262552,9.294251,6.90548,7.113167,6.320342,7.825517,6.915744,7.65019,10.444777,8.235079,9.090899,8.348702,9.814689,7.4604,8.115357,8.101679,7.027244,6.430017,6.944415,5.47975,8.735997,"EFS_L5"
"196","PAPJLD",7.838328,8.051632,8.441312,6.464309,8.326422,6.423481,8.435619,6.648226,8.66773,7.639539,9.007511,8.90948,7.819871,5.664248,8.214222,6.277113,7.577374,9.503078,8.221225,9.369263,7.905857,9.410288,7.20654,7.564214,7.676413,6.857332,7.287738,7.696041,4.872314,8.5346,"EFS_G5"
"197","PAPKWN",8.045724,8.604002,7.830298,6.19606,8.105229,6.722444,8.852312,7.47745,8.006249,8.263385,9.801063,8.95451,7.490251,6.219767,5.786492,6.90423,8.079733,9.055793,7.325914,8.332491,8.765905,8.281923,7.311261,7.848579,8.475764,7.845735,7.638189,8.07096,5.419826,8.956347,"EFS_L5"
"198","PAPRTD",7.7113,7.65879,8.498322,6.077673,8.377276,6.987168,8.356721,6.86712,8.625202,7.922598,9.105443,10.62935,7.574121,6.058483,7.145297,6.544233,7.913839,8.882592,9.062596,9.440759,8.562572,8.53219,7.49945,8.004417,7.628141,7.096739,7.147078,8.008795,5.790731,9.752439,"EFS_L5"
"199","PAPSEI",7.778201,8.967012,8.257105,6.035905,7.398847,6.581289,8.8901,4.958768,8.323509,7.952848,9.417196,8.82896,6.882311,6.429239,5.417479,6.450709,6.282575,8.76125,6.417995,6.997494,8.372656,8.91431,7.369484,7.999463,8.579391,7.672504,7.731011,7.754815,5.596173,8.481163,"EFS_L5"
"200","PAPSKM",8.829863,8.43095,8.129117,6.770042,8.222386,6.813545,8.434719,5.777253,7.859933,8.612139,9.486167,8.843695,7.620155,6.272009,5.576382,7.072939,7.199825,9.061913,7.907874,8.291358,8.321293,8.150556,8.318387,8.183239,9.477197,7.608141,7.230278,7.015305,4.868357,7.981701,"EFS_L5"
"201","PAPTIP",7.975296,9.105439,7.789798,5.971012,7.497663,6.600166,8.288036,6.451936,8.562279,7.688617,10.37412,7.227815,7.607416,5.657041,5.539133,7.213564,7.666066,9.33949,6.647115,7.744938,8.988114,8.67133,7.546596,7.966921,8.498844,7.970976,8.157769,7.647925,5.690543,8.507249,"EFS_L5"
"202","PAPTLD",8.533745,9.095309,6.786509,6.833828,7.869505,6.939644,8.489718,5.090709,7.915748,7.203625,9.021548,6.69638,7.263839,6.001332,5.966762,6.543062,7.841399,9.449603,9.281548,8.899221,7.747249,8.47969,7.869727,7.484352,8.608555,7.275686,8.582564,6.955689,4.772356,8.863481,"EFS_L5"
"203","PAPTLY",7.595956,9.499011,7.395026,6.639321,7.366248,6.477521,8.658162,6.329113,7.582834,7.686546,9.524403,9.85809,7.313754,5.285606,5.71501,6.260529,7.414892,8.734015,7.368285,7.319751,8.509225,8.797999,6.907106,7.932474,8.567454,6.838098,6.800939,7.564336,4.801469,7.723372,"EFS_G5"
"204","PAPTMM",6.288998,8.537164,7.252486,5.887254,6.850647,6.384174,8.768602,5.923099,8.71629,8.151792,10.228406,7.71978,7.851096,4.559237,5.485683,6.542543,7.408023,8.983765,6.475828,8.371364,7.104362,8.837056,7.404548,8.353045,8.361472,9.1307,6.757655,8.493334,5.593026,8.624938,"EFS_G5"
"205","PAPUAR",8.054486,8.451275,9.885039,6.849066,8.337715,6.843658,8.436553,7.11574,7.83917,8.285221,10.053412,8.50547,8.32188,8.116807,5.909616,6.389555,8.195638,9.040845,7.875446,8.377875,9.183447,8.573717,8.394112,7.909392,8.443993,7.920035,7.379894,7.595139,5.750642,8.664185,"EFS_G5"
"206","PAPUEB",7.561701,7.996763,9.150327,6.216001,8.282767,5.830315,8.23367,6.084565,8.221323,8.05351,10.304813,8.558005,8.13643,7.425822,5.765409,6.401001,7.772013,9.03285,7.000493,9.526756,8.722253,8.262696,7.912604,8.347748,8.034028,7.36476,6.363464,7.976564,5.269076,7.969037,"EFS_G5"
"207","PAPUNH",7.587899,8.028383,8.205897,6.645373,7.615232,6.852842,8.705984,5.389976,8.646357,7.484288,10.016481,6.656395,8.038329,7.400024,5.604467,6.50083,7.596228,8.998955,6.980993,7.108155,9.120524,8.084587,7.009045,8.459614,9.067006,8.161956,6.905074,7.86867,6.079022,8.317941,"EFS_G5"
"208","PAPUTN",7.883783,8.652724,7.174166,6.176476,7.739928,5.981395,8.804736,4.803242,7.968272,7.513204,9.950168,8.325645,7.096924,5.953736,5.912165,6.008383,7.487806,9.029207,6.987924,7.318649,7.262626,8.383844,7.672362,7.54139,8.613307,7.389249,7.681005,7.1635,4.786269,7.94535,"EFS_L5"
"209","PAPWUC",6.90052,7.858645,7.588266,5.890355,6.966952,6.279826,8.29038,5.133656,8.542369,8.910587,9.742743,6.71846,7.163891,5.242459,5.318922,6.407012,7.15589,8.1965,6.540604,7.355512,7.084018,7.056179,7.13636,7.841865,8.016916,6.849757,6.15465,7.748772,5.302057,7.813683,"EFS_G5"
"210","PAPZYP",7.422343,8.549765,7.661897,6.58327,7.35308,5.92455,8.83947,6.547596,8.110351,7.905707,9.786945,6.682575,7.863345,7.084478,5.53846,6.317587,7.403659,8.99479,6.681601,9.002049,8.763907,8.713539,6.939144,8.097053,8.44567,7.336897,7.813695,7.517605,5.246514,8.633309,"EFS_G5"
"211","PARABN",7.795715,8.45526,7.82834,6.482224,7.511928,5.658168,8.622613,5.149337,7.067626,7.47896,9.042169,8.90089,6.648123,5.667519,5.763198,7.105438,7.90524,8.755547,7.048315,6.592663,8.284012,8.170045,7.18034,7.780926,8.307708,7.207712,7.302575,6.955198,5.095301,8.216251,"EFS_L5"
"212","PARACM",8.179883,7.606543,9.253251,6.52511,8.409971,6.888675,8.262265,5.412552,8.21466,8.102194,9.823986,8.45749,7.751221,7.428175,5.843679,6.464784,7.522166,9.082415,8.010466,8.375439,9.206654,8.235516,7.475042,8.353235,8.65229,7.79843,7.42143,8.048411,5.251349,8.745239,"EFS_G5"
"213","PARAHE",8.759159,8.037136,8.837828,5.920806,7.696007,6.786326,8.236802,6.198388,8.462849,8.064299,9.899297,7.52212,7.971096,6.755662,5.901165,6.846654,8.016157,8.978187,8.821906,8.577154,8.391634,8.984455,7.703387,7.909121,8.967408,7.900133,7.084869,8.101602,5.736566,8.602005,"EFS_L5"
"214","PARCWT",8.332954,8.54158,7.852833,6.487467,8.517788,6.927029,8.195492,6.649196,8.42417,7.808509,9.811632,8.62831,7.547364,7.252328,5.617541,6.762539,6.922284,9.70795,8.065879,8.11226,8.578806,8.898643,8.563526,8.70577,8.891702,7.709747,7.241539,8.098417,6.090005,9.47579,"EFS_L5"
"215","PARDUJ",8.305285,8.219574,8.102128,6.525052,8.277704,6.769326,8.281897,6.395569,8.338761,8.067688,9.58517,9.583115,7.627687,6.996572,6.527861,6.958651,7.242621,9.458568,8.788689,8.363136,8.927635,9.056306,8.004631,8.211635,8.769702,7.286209,7.766668,7.442026,5.228942,8.788369,"EFS_L5"
"216","PAREGK",8.79047,7.7715,8.269335,6.261371,7.891564,5.841159,8.165936,6.327775,7.646304,7.844168,9.044029,7.83089,7.576975,5.482794,5.595499,6.612149,7.819867,9.41993,7.902141,7.697509,8.512317,8.338344,7.22276,7.400816,8.287697,7.443827,7.516721,7.196795,4.84646,8.362116,"EFS_G5"
"217","PARFBW",8.583571,8.154592,8.230063,7.555265,7.855177,6.820397,7.808624,6.106905,7.702412,7.39549,8.605436,9.06665,6.944824,5.859632,8.553266,6.666294,7.239454,9.661357,8.403858,8.814897,8.156189,9.541994,7.810722,7.507942,8.168714,7.103583,7.92584,6.987233,4.717588,8.650741,"EFS_G5"
"218","PARGDJ",8.914596,8.678,8.661535,6.519625,8.325591,6.603037,8.387709,6.599229,8.47844,7.727172,9.262084,8.669755,7.545752,6.863123,7.881177,7.004744,7.720775,9.639395,8.930732,9.833726,8.734778,9.317664,7.44329,7.621743,8.541725,7.631468,8.126521,7.684941,5.278005,8.964143,"EFS_L5"
"219","PARGUX",8.364799,8.579675,8.668223,7.271593,8.07098,7.307916,8.229852,5.772253,8.322895,8.099325,9.723463,9.38101,8.092207,6.430485,6.076568,7.057387,7.301283,9.514247,8.328227,8.0577,8.143628,9.028032,8.142016,8.230121,8.405703,7.666031,7.036876,7.443734,4.926672,8.236901,"EFS_G5"
"220","PARHYL",8.634298,7.794369,7.728842,6.353053,7.981287,6.086066,8.785399,6.588342,7.890717,8.382442,9.457108,9.14535,7.816219,6.295765,5.806849,7.31547,7.734944,9.381485,7.627452,8.607867,9.05784,8.770098,7.572822,8.016415,8.842044,8.242071,8.076333,7.872513,5.974447,8.796252,"EFS_G5"
"221","PARIKF",7.942988,8.794019,8.233058,6.328196,7.718828,6.719994,8.684591,4.941645,8.423687,8.323929,9.48726,7.87119,6.844877,6.078247,5.578811,6.529352,5.713115,9.01318,6.585538,7.341199,8.580935,9.337857,7.362372,7.925294,8.823816,7.793227,7.739813,7.520764,5.627949,8.767193,"EFS_G5"
"222","PARIKT",7.531478,7.91144,7.852982,6.532319,8.49654,6.433452,8.743545,7.262625,8.323596,6.869827,8.275222,6.448505,7.112558,6.450434,6.866351,6.554314,7.728562,9.5441,7.635723,8.742644,9.018722,8.872303,6.927523,7.503012,7.468067,7.373337,6.358357,7.463129,5.019153,9.122149,"EFS_L5"
"223","PARIRD",7.83778,8.728584,6.634738,7.312753,7.124469,6.303539,8.24722,6.110265,7.14823,7.430123,9.040552,6.56676,6.507805,6.052378,5.872251,6.191703,6.162242,8.69234,6.740753,7.03115,7.197543,8.66512,6.954149,7.946652,8.59718,6.867674,7.660954,7.024809,4.586197,7.429253,"EFS_L5"
"224","PARJAR",9.241706,8.437539,9.190636,7.13632,8.641624,6.693438,8.392441,6.158911,8.185894,8.402109,10.215242,8.688045,8.278845,7.585943,5.811537,7.095911,7.565618,9.585717,8.775842,8.46472,9.284492,9.132509,8.081366,7.929251,8.790446,8.085802,7.332011,7.00632,5.607675,8.712367,"EFS_L5"
"225","PARJTB",7.654776,8.928748,7.320996,6.067119,7.544154,6.243925,9.334668,4.608783,8.184192,7.6244,10.103434,7.06382,7.113604,6.210672,5.410368,6.15753,7.345923,8.61567,6.66892,7.149013,6.7461,8.303071,7.088055,7.918063,8.174449,7.366254,7.797187,7.598542,6.156661,8.165009,"EFS_L5"
"226","PARMFA",7.876594,7.893931,8.909812,5.832345,8.554106,6.912863,8.218229,7.078697,8.802462,8.372352,9.294854,9.8383,7.675142,6.783672,7.353839,6.432699,7.807299,9.36642,8.679616,9.396737,8.674038,8.720717,7.4511,8.183909,8.125412,7.714999,7.339745,8.390933,5.545265,9.122925,"EFS_G5"
"227","PARMTT",8.319615,8.930607,8.873571,7.271116,7.833532,7.014408,8.088572,5.475265,7.276594,7.762169,9.630616,9.71399,7.178667,6.237553,5.661048,6.649201,7.416842,8.459025,7.78228,8.213973,7.386938,8.193264,8.33616,8.22616,8.558676,7.145272,7.457078,8.071148,5.539979,8.688947,"EFS_L5"
"228","PARNCW",8.247405,8.13497,7.350638,6.105797,7.661562,6.765212,8.556906,5.496769,8.15627,7.835438,9.632824,6.134225,7.431303,6.055285,5.65733,6.496599,6.155235,8.901973,8.687122,8.975605,8.69598,9.263464,7.449466,7.612701,8.40157,6.920877,7.422241,7.630142,4.451073,8.11921,"EFS_L5"
"229","PARNEE",7.885932,8.85408,7.439372,6.087748,7.616059,6.264566,8.393174,5.955606,8.010622,7.229296,9.580844,5.955485,6.727429,4.740852,6.097759,6.442463,6.649336,9.39763,8.495464,7.18944,7.486444,9.407618,7.02676,8.239222,8.259939,6.909605,8.101592,8.006298,4.798005,8.403342,"EFS_L5"
"230","PARRBU",7.596583,8.886879,7.50199,6.747078,7.543918,5.973202,8.167749,4.660515,8.39742,7.683019,10.063891,7.829415,7.768253,6.434965,5.596612,7.200565,5.785799,8.75592,6.845514,7.524797,8.868833,9.111989,8.300114,8.313295,8.19631,8.300542,7.336321,7.824986,5.298336,8.694993,"EFS_L5"
"231","PARSEA",8.118523,8.629461,8.385454,7.500532,8.250209,6.92123,8.15401,6.119688,7.685575,7.406922,9.033327,10.9763,7.005366,6.515003,6.077373,7.171354,7.561421,9.10755,8.860458,7.495775,7.29529,8.916167,8.26354,8.462503,8.649872,6.97551,6.66605,8.132535,4.896845,8.481962,"EFS_G5"
"232","PARSHT",9.25007,9.153583,8.029962,6.20607,7.625859,6.085534,7.96799,5.319638,7.799925,7.848738,9.577035,8.52796,7.209186,6.496935,5.697714,6.478572,7.778036,9.011105,7.229027,7.470156,8.729961,8.864321,7.21336,8.085185,8.305564,7.517582,7.262058,7.793638,5.161656,8.578115,"EFS_G5"
"233","PARUXY",8.431334,8.620461,7.041738,6.46421,8.561857,6.849054,8.404805,5.592745,7.862947,7.562039,8.70038,9.53889,6.757409,4.691334,7.057592,6.91617,7.681344,9.57105,8.139166,8.20918,7.024098,9.800188,7.339229,7.304328,8.055914,7.010299,7.389719,7.047679,4.618385,8.683047,"EFS_G5"
"234","PARVME",8.945944,9.138973,7.508342,7.610296,8.397808,6.977246,8.448152,5.473347,7.998774,7.848602,9.384868,9.16422,7.779047,6.918219,5.75714,7.224513,7.190114,8.885,8.819391,7.591987,8.284456,9.124368,8.94412,8.437985,8.837107,7.919747,7.970262,8.388102,5.265553,8.580272,"EFS_L5"
"235","PARVRR",8.727503,8.915852,7.644534,5.836116,7.608262,5.941969,8.724491,7.110921,8.13043,7.70317,10.15792,6.699565,7.045351,5.679237,5.522314,6.456014,7.41646,9.716005,7.034753,7.370349,9.003808,10.033713,7.353858,8.049737,8.519118,7.542973,8.074168,7.897053,5.472356,8.910361,"EFS_L5"
"236","PARXLM",7.875733,7.961954,7.849812,6.287367,7.178809,6.084784,7.967228,6.947421,7.206721,7.817802,9.133769,6.93829,6.710916,5.976434,5.845176,6.364574,7.52891,8.77918,7.307663,8.169005,7.684792,9.443708,7.312184,7.354793,8.493708,7.297467,6.483597,6.865864,4.866983,8.110482,"EFS_L5"
"237","PASATK",8.143379,8.647219,9.133821,7.510098,8.230898,6.834469,8.369009,5.705733,7.601262,8.038228,9.441047,9.68272,7.876613,7.029036,5.577171,6.768518,8.054133,8.924833,8.644454,8.144509,8.374188,9.380774,8.328954,8.57478,8.76953,7.459692,7.476357,7.823113,5.711745,8.579295,"EFS_L5"
"238","PASAZJ",7.563404,8.45428,7.857981,6.496284,8.062682,5.998461,8.282443,5.008002,7.867307,8.117867,9.677575,6.706025,7.215719,6.738109,5.489405,6.468161,6.277683,8.793573,7.600521,8.4058,8.107471,9.214901,7.395791,8.52051,7.962797,7.64253,8.17893,7.794427,5.058312,7.876324,"EFS_G5"
"239","PASBEN",7.843395,8.986713,8.682088,7.325532,7.867123,6.11198,8.732219,5.935204,7.920466,8.36955,9.609717,8.63726,7.204842,6.645613,5.534998,6.739377,7.076758,9.239985,8.305025,7.799484,8.387102,8.986477,8.359132,7.636031,8.439732,7.491788,7.650604,7.712441,5.087145,8.161461,"EFS_L5"
"240","PASCKI",8.07022,8.681491,8.498456,6.567348,8.084374,6.91515,8.627693,5.581982,8.002486,8.578977,9.853701,9.6228,7.639721,6.294539,5.484538,6.987164,7.761636,9.237297,8.233409,7.731078,8.304031,8.615453,8.045561,8.600728,8.658329,7.0333,7.688941,8.388082,5.541699,8.800371,"EFS_G5"
"241","PASCLP",7.496525,8.547408,8.756308,6.418816,7.680414,6.623583,8.594991,6.609235,8.478044,8.621286,9.915244,7.27906,7.467289,7.110685,5.641233,5.939571,5.357279,9.3177,6.435666,7.887029,9.606996,8.949299,6.89848,8.245468,8.166109,7.989487,7.115037,7.79129,6.170407,9.16033,"EFS_L5"
"242","PASCUF",7.991197,8.610309,9.767794,6.308323,9.10407,5.815156,7.910601,6.418039,8.474721,6.955114,10.250206,5.928085,8.248469,7.549494,6.103961,7.004445,7.519494,9.440287,7.494998,9.216849,9.429547,9.806525,7.662788,9.051102,9.910088,7.80383,8.164129,8.312086,6.25773,8.518126,"EFS_L5"
"243","PASDZJ",6.792278,7.675131,7.204555,6.146981,6.630397,5.832626,8.280644,5.613439,7.7171,8.774263,9.627324,6.348885,6.536865,4.665335,5.612272,6.217196,6.233682,8.627707,6.700722,6.812732,6.619532,6.957685,7.038806,7.692223,7.747111,6.870849,5.760854,7.258353,4.596356,6.832241,"EFS_L5"
"244","PASFRV",8.119223,8.275412,8.357663,6.391129,8.329822,7.104594,8.453153,5.326185,7.80897,8.921628,10.138434,8.86972,7.955898,6.075113,5.54887,6.627396,7.391728,9.182895,7.967314,7.989605,8.507327,8.297964,8.405185,8.612146,9.279734,7.819373,7.281457,7.914816,5.707565,8.422877,"EFS_L5"
"245","PASGPY",8.977404,8.339596,8.002593,6.148708,8.432406,6.679359,8.312582,8.367659,8.983431,8.088795,10.048231,7.138335,8.900624,8.705236,5.81171,6.915027,7.659625,9.068055,8.999274,9.508216,9.600853,9.539081,7.136793,8.082905,9.21256,8.369203,8.723382,7.619385,5.905533,9.802368,"EFS_L5"
"246","PASJRT",7.26935,8.598938,8.466399,6.001957,7.453792,6.355998,8.571639,4.890719,8.013145,8.022987,9.519314,5.543435,5.473177,5.652664,5.6409,6.04522,5.758577,9.803422,6.578596,6.980647,8.423357,9.15584,6.988553,8.24729,8.587713,7.679138,7.800485,7.493055,5.193128,8.577605,"EFS_L5"
"247","PASJYB",8.032428,8.580267,8.307093,5.88679,7.637808,6.421293,8.346984,5.17638,7.887955,8.187884,10.516062,8.611255,7.420969,6.373212,5.572856,6.152304,7.850617,9.825425,6.745131,7.375524,8.72775,8.490439,7.309984,8.991229,8.843435,7.780338,7.424026,7.687685,5.876274,7.986282,"EFS_L5"
"248","PASKJX",8.53777,8.684752,8.037111,6.902967,7.936479,6.744797,8.861453,4.902497,8.118703,8.315191,9.299716,9.051265,8.482769,7.689179,6.076307,6.611426,6.877795,8.965695,7.821152,8.337183,9.179657,9.161322,8.402676,8.499262,9.320328,7.995,7.778439,7.627161,4.920125,8.899277,"EFS_L5"
"249","PASLGS",8.01255,8.565198,8.183212,5.888145,7.26118,6.293991,8.646858,6.000352,8.302091,8.23335,10.346116,6.99361,8.301451,6.25535,5.453667,6.935765,7.422145,8.74457,6.883949,8.989079,8.84048,8.028859,8.099893,9.027404,8.501795,8.199708,8.499535,8.440556,5.682402,8.966028,"EFS_L5"
