"","Row.names","CDC42","CRK","EFNB2","EFNB3","EPHB3","GRB7","GRIA1","ITSN1","KALRN","KRAS","MAP2K1","MAP4K4","MAPK1","NRAS","PAK1","PIK3R1","PTK2","RAP1A","RAP1B","RASA1","SHC1","SYNJ1","WASL","EFS_fct"
"1","PAAPFA",9.102997,8.719774,8.575929,7.368981,7.353915,7.14634,7.026222,7.442002,7.626511,8.342479,8.285188,8.696084,9.047032,9.452222,7.198904,8.692898,8.793864,7.148054,7.974787,8.04774,8.99062,8.06344,8.256673,"EFS_L5"
"2","PACLJN",9.319133,8.976338,8.584382,8.09143,7.722451,7.20085,8.885162,8.131527,7.890692,8.536143,8.631856,9.306966,9.316462,10.007726,8.551904,9.308134,8.974116,7.672999,7.899706,8.446367,8.860373,8.218295,9.012462,"EFS_G5"
"4","PACRYY",9.507686,8.875159,9.066329,7.446257,7.35014,6.49964,8.983135,7.629483,7.850248,8.888948,8.142311,9.244481,9.110128,9.748925,8.837453,8.417528,8.960199,7.587662,8.356414,8.232843,8.415586,8.026349,9.066704,"EFS_G5"
"5","PACRZM",9.240843,8.911692,8.000234,7.744571,7.540946,7.38362,7.733885,7.775451,7.491709,8.439522,8.21954,8.933318,8.898156,9.755069,8.528366,8.446739,8.91805,7.687169,8.150214,8.096658,9.900543,7.902783,8.939693,"EFS_L5"
"6","PACSNL",9.638397,9.488394,8.001387,7.283126,6.456547,6.11799,7.751636,8.128466,7.788658,8.910674,8.915456,8.866341,9.221039,10.238441,8.788511,8.978921,9.03101,7.92285,8.493704,8.800493,9.113205,8.174422,8.67793,"EFS_L5"
"7","PACSSR",7.363243,7.947149,6.214178,6.273382,6.569197,6.36011,6.714248,6.927119,7.254712,6.277197,7.149641,8.922806,7.343894,7.566955,7.437722,7.827384,8.263926,5.779472,5.724641,6.854778,7.522619,7.225797,7.256468,"EFS_L5"
"8","PACUGP",8.648961,9.128583,8.522073,7.048305,6.371584,6.63268,7.150011,7.834416,8.163898,8.149058,8.020578,8.909239,8.668985,10.037256,8.343305,7.836152,8.728627,7.332037,7.76882,8.500755,8.062859,7.750903,8.44721,"EFS_L5"
"9","PACVNB",9.367681,8.487687,8.146734,7.178575,7.047453,6.9952,8.92374,8.041157,8.328393,8.005192,7.991938,9.203773,9.125372,9.276275,8.338765,7.649989,8.700155,7.300256,7.896656,7.912112,7.70492,8.06313,8.458076,"EFS_L5"
"10","PACYGY",8.844611,8.651862,8.800528,7.01439,6.65671,5.8896,7.365724,6.923376,7.17976,8.13793,8.235067,8.190983,8.880235,9.180075,7.735592,8.503508,8.833034,6.634422,7.76636,7.47544,9.085216,7.206052,8.161033,"EFS_L5"
"11","PACZPX",9.06889,8.496811,7.318061,6.117717,6.150261,6.91847,4.7218,7.207509,8.26696,7.907854,7.484027,8.869991,8.115988,8.976878,7.830395,8.769315,8.655345,7.25228,7.70529,8.529405,8.296657,7.305601,8.521934,"EFS_G5"
"12","PADENF",9.709414,8.497662,8.587404,7.507373,7.778801,7.05843,9.082958,7.897232,8.933062,8.733896,8.182863,9.083712,9.710882,9.929457,7.704985,8.135089,9.024757,7.823618,7.999476,8.683709,9.122635,8.386958,8.985008,"EFS_G5"
"13","PADFLI",8.924476,8.468143,7.693549,6.646532,6.285274,6.67879,9.183039,7.840817,7.189591,8.370815,7.944091,9.047932,8.869337,9.887398,8.661034,7.747695,8.830797,7.278636,7.849576,8.03583,8.018471,8.103854,8.013278,"EFS_G5"
"14","PADHWC",9.38976,8.557552,7.096692,7.536118,6.862219,6.61256,6.714557,7.884439,7.252205,7.656543,8.301426,8.311452,9.005037,9.09137,7.845383,8.749976,8.945518,7.970069,8.216703,8.168944,8.384349,8.389876,8.593857,"EFS_L5"
"15","PADIEY",8.806268,8.274499,8.624182,7.659635,8.597383,6.31187,5.946284,8.409165,8.181901,8.264957,7.527276,8.474422,8.940115,9.348763,7.463393,7.570168,8.803672,6.263714,7.193711,8.018928,8.925469,7.931119,8.579549,"EFS_G5"
"16","PADIHC",9.21027,8.942299,7.257732,7.684639,8.216146,6.80993,7.171805,7.165284,8.03809,8.270802,8.59936,8.964712,8.959667,9.648406,8.081741,9.353466,8.957463,6.503785,7.57085,8.000215,9.282732,7.019534,8.734344,"EFS_L5"
"17","PADINC",9.191483,8.296526,7.210341,6.595625,6.556136,6.82238,4.61904,7.697448,8.086071,8.188769,7.839093,8.733802,9.054325,9.332141,7.996239,8.873105,8.782932,7.367721,8.059601,8.264638,9.369847,8.095048,8.653737,"EFS_L5"
"18","PADIRB",8.585304,9.363925,8.402945,7.861956,7.015208,6.59925,8.005337,7.783307,7.444125,8.588973,8.198234,8.684888,9.38643,10.531731,8.27906,9.606708,8.628928,7.455314,8.212253,8.632401,9.186815,8.444811,9.207612,"EFS_L5"
"19","PADKFS",9.544141,8.414181,8.435267,7.125218,7.285617,6.92613,8.10823,7.627328,8.093259,7.836278,8.329566,9.021398,9.179449,9.885925,7.686637,9.172659,8.646501,7.437748,8.209205,8.086419,8.788548,8.042715,8.665559,"EFS_L5"
"20","PADKFU",9.06969,8.458141,8.274818,7.497397,7.631426,7.05683,8.87502,7.646777,7.866074,8.076348,8.407639,8.779432,8.867202,9.117947,7.325772,8.055394,8.914549,7.013356,8.211851,8.437143,8.785702,8.019382,8.36456,"EFS_G5"
"21","PADKGF",9.964546,8.955139,8.221299,6.853649,6.081377,6.88424,7.312331,7.903768,7.309254,8.249957,8.793524,8.45638,9.180459,9.90579,8.055283,8.83285,9.033522,8.52831,9.423034,8.420239,8.641171,7.95059,8.189134,"EFS_G5"
"22","PADKNE",9.280286,8.42733,8.751517,7.4845,6.561328,6.62338,7.400229,8.087912,7.44689,9.046714,8.170636,8.513726,9.514046,9.802161,7.558558,8.461012,8.781934,7.14527,7.844457,8.247823,8.440948,8.110067,8.984659,"EFS_L5"
"23","PADKRU",8.459191,8.740099,7.959883,7.631935,6.828844,6.17668,7.22499,7.4672,7.874084,7.513814,7.465389,8.479397,8.82336,8.978688,6.893608,7.597394,8.585822,7.135505,7.325703,7.218682,8.248425,7.151413,8.087783,"EFS_L5"
"24","PADKVV",9.300851,8.212836,8.016884,6.970685,7.100986,6.58911,7.074332,7.479612,7.639068,7.866187,8.245276,8.866619,8.8273,9.153013,7.500375,8.6969,8.46435,7.581575,8.539971,7.990241,8.376877,7.806275,8.193197,"EFS_L5"
"25","PADKXS",9.205499,8.75668,7.368228,7.034738,6.810487,7.18503,7.368464,7.414315,7.249496,8.436412,8.444679,8.630545,8.869374,9.471932,7.779571,9.078579,8.778096,7.588864,11.08787,8.176471,9.44386,7.95763,8.506067,"EFS_L5"
"26","PADKYP",9.422833,8.748627,8.11271,6.567594,6.394826,6.73168,7.394253,7.680012,6.734015,7.934407,8.44932,7.910634,8.696849,9.489293,7.454135,8.006283,8.637194,7.981508,8.571076,7.876593,8.726343,7.345815,8.160047,"EFS_L5"
"27","PADLDA",9.566143,8.621252,7.407452,7.411025,6.709522,6.42577,6.374592,7.030763,6.339374,8.139342,8.49107,7.760166,8.690289,9.319292,7.599429,7.975817,8.235783,8.040944,8.766937,7.759489,9.17113,7.349511,8.006235,"EFS_L5"
"28","PADLDT",8.493804,8.563757,8.731444,7.522837,6.320864,6.86645,6.515787,7.957643,7.562185,7.611998,7.918604,8.951227,8.556793,9.281062,7.885418,8.072714,8.580707,6.470818,7.308021,7.574233,8.592916,7.128967,8.222519,"EFS_L5"
"29","PADLES",9.927755,8.769411,7.815502,7.250047,7.884115,6.70736,6.086188,8.010228,8.090925,8.44162,8.091491,9.151844,9.264862,9.868875,7.945081,9.088734,8.924357,7.712579,8.730683,8.334541,9.837578,8.517081,8.890659,"EFS_L5"
"30","PADLIC",9.14697,8.381342,8.078026,7.524484,6.960088,6.66094,8.574775,7.335162,7.953488,7.855881,7.977773,8.316967,8.683334,9.440243,7.158572,8.589663,8.609128,6.996827,7.991886,7.841014,9.276066,7.849511,8.351417,"EFS_G5"
"31","PADLJN",9.371836,8.444568,8.702768,7.574927,7.138982,6.57097,8.271263,7.811757,7.798452,7.710333,7.983618,8.86595,8.837328,9.388781,7.587558,8.693142,8.527374,6.389947,7.833501,7.586294,8.653118,7.773116,8.419408,"EFS_L5"
"32","PADLKJ",9.078975,8.783119,7.797251,6.890765,6.526136,6.25983,7.937229,8.021094,7.536685,7.976204,8.154178,9.31824,9.010937,9.235748,8.135902,8.301696,8.82065,7.706965,8.113473,8.314551,8.957515,7.784536,8.382888,"EFS_L5"
"33","PADLNM",9.295875,8.350089,7.724115,6.807685,6.261755,6.34116,6.670179,8.436136,8.279222,8.677093,7.439631,9.151319,9.493515,9.236563,8.507385,8.065749,9.081388,7.330822,7.975964,8.979722,8.484602,8.227482,8.586556,"EFS_L5"
"34","PADLPR",8.444855,8.581627,7.452285,7.585195,6.539694,5.84657,7.707612,6.989195,7.862326,7.863781,7.307134,8.395127,8.299823,9.775777,7.759284,8.207594,8.782345,6.879123,7.269024,7.655122,8.814874,7.463004,8.365391,"EFS_L5"
"35","PADLPZ",8.519922,8.346491,8.795371,8.111745,7.211285,7.02813,7.739204,7.861417,7.547524,8.266906,7.712133,8.726673,9.056974,9.244236,8.300444,9.059684,9.28219,6.553163,7.456164,7.761084,9.259705,8.26558,8.398593,"EFS_L5"
"36","PADLTD",8.635257,8.275321,6.594773,7.086845,6.260082,6.2015,8.165353,7.776117,7.625557,7.861906,7.667974,8.910545,8.238311,8.643683,8.047551,8.527864,8.929493,6.274196,7.321197,8.323491,8.372832,7.730699,8.283545,"EFS_L5"
"37","PADMGA",9.844926,8.95132,7.838697,6.73335,6.829448,7.52994,6.070866,7.704422,6.634435,7.87588,8.635237,8.77745,9.028741,9.262152,8.485404,9.006754,8.787076,8.581683,8.829164,8.172287,8.600714,8.197045,8.578502,"EFS_L5"
"38","PADMTD",9.238452,8.989567,7.779173,7.416511,6.057269,6.52837,5.54537,7.510381,7.684641,8.747148,7.643502,9.665363,9.068584,10.160317,8.5605,8.752241,8.880715,7.774121,8.62474,8.285174,7.699383,8.104915,8.895906,"EFS_L5"
"39","PADMVB",8.540513,8.211733,8.277573,7.320342,6.554953,7.16943,7.792175,7.471281,7.63111,6.709647,7.343761,8.524705,8.614319,9.119291,6.764825,7.854515,8.331716,6.191066,7.598885,7.403926,8.398936,7.283171,8.199421,"EFS_L5"
"40","PADMXD",9.18229,8.809082,7.631439,6.964099,6.467505,6.55947,7.694529,8.058401,7.603486,8.897141,8.310664,9.309874,9.204841,9.347675,8.156187,8.465562,9.074833,7.607223,8.187794,8.715502,8.421942,7.95112,8.574125,"EFS_L5"
"41","PADMYD",9.306727,9.236909,7.797097,7.654458,6.645205,6.68414,7.062195,7.483729,7.269824,8.065341,8.208092,8.517934,8.887963,9.8351,7.621192,8.322081,8.604989,7.374353,8.557211,8.189828,8.942335,8.478695,8.187608,"EFS_L5"
"42","PADNFT",9.462702,8.434401,8.303001,7.147991,7.135253,6.29904,7.699701,7.822722,7.865973,8.370405,8.377641,8.731562,8.900504,9.770579,7.497583,8.204652,8.86702,7.203782,8.111513,8.387924,8.865683,8.279005,8.434915,"EFS_L5"
"43","PADNNX",9.316987,8.502014,7.642396,7.301599,6.812575,5.84011,8.312335,7.86468,8.307807,8.158611,8.164091,9.130927,8.933391,9.354923,7.873063,9.397616,8.830296,7.374854,8.188539,8.426758,9.383172,7.948819,8.228714,"EFS_L5"
"44","PADNXC",8.794851,8.892005,8.058731,6.670282,6.626953,6.38301,8.102436,7.815743,7.205022,8.256136,8.140719,9.154691,8.817937,9.376686,8.153887,8.677586,8.894201,7.117316,7.97098,8.439265,8.298165,7.278472,8.18287,"EFS_L5"
"45","PADPCI",9.665419,8.675348,8.807817,7.952643,7.321339,6.28155,8.912841,8.335046,8.367446,8.519356,8.497132,9.360331,9.444054,10.169342,7.458041,8.744799,8.783792,7.533651,8.477449,8.708675,9.805031,7.649863,8.744306,"EFS_L5"
"46","PADPEY",8.507318,8.165735,6.954858,6.717234,6.304971,7.19044,7.658805,7.668847,7.893503,7.347157,7.427453,9.022901,7.902503,8.517125,7.83941,7.783018,8.720938,6.414498,6.51956,7.724336,8.142984,7.16681,8.062002,"EFS_G5"
"47","PADPHP",9.454582,9.265867,8.793464,6.971322,7.038226,6.98242,7.056078,7.500442,7.460267,8.137266,8.340215,8.969003,8.96569,9.830065,8.019507,9.738682,8.619006,7.229705,8.026562,8.308063,9.00675,7.982324,8.381659,"EFS_L5"
"48","PADPMU",9.07365,8.965207,8.518567,7.971258,8.09383,6.85516,8.148881,7.788757,7.821611,7.974661,8.083553,8.774769,8.854999,9.426765,7.931501,8.411241,8.385729,6.952338,7.97644,7.743232,9.252603,8.181215,8.518156,"EFS_L5"
"49","PADPRJ",9.431139,8.55852,9.664451,8.202537,7.479158,6.56568,7.980687,7.766515,7.88818,8.299193,8.184047,8.835839,8.928751,9.861445,7.74865,8.959881,8.790098,7.165341,8.050144,8.3354,8.833017,8.254204,8.599464,"EFS_L5"
"50","PADRYN",7.406239,7.904425,6.185808,6.954965,6.513666,7.58646,6.23209,6.52187,7.458602,7.203951,7.193751,8.220224,7.448038,7.977278,7.15697,7.008784,8.2678,5.642217,5.778883,7.327041,7.341557,5.699965,7.780614,"EFS_L5"
"51","PADSEC",9.497368,8.508428,8.388043,7.989484,6.796243,6.32797,8.65749,7.428656,7.75632,8.714528,8.360214,8.521498,9.625199,9.668146,7.267251,8.621654,8.744091,7.499884,8.714638,8.398512,8.693811,8.070188,8.946401,"EFS_L5"
"52","PADSMF",8.956871,8.512256,8.272331,7.270376,8.037175,6.0714,8.270256,7.849387,7.913276,7.974991,8.072889,8.690713,8.878412,9.310534,7.350386,8.332364,8.445432,6.814748,7.369187,7.996773,8.752383,8.063585,8.254391,"EFS_G5"
"53","PADSXE",9.675424,8.563882,9.545828,7.942027,7.145685,6.76336,8.701805,7.92321,8.090169,8.440712,8.385446,8.253292,9.286784,9.847298,8.02599,8.612043,8.953123,7.60444,8.466623,8.393437,8.509054,8.289981,8.56936,"EFS_G5"
"54","PADSXU",9.090387,9.306398,8.312064,7.257972,7.025012,6.29761,6.986666,8.252471,7.409465,8.293009,8.618624,8.518868,9.244703,9.709991,8.493723,9.233486,9.001204,7.798263,8.542341,8.353349,9.388107,8.191006,8.020853,"EFS_L5"
"55","PADTCU",8.980755,8.232371,8.112229,7.756021,6.99288,7.15518,8.214088,7.412341,7.441806,7.598317,7.532036,8.315215,8.703444,9.006541,7.538927,8.058632,8.240416,6.749511,7.193491,7.339285,7.979348,7.679685,7.899989,"EFS_L5"
"56","PADTJJ",8.597849,8.364097,7.933453,6.321842,6.038129,6.81857,8.307923,7.975837,8.337881,8.072222,7.808574,9.310071,8.652959,9.269134,8.555682,8.22798,9.064311,6.992135,7.535113,8.270311,7.768585,7.912983,8.256168,"EFS_G5"
"57","PADTRV",9.249795,8.471217,7.926005,7.210887,6.2708,7.0087,8.712469,8.185173,8.567365,7.26526,7.49267,9.432209,8.438648,9.054388,8.488451,8.985503,9.313869,6.724633,7.205659,8.167226,8.052745,7.847542,7.775194,"EFS_G5"
"58","PADUKP",7.963138,7.934099,6.588497,7.353489,6.159309,6.60521,5.585031,7.420247,6.72618,7.696869,8.386521,7.841297,8.445777,9.585622,8.190195,8.40561,8.111847,6.866626,7.047827,7.745486,9.953892,7.251324,8.398529,"EFS_L5"
"59","PADUWR",9.581727,9.197813,7.991576,7.715802,5.970239,5.95584,7.9013,8.289843,7.957029,9.008784,8.811261,8.771471,9.741301,9.258208,8.737624,9.476678,9.280611,7.761224,8.763304,8.657495,8.789475,8.174299,8.703984,"EFS_G5"
"60","PADUYJ",8.550957,8.514228,6.081606,7.242025,6.238693,6.35914,7.942152,7.853627,7.605325,8.335114,7.241491,9.063563,8.730343,9.087074,8.006785,8.644463,9.011414,6.541655,7.41395,8.477113,8.271617,7.875915,8.377897,"EFS_L5"
"61","PADVSN",8.733221,7.741175,8.816157,7.726972,7.825762,6.47929,7.533585,7.389294,7.651875,6.472334,7.056956,8.423848,8.539825,8.337834,7.829356,7.339002,8.517423,5.500796,6.836381,7.410848,9.392748,7.124422,8.423484,"EFS_G5"
"62","PADVWW",9.451785,8.528675,7.976271,7.2056,6.955183,6.21976,7.232105,7.839957,8.139943,9.087301,8.330497,8.656542,8.744506,9.854885,7.698509,9.314224,8.848487,7.134136,8.609493,8.557989,8.961995,8.547745,8.795716,"EFS_G5"
"63","PADWEN",9.222669,8.716814,5.998181,6.540932,6.175471,7.58867,5.310427,7.536958,8.023232,8.068163,8.004359,9.226789,8.635085,8.924183,8.780451,8.339718,9.308577,6.730005,7.289742,8.6205,7.561134,8.237641,8.49534,"EFS_L5"
"64","PADWIM",9.403553,8.815441,7.611958,7.262195,6.771034,6.73967,8.481724,7.326352,7.418311,7.870178,8.242574,8.127599,8.878287,9.185241,7.397535,8.93276,8.730006,7.015619,8.072055,8.349641,8.699706,7.989289,8.60939,"EFS_L5"
"65","PADWSM",9.564889,8.947277,9.134838,7.62303,7.89669,6.30219,8.073811,8.095591,7.642622,8.516574,8.505796,9.063815,10.134316,9.93307,8.303671,9.565572,9.142577,7.377679,8.454498,8.523877,9.140429,8.253152,9.090697,"EFS_G5"
"66","PADWVR",9.713835,8.481656,8.291908,7.378635,7.105178,6.91674,7.745516,7.128132,7.36915,7.657975,7.885218,8.204246,8.541207,10.154188,7.448525,9.046068,8.729107,7.399004,7.760649,8.349432,9.067822,7.678106,8.163262,"EFS_G5"
"67","PADXAS",9.322225,8.425828,8.850472,7.750491,7.207285,6.23747,8.29003,7.743372,8.045309,7.883592,8.400657,8.944274,8.742729,9.704755,7.431817,8.714195,8.952515,7.262358,7.835337,7.904173,8.099915,8.017854,8.221836,"EFS_G5"
"68","PADXBB",8.579809,8.007681,7.558063,6.898839,6.721934,6.56791,5.8925,6.87779,6.302905,6.541148,7.459692,7.462424,8.045975,7.854367,6.78649,7.76581,8.089356,6.576587,6.769814,6.498974,8.648001,6.517647,7.858312,"EFS_L5"
"69","PAIDJS",9.099817,8.981674,7.625439,7.847287,6.775911,6.64329,8.767458,7.532874,7.699654,8.112483,7.674152,9.08997,9.054107,9.399267,8.058639,9.935598,8.789021,7.026205,7.795951,8.291484,8.801699,7.77201,8.298518,"EFS_G5"
"70","PAIEIF",9.82421,9.118155,7.687676,7.819371,6.377044,6.16645,8.808414,7.871375,7.327837,8.280273,8.587451,8.47485,9.165394,9.599124,8.120144,9.920556,8.716763,7.565865,8.31284,8.84893,8.694699,8.881834,8.864851,"EFS_L5"
"71","PAILZJ",9.742716,8.600388,8.520021,7.335687,7.178966,6.81557,7.074811,7.241936,7.516079,8.423488,8.584679,8.849315,9.168074,9.715446,7.508063,9.480736,8.853558,7.460702,9.11394,7.879471,8.551042,7.862596,8.368439,"EFS_L5"
"72","PAIMDS",9.37208,8.817962,8.561486,8.050662,7.140877,6.84506,8.185225,8.015866,8.323862,8.215453,8.420471,8.426959,9.461179,9.238957,7.867178,9.458092,9.781172,7.77547,8.331284,8.672032,8.733986,8.114482,9.060375,"EFS_L5"
"73","PAIPGU",9.167172,8.188004,8.743529,7.880626,7.378561,6.60814,9.219617,7.284871,7.790374,8.539153,7.937038,8.750482,8.916868,9.107555,7.579012,8.317201,8.477472,7.124007,8.304599,8.235628,9.077029,7.829645,8.630895,"EFS_L5"
"74","PAIPUD",9.488483,8.553719,8.267731,7.603355,7.804582,7.40177,7.867016,8.089326,8.762442,8.26978,7.896661,9.337332,8.88762,9.53687,7.866815,9.45007,9.00145,7.553934,8.055386,8.471781,8.412349,8.131373,8.476173,"EFS_G5"
"75","PAIRDP",9.108469,8.063911,7.411594,6.488802,6.73532,6.44903,7.857194,7.458219,7.668346,8.061591,7.631779,9.017679,8.595618,8.953971,7.9267,8.39992,8.897739,6.852352,7.587579,8.271096,8.540236,7.818732,8.398159,"EFS_L5"
"76","PAIRIK",8.953384,8.543933,8.146993,7.476818,7.243984,6.84274,8.328957,7.637206,8.389557,7.725074,7.970272,9.138598,8.570958,9.265092,8.198967,8.968163,8.559756,6.541134,7.161094,7.854242,8.623469,7.603364,8.245057,"EFS_G5"
"77","PAIRLN",9.485794,8.200141,8.143199,7.23481,7.4503,6.56119,7.802161,7.712167,7.808909,7.923844,8.094506,9.068697,8.592459,9.424066,7.391741,8.455116,8.906352,7.116905,8.352117,7.890126,8.42592,7.670772,8.486449,"EFS_G5"
"78","PAISNS",8.699122,8.445257,7.720304,7.022525,7.74486,6.95145,7.232071,7.38488,8.450925,8.50096,7.834233,9.00822,9.157727,9.01345,7.695427,8.820988,8.87628,6.229289,7.38334,7.822951,8.932082,8.024178,8.349968,"EFS_L5"
"79","PAITCI",8.966586,8.865207,7.941417,8.176,6.862901,6.77996,6.303144,7.753199,7.395071,8.143937,7.752936,9.074977,8.687386,9.890776,7.10581,9.090919,8.555687,6.577057,7.888256,7.621592,9.154555,7.31317,8.479449,"EFS_L5"
"80","PAITEG",9.925513,8.532857,6.874143,6.432489,6.535024,6.32018,7.784471,7.550297,7.362311,7.831648,8.886988,8.26962,8.772533,9.322874,7.760144,8.627856,8.335087,7.951584,8.832403,7.724276,8.631818,7.35776,9.012355,"EFS_L5"
"81","PAITRM",9.357307,8.350996,8.090629,7.834735,6.888445,6.65161,8.071323,7.55093,8.372911,8.105128,7.920429,8.783887,8.948843,9.39915,7.685459,8.069729,9.004905,7.091251,8.142014,8.155603,8.047445,7.194442,8.201775,"EFS_G5"
"82","PAITZV",8.972367,8.391263,7.314838,7.57266,7.288217,6.89364,8.416387,7.487903,8.020676,7.909945,7.992853,9.057749,8.070783,9.792128,7.900366,7.388728,8.848951,6.807297,7.827073,7.301967,8.828248,7.762118,8.634087,"EFS_G5"
"83","PAIUJB",8.640286,8.188546,6.437636,6.543435,6.311131,6.48171,9.302323,8.115733,8.225435,8.333689,7.277274,9.067463,8.466573,8.738188,7.948372,8.717252,8.979189,6.862451,7.310516,8.471988,7.688685,7.752063,8.071455,"EFS_L5"
"84","PAIVHE",9.451962,8.142236,7.387705,7.38126,7.038865,6.50499,7.564609,7.012461,7.228207,8.903657,8.162994,8.341576,8.671633,9.125459,7.486831,8.738336,8.74156,6.991143,8.509302,7.262299,9.251965,7.555944,8.050382,"EFS_L5"
"85","PAIVMJ",9.61676,8.782091,8.329306,7.69984,7.376111,6.70866,8.067775,7.398475,8.466024,8.609752,7.824733,9.661405,9.581963,9.349034,8.524035,9.652335,9.341513,7.627938,8.730234,8.552096,9.142791,7.69422,8.458896,"EFS_G5"
"86","PAIVZR",8.590917,8.360887,7.785837,7.072188,6.705187,7.30798,8.186715,7.3118,7.865914,8.245233,7.776042,8.907355,8.41254,9.114006,8.302123,8.010708,8.608929,6.610776,7.2718,8.322134,8.235265,7.790243,8.053083,"EFS_L5"
"87","PAIWHU",8.923554,8.657677,8.559752,8.162182,7.267047,6.68725,8.654711,7.786428,7.975909,8.183391,8.452252,9.011826,9.034113,9.382355,8.233391,8.697194,8.882916,6.467252,7.56035,8.371844,8.5973,8.321412,8.27232,"EFS_G5"
"88","PAIWVG",8.899483,8.352066,8.252009,7.532593,7.131032,7.43518,7.952679,7.413445,7.540624,7.761389,7.768124,8.664788,8.332884,9.135361,6.886099,8.047182,8.475687,6.392428,7.62541,7.044245,8.539879,7.315306,8.021144,"EFS_L5"
"89","PAIXLC",9.385813,8.631227,7.639788,7.067392,7.311346,6.8162,8.041474,8.081734,8.418189,7.850112,8.021587,9.485932,8.859082,9.365011,8.199876,10.001395,8.867815,7.205714,8.108738,8.458815,9.753324,8.024253,8.419041,"EFS_G5"
"90","PAIXNG",8.26105,8.493149,6.951491,7.162813,8.479709,6.91435,4.832299,7.483628,7.027114,7.632574,7.652591,8.588008,8.476021,9.816944,8.719317,7.07076,8.882707,5.42218,7.597528,8.204456,8.708351,5.534126,8.109402,"EFS_L5"
"92","PAJYHP",9.254162,7.976256,8.169435,7.082444,6.551187,6.92636,8.577459,7.811495,7.995457,8.093799,7.80851,8.998774,8.772819,9.471005,7.624341,7.479534,8.486184,7.444412,7.934434,8.102232,7.933082,8.023115,8.568272,"EFS_L5"
"93","PAJYLA",9.675719,8.891802,7.918327,7.085757,6.616333,6.21466,7.106443,7.415352,7.322727,7.725448,8.162972,8.601606,8.47883,9.518262,6.897354,8.138767,8.593418,7.503382,8.25288,7.838843,9.10218,7.547201,8.431217,"EFS_L5"
"94","PAJYVA",8.307485,8.31726,7.604434,7.032363,6.55403,7.1313,7.678375,8.006652,7.726461,7.727176,7.609136,9.044422,8.204953,8.661789,7.643956,7.711403,9.023845,6.052968,7.272406,8.332532,8.659953,7.755743,7.872979,"EFS_L5"
"95","PAJZUU",8.345171,8.524697,5.80726,7.673185,6.301785,6.76962,5.459137,7.406914,6.649509,6.840601,8.08739,9.308982,8.170097,9.149188,8.142269,6.520632,8.423356,6.073375,6.800556,7.181926,8.912995,6.766165,8.511078,"EFS_L5"
"96","PAJZWL",8.823472,8.675526,8.473666,7.23758,7.200203,6.75183,7.737624,7.761078,8.02378,8.178456,7.56361,8.717412,9.320539,9.285579,7.975579,8.598417,9.119772,6.577878,7.466899,7.532006,9.127266,7.819847,8.265475,"EFS_L5"
"97","PAKACY",8.639376,8.303562,6.466824,6.849019,6.229351,6.58503,7.680358,8.039335,7.85026,7.76411,7.591226,9.045692,8.161571,8.59925,7.957646,7.738087,8.854161,6.792229,7.03911,8.946059,7.904586,8.01504,8.201193,"EFS_L5"
"98","PAKADI",9.426034,8.435613,8.234393,7.710743,8.069888,7.02214,8.406487,8.196632,8.65623,8.162234,8.087598,8.986744,9.172044,9.474779,7.766615,8.491354,8.906962,7.313863,8.331206,8.576438,8.156711,8.298499,9.263666,"EFS_L5"
"99","PAKAFK",8.634892,8.825419,7.938502,7.134118,8.237766,7.22653,6.427517,8.053772,8.189877,8.821786,8.357277,8.955597,9.274816,9.874355,8.385095,9.365447,8.390518,7.248763,8.450877,8.343668,9.535797,8.029964,9.01246,"EFS_G5"
"100","PAKANZ",9.108967,8.563706,8.475904,7.076511,6.905599,6.66297,6.646979,6.927402,8.963323,7.906218,7.690302,9.11933,8.833142,9.228369,7.266371,8.936336,8.885992,7.115442,7.890136,7.409975,8.09675,7.743359,8.30885,"EFS_L5"
"101","PAKDHL",9.28256,8.406663,7.863929,7.312635,7.343206,6.8931,5.961756,7.590209,8.685475,8.517556,7.340634,8.893614,8.872498,9.732365,8.185349,8.690272,8.06745,7.296214,7.742427,8.293875,9.962836,7.750969,8.83216,"EFS_L5"
"102","PAKGCI",9.122487,9.128087,7.693969,7.811968,7.120982,6.55974,8.320337,7.659452,8.237063,8.372032,8.056129,9.207764,9.238032,9.425108,8.422854,9.953679,8.699329,7.111525,7.983045,8.546106,9.095404,8.093119,8.47773,"EFS_G5"
"103","PAKGKH",9.435272,8.802377,9.407252,8.429119,7.919764,5.84847,8.117725,7.961382,7.661402,8.07807,8.600261,8.974271,9.311922,9.950793,7.790795,9.26457,8.275886,7.301062,8.071313,7.731208,9.612615,8.151734,8.466552,"EFS_L5"
"104","PAKGMY",8.260216,8.21216,7.947561,6.951429,6.598768,6.85912,7.398679,7.296292,7.188008,6.802734,7.532633,9.10341,7.883623,8.725509,7.894771,7.662388,8.250327,6.451924,6.569835,7.767678,8.320442,7.004096,8.047077,"EFS_L5"
"105","PAKHAV",9.478577,9.17051,8.532322,8.689819,7.520973,5.87332,7.948648,7.676654,7.31317,8.852409,8.498773,8.921008,9.268628,9.978238,8.92898,9.180549,8.679417,7.385629,8.398867,7.879256,8.823032,8.089297,8.883374,"EFS_L5"
"106","PAKINP",9.367313,8.988274,8.545729,8.422629,7.351593,6.74803,8.527161,8.066671,8.18503,8.415976,8.221396,9.319088,8.973527,9.582137,8.420714,9.52801,9.146173,7.333434,7.968966,9.030642,8.844062,8.572204,8.650705,"EFS_G5"
"107","PAKJBA",9.580608,9.236028,8.358598,7.477115,6.891521,6.61649,5.267718,7.863848,7.594,8.566055,8.282513,9.753452,9.516435,9.819258,8.332954,9.277934,8.745205,7.36079,8.225583,8.113253,9.021233,8.277173,9.035305,"EFS_G5"
"108","PAKSWB",9.488237,8.965529,8.091985,7.790958,7.003856,6.58711,8.666643,7.935131,8.030443,8.522067,7.686681,9.526809,9.06965,9.66773,7.856312,9.502184,9.215542,7.520742,7.801155,8.61218,9.782823,8.018809,8.420728,"EFS_G5"
"109","PAKUXT",9.667109,8.515264,7.685454,8.034098,7.974414,6.69539,8.23497,7.971411,8.363358,7.970233,8.208991,9.106943,9.389166,9.785419,7.950259,9.817123,9.217261,7.087101,8.219488,8.347175,9.85508,8.391728,8.706273,"EFS_L5"
"110","PAKWCJ",9.042193,8.617538,8.155207,7.786053,7.834371,6.86832,8.447942,7.226746,7.786936,7.852973,8.234471,9.121401,8.724014,9.447412,8.081415,9.458015,8.644227,6.697928,7.643763,8.123445,8.752174,7.855564,8.407121,"EFS_G5"
"111","PAKXDZ",8.946553,8.327792,7.58818,7.179647,6.611856,6.63812,8.928498,7.655286,7.650312,7.759945,7.576969,8.976544,8.349815,8.847586,7.839815,8.010369,8.724142,6.854455,7.526199,8.531943,8.602005,7.155836,8.219293,"EFS_L5"
"112","PAKYZS",9.039668,8.453142,7.63266,7.762477,6.690345,6.29087,7.654979,7.707972,7.361108,7.750024,8.402067,8.179111,9.06465,8.935361,7.61844,9.092322,8.895885,6.955928,7.117565,7.455858,8.23696,8.226789,8.602089,"EFS_L5"
"113","PALAWZ",9.778958,8.894547,7.507103,7.437748,6.91042,6.75891,7.910976,7.4197,7.59731,8.604747,8.74518,9.268398,9.00589,9.916696,8.378509,8.552663,9.012659,7.678318,8.838548,7.628063,8.883921,8.063478,8.546535,"EFS_L5"
"114","PALBFV",8.72297,8.930874,8.158978,7.160342,6.152189,6.46253,5.990303,8.268394,7.408786,8.580247,7.828186,9.169993,8.652461,9.612453,7.823803,8.040732,8.267985,6.773967,8.071596,8.410195,7.969918,7.521038,8.238564,"EFS_L5"
"115","PALBFW",9.499262,8.605379,8.31105,8.364146,7.102685,6.24954,7.582791,7.959611,8.278312,8.56183,8.182901,8.82467,9.224384,9.513273,7.749806,9.867669,9.312265,7.543765,8.319289,8.373406,8.856845,8.403488,8.821727,"EFS_L5"
"116","PALEAC",9.275603,9.123678,8.153291,8.153468,6.970345,6.7998,7.59325,7.749721,7.966418,8.650881,7.821689,9.331392,9.087593,9.77394,7.945294,9.381155,8.843324,7.202697,8.197198,8.268642,9.041393,8.298975,8.555272,"EFS_G5"
"117","PALEBK",9.489796,8.630163,8.450799,7.233832,7.093815,6.58736,8.252071,8.104427,8.001842,8.068968,8.048391,9.390478,9.441745,9.582056,8.282331,9.852614,9.118814,7.312241,7.86938,8.442523,9.629175,8.350477,8.449296,"EFS_G5"
"118","PALETP",9.398117,8.381733,7.884444,7.681347,6.527903,7.11491,9.115345,7.952135,7.901565,7.676944,7.727339,9.324792,8.724346,9.952614,7.582667,7.452319,8.603929,7.442447,7.903695,8.179551,8.413077,7.983536,8.231523,"EFS_L5"
"119","PALFRE",9.030723,8.519244,7.054148,7.390009,7.083969,6.49722,6.758398,7.115099,7.19032,8.021223,8.248776,8.499474,9.079194,8.909436,7.982729,9.282235,7.931435,7.586671,8.438949,8.027873,8.502267,7.675489,8.272515,"EFS_L5"
"120","PALFSE",9.812137,9.168982,8.358376,7.804575,6.925084,6.66039,7.284946,8.162606,7.554462,8.723507,8.891413,9.259407,9.55443,9.675165,8.906837,10.306227,8.8027,8.340745,9.149407,8.803385,9.162872,8.300174,9.052348,"EFS_G5"
"121","PALGFF",9.161864,8.797058,8.129235,7.676717,6.352063,6.73609,9.259322,8.332291,7.88117,8.54207,7.944022,9.260317,9.167553,9.285719,8.360002,9.53998,8.547246,6.971011,8.096487,8.553324,8.697587,8.510261,8.469578,"EFS_L5"
"122","PALHVD",8.692498,8.443217,8.351444,7.846602,7.273565,6.71908,8.025224,7.694772,7.731413,7.592622,7.522259,8.956419,8.360432,9.440047,7.34505,8.600046,8.668972,6.341487,7.157193,7.488215,8.558679,7.846011,8.377678,"EFS_L5"
"123","PALIIN",9.277158,9.017107,8.015168,7.616277,6.726101,6.79591,6.551515,7.708142,7.656482,8.128956,7.853828,9.113301,8.688139,9.919792,7.959792,8.568444,8.773177,7.574742,8.431093,7.853729,8.836598,8.043799,8.55864,"EFS_L5"
"124","PALKKV",9.41497,8.897726,9.360596,8.220582,6.550367,7.31152,8.558079,8.523205,8.542394,8.430375,7.941298,9.161949,9.313855,9.419046,9.33427,9.199634,9.290354,7.08043,8.038492,8.235312,8.636729,8.697356,8.455164,"EFS_G5"
"125","PALKUC",9.074547,8.4541,6.854273,6.69748,7.425711,6.62365,6.774046,7.572811,6.849962,7.727273,8.012994,8.30299,8.18834,8.60112,7.062883,7.618729,8.43273,6.495664,7.64666,7.274017,8.871716,6.649209,8.199682,"EFS_G5"
"126","PALLJJ",9.584635,9.057258,8.026097,7.973567,6.645678,6.43901,7.629215,7.621504,8.139872,8.027176,9.582002,8.974251,9.451991,9.407029,8.900421,8.176102,8.037249,7.518308,7.825689,8.070535,9.606273,8.290652,9.100043,"EFS_G5"
"127","PALNFE",8.519101,8.819173,8.311897,8.01424,6.997861,6.66615,8.541025,7.763871,8.142648,8.194309,7.698492,8.931318,8.867446,9.032812,8.287919,9.270299,8.85362,6.418236,7.580723,8.493577,8.96558,8.215716,8.423764,"EFS_G5"
"128","PALNHZ",9.045077,8.440152,8.548069,6.70386,6.687639,6.88083,6.518694,8.193625,6.762121,7.668559,7.816546,9.787571,8.863132,9.354608,8.498787,7.260221,9.284446,6.720299,7.369828,7.683476,7.868703,7.790268,8.741267,"EFS_L5"
"129","PALNVP",9.528452,9.657435,8.813252,9.109676,6.530526,5.96812,7.949175,8.292549,8.000895,8.553356,8.935013,9.183074,9.360111,9.596474,8.69039,10.042348,8.55142,7.457413,8.177661,8.588337,9.103757,8.720151,8.606777,"EFS_G5"
"130","PALPIN",8.945505,8.684337,9.094184,7.611815,8.102372,6.97094,8.048898,7.887695,8.839566,7.708056,7.985493,9.570389,8.437398,9.165596,8.642882,9.682768,9.242615,6.540108,7.51432,8.328561,9.028118,8.025947,7.860581,"EFS_G5"
"131","PALPSY",8.961386,9.020726,8.176057,7.343082,7.515142,6.03378,7.598477,7.498407,8.149506,8.202464,8.20172,9.387957,9.243101,9.338363,8.287544,9.64678,8.862752,7.146136,7.692904,8.165274,9.262199,8.07225,8.445518,"EFS_G5"
"132","PALSAE",8.593557,8.520642,7.543908,6.877999,7.103807,6.42161,7.14314,7.835377,8.050938,7.485924,7.981209,8.840216,8.64078,9.389093,7.816406,9.403342,8.083574,6.566955,7.321567,7.857875,8.852655,7.3967,8.540629,"EFS_L5"
"133","PALTYB",9.94867,9.36765,8.314656,7.615712,6.63251,6.37314,8.152922,8.362187,7.643963,8.471334,9.50307,8.564577,9.828545,9.938588,9.46579,9.143133,8.666026,8.215281,8.301668,8.579863,8.078073,9.437462,9.008288,"EFS_L5"
"134","PALUDH",9.176935,8.823854,8.528943,8.045583,8.113678,6.67231,7.598527,7.804038,7.998678,8.286428,7.969617,8.809962,9.012628,9.853426,8.223607,9.281257,8.645656,6.850926,7.686613,7.985365,9.237019,7.906479,8.862083,"EFS_G5"
"135","PALUYS",8.978933,8.702362,8.623297,7.235521,7.314336,6.98971,7.258589,7.710269,7.596853,7.822234,7.911326,9.11875,8.377554,9.797295,7.197254,8.619118,8.638743,6.929046,7.670969,8.133184,8.514752,7.816257,8.501585,"EFS_L5"
"136","PALVKK",9.578372,8.659327,7.435262,7.344802,7.233658,6.25888,7.762583,7.915732,7.33695,7.730312,8.436541,8.577892,9.18009,9.549483,8.500439,9.191638,8.948358,7.527623,8.301902,8.028802,9.063774,8.106717,8.550995,"EFS_L5"
"137","PALVUC",8.927325,8.762945,8.139476,7.980259,6.790093,7.59084,8.019857,7.291834,7.97694,7.84124,7.622514,9.070702,8.913201,9.391481,7.916083,8.675864,8.979036,6.778953,7.185171,7.583255,9.20366,7.748607,8.416895,"EFS_G5"
"138","PALVVH",9.471604,8.574011,8.705399,7.877529,6.920193,7.29493,8.615873,8.081753,8.528213,8.429236,7.915,9.201533,9.283824,9.687061,8.598614,9.340315,8.978782,7.240689,8.058428,8.313058,8.750524,8.523759,8.376532,"EFS_G5"
"139","PALWBT",9.155998,8.810977,7.646956,7.088518,6.414435,6.66326,6.524682,7.370742,7.916384,7.890776,8.652803,8.373544,8.998275,9.349735,8.310911,7.928836,8.299028,7.133408,7.754263,7.617627,9.318842,8.074626,8.278102,"EFS_G5"
"140","PALWSJ",9.777182,9.503891,9.040854,7.954607,7.696772,6.41401,9.092345,7.930078,8.003785,8.380307,8.956965,9.840192,9.71211,10.127725,9.199309,9.00441,8.471039,7.403918,8.471554,8.497255,10.062614,8.298353,8.971287,"EFS_G5"
"141","PALWVJ",9.305807,8.802055,7.582514,7.304352,6.802945,6.59018,8.3638,7.857318,7.840992,8.187521,8.049245,9.075697,8.459952,9.902304,7.39669,8.608487,8.981808,6.934858,7.856822,7.765257,8.868724,8.21319,8.266298,"EFS_L5"
"142","PALWXP",9.482078,9.085743,8.599037,7.757025,6.885129,6.14656,8.889284,7.783014,8.270385,8.955746,8.429777,9.521463,9.449273,9.842883,9.078079,9.667938,9.15745,7.525657,8.552259,8.987354,9.684264,8.287718,8.518263,"EFS_G5"
"143","PALXTB",9.723524,8.366669,8.176316,8.250204,7.021658,6.29414,9.144509,8.332893,8.703332,8.897712,8.097472,9.048902,9.146581,9.796935,8.688132,9.407163,9.194074,7.638131,8.186722,8.450799,9.12515,8.623795,8.236051,"EFS_G5"
"144","PALXTE",9.325954,9.208078,8.092854,7.642717,7.741217,7.10805,8.700681,7.717689,8.245473,8.319257,7.724223,9.504765,9.154371,9.398804,8.365179,9.732764,8.808472,7.005461,7.905159,8.451126,9.301627,8.129662,8.408337,"EFS_G5"
"145","PALXUM",9.720987,8.725675,8.394353,7.972486,7.343738,7.00726,8.401244,7.887441,8.045409,8.536138,8.291045,9.328914,9.152309,9.708977,8.408726,9.605834,9.023745,7.034119,7.739153,8.473196,9.344113,8.496526,8.596683,"EFS_L5"
"146","PALYEC",9.114335,8.126311,6.691454,6.859941,6.494582,6.79074,7.498245,7.709603,7.693991,7.59115,7.46259,9.078069,8.422072,9.401503,7.929219,8.72845,8.996636,6.729593,7.54982,7.796124,9.130453,7.401334,8.167267,"EFS_L5"
"147","PALYLZ",8.953089,8.804757,8.668568,7.537026,7.723873,6.61812,8.315221,7.792325,8.000067,7.890485,7.818227,9.250941,9.043285,9.392383,8.17547,9.542822,9.03622,6.690597,7.735324,8.546713,9.160252,7.963615,8.05703,"EFS_G5"
"148","PALYPW",9.474168,8.722978,7.415389,6.956612,6.789118,6.60646,6.164572,7.850668,6.433699,7.82703,8.09752,8.494513,9.014393,8.979095,7.661102,9.535048,8.82753,7.788166,8.216206,8.185779,8.321892,8.189486,8.249879,"EFS_L5"
"149","PALZRG",8.922586,8.69027,8.091507,7.488981,6.396111,6.71512,4.982899,7.347531,7.614726,7.884995,7.859041,9.143616,8.837464,9.355128,7.939913,8.484206,8.579122,6.718027,7.708072,8.27694,8.426845,7.134031,8.309718,"EFS_L5"
"150","PALZZV",8.433478,8.819016,7.932407,7.157568,6.676298,6.58036,8.527682,7.553422,7.62991,7.545597,7.764908,9.167618,8.702118,9.086696,8.296872,7.413948,8.543492,6.632901,7.321344,8.189295,7.820561,7.615217,8.331036,"EFS_L5"
"151","PAMACS",9.320582,8.892797,8.407366,7.075036,7.152988,6.60419,8.202038,7.509232,8.405829,7.906972,8.145301,8.993016,8.664108,9.792891,7.724496,8.793022,8.801887,6.780009,7.701667,8.63126,9.239854,8.29472,8.397502,"EFS_L5"
"152","PAMAFV",9.114306,8.788548,7.637237,7.717138,7.567426,6.7471,7.665724,7.336073,7.800269,7.863944,8.080652,9.153839,9.020902,9.27014,8.066374,8.912082,8.661891,6.879748,7.581417,8.182564,9.795795,7.440657,8.353425,"EFS_G5"
"153","PAMAJT",9.048512,8.644268,8.019102,7.604764,6.420127,6.94291,8.955478,7.804026,7.502838,7.959173,7.604842,8.948686,8.893925,9.124647,7.67912,8.824888,8.921084,6.7344,7.554199,7.842223,8.981624,8.10322,8.358799,"EFS_G5"
"154","PAMBDH",7.816075,8.596848,7.426093,7.367886,6.892563,7.28333,7.27986,7.676897,7.163488,7.454413,7.591878,8.937983,8.011328,8.117357,7.634058,7.928707,8.796134,5.810722,6.391098,7.496902,7.67226,7.199321,7.944462,"EFS_G5"
"155","PAMBMJ",9.460052,8.895264,8.515589,7.254657,6.559035,6.42266,4.651253,7.84209,8.127201,8.285026,7.839787,9.18332,9.19976,9.576166,7.968085,9.326641,9.047398,7.150203,8.319264,8.296488,9.085951,8.293346,8.327978,"EFS_L5"
"156","PAMBYG",8.319061,8.274923,7.838383,6.644674,6.203012,6.17758,8.137562,8.021713,7.776171,7.677707,7.502906,9.313621,8.219553,9.293624,7.889863,7.78108,9.030276,6.747342,7.07866,8.324054,8.342175,7.925735,7.532358,"EFS_L5"
"157","PAMCXF",9.345862,8.613308,8.025942,7.402715,7.198528,7.1436,8.259104,7.258973,7.942519,7.927891,8.095256,9.173331,8.288766,9.846003,7.527307,9.077702,8.138926,7.210902,7.854459,8.797746,8.724705,7.069707,8.456845,"EFS_L5"
"158","PAMEHH",9.652596,9.101952,7.325376,7.645972,6.623674,6.30851,8.049489,8.064647,7.545444,8.369337,9.274285,8.631369,9.470897,9.814829,8.545675,8.678627,8.930491,7.933207,8.003503,8.633579,8.690134,8.152824,9.155615,"EFS_L5"
"159","PAMEZH",9.065357,8.517963,7.273823,7.797952,6.759875,7.06684,7.953023,7.922043,7.578243,7.920949,8.094456,8.734962,9.107994,9.304795,7.77285,8.81886,8.783587,7.279046,7.480365,7.854394,8.756319,8.256746,8.532078,"EFS_L5"
"160","PAMJED",8.831919,8.25477,8.747524,7.014509,6.495073,6.66077,7.277163,7.125845,7.550861,8.206029,8.238807,9.37777,8.041857,9.530616,8.366958,7.354914,8.910487,6.689383,6.938078,7.369539,8.030369,7.068519,8.254253,"EFS_L5"
"161","PAMLMY",8.414558,8.777388,7.779521,7.577768,6.796086,7.08985,7.669812,7.458312,7.834357,7.970126,7.746162,8.62355,8.805955,10.130431,9.017274,8.657762,8.450132,6.858078,7.950277,7.398803,9.098029,7.611685,8.811231,"EFS_G5"
"162","PAMLNB",9.685974,8.938937,7.834437,5.88536,6.707504,5.9697,5.166293,7.912037,7.442008,7.877476,8.274404,7.944444,9.198712,9.481715,7.547211,8.734873,9.136291,7.808898,8.818145,8.334254,8.883157,7.3553,8.725928,"EFS_G5"
"163","PAMMXF",8.725147,8.653851,7.580171,7.347348,5.853939,6.37854,7.736101,8.203291,8.263121,8.266947,7.733515,9.459274,8.750013,9.042648,8.655886,8.711494,9.301514,6.710483,7.743049,8.471312,9.205931,8.117102,8.317396,"EFS_L5"
"164","PAMMYR",9.421607,8.536929,7.763394,7.231748,6.767411,6.60738,7.623507,7.055545,7.236966,7.301229,7.951702,8.755749,8.816462,9.294254,7.603075,8.242366,8.583759,7.409502,8.179264,8.071858,8.441013,7.529718,8.006658,"EFS_L5"
"165","PAMNAL",9.435738,9.041175,8.505344,7.860714,6.625907,7.04993,7.551517,7.960999,8.140932,8.122556,8.059738,9.304157,9.22893,9.250492,8.080364,9.139236,9.252567,7.188453,8.527902,8.29135,9.932699,8.185393,8.483157,"EFS_G5"
"166","PAMNLH",8.969719,8.091939,8.457377,7.38378,8.335777,6.86162,7.145829,7.698945,8.020545,7.448228,7.82206,9.000444,8.398342,9.11146,7.145936,8.697019,8.38378,6.700902,7.693688,7.968615,9.092798,7.630813,8.418031,"EFS_L5"
"167","PAMVCL",9.10706,8.992738,8.901128,7.966731,6.921545,6.673,7.807725,7.645971,7.957528,8.016813,8.04769,8.702785,8.85995,9.644376,8.49708,8.846816,9.067037,7.279745,7.882547,8.134186,9.325186,8.259671,8.514932,"EFS_G5"
"168","PAMXWF",9.37495,8.242158,9.026925,7.316733,7.49145,7.00077,8.963056,8.034329,8.66105,8.014023,7.955522,9.385149,8.810867,9.585724,7.829005,8.389998,9.13716,6.926159,7.592747,8.051568,8.85382,8.15814,8.570777,"EFS_L5"
"169","PAMYCE",8.78415,8.097021,7.351937,7.738091,7.835389,6.84986,7.130002,7.568217,8.132998,7.280183,7.806946,8.682505,8.296649,9.045036,7.175525,7.948453,8.906893,6.430601,7.465603,7.177043,8.710341,7.864384,7.938679,"EFS_L5"
"170","PAMYVA",8.64138,8.376562,8.450705,7.63708,6.973227,6.77885,7.821296,7.660788,7.956724,7.436263,7.530673,8.873008,8.567343,9.367111,7.021178,9.130078,8.589737,6.48433,7.248028,7.728318,8.433762,7.629898,8.439023,"EFS_G5"
"171","PAMZCE",7.663235,8.444533,6.797385,6.81768,6.434839,6.82356,7.99175,7.107553,7.185939,7.151503,7.608074,8.905678,7.974736,8.07977,7.903434,7.491698,8.14063,5.946981,6.044424,7.48737,8.214029,6.950132,7.812148,"EFS_G5"
"172","PAMZMG",8.19666,8.328569,6.380289,6.652086,6.7066,7.18534,8.935028,7.833175,7.787522,7.829403,7.435403,8.836928,8.09232,8.738748,7.853344,7.7483,8.857655,6.254443,6.808075,7.505062,7.726833,7.366756,7.972069,"EFS_L5"
"173","PAMZYM",9.384072,8.283411,9.182928,7.645171,7.046191,6.87097,9.392168,7.369236,8.25359,7.951902,7.946236,9.294655,8.937912,9.536933,7.714412,7.854136,8.768536,7.391261,8.416407,8.55678,8.281815,8.096651,8.209056,"EFS_G5"
"174","PANBJH",8.957353,8.70574,8.517389,7.447035,7.389043,6.78694,9.021142,7.772296,8.202592,7.661206,7.658812,8.92014,8.430956,9.260149,7.459552,7.608693,8.561112,6.304204,6.925952,8.229495,8.492548,7.921891,8.300826,"EFS_L5"
"175","PANBMJ",9.217995,8.228949,7.314182,7.155996,6.496528,6.45075,7.244125,7.598644,7.290759,7.367237,8.195807,8.151945,8.727338,8.596065,7.619092,9.046306,8.199712,7.37575,8.001657,8.121402,8.214103,7.728329,8.606556,"EFS_L5"
"176","PANBSP",8.929303,8.945101,8.880263,7.740733,5.993688,6.64838,7.82053,8.063047,7.622023,8.555125,8.504705,8.739938,9.159376,10.012512,8.352166,7.541348,9.198249,7.409348,8.196687,8.991045,9.973214,7.885379,8.493239,"EFS_L5"
"177","PANCYF",8.917044,8.699337,6.943952,7.110711,6.336422,6.57474,6.563064,7.729323,7.774344,8.08356,7.923038,8.989712,8.699232,8.796706,8.10352,8.359108,8.737068,7.335712,8.204514,8.504506,8.305352,7.527017,8.127598,"EFS_L5"
"178","PANDHZ",9.205298,8.423252,7.988113,6.850597,7.233671,6.35241,7.159673,6.979557,7.178352,7.550974,7.847082,8.330933,8.275813,9.229471,7.187219,7.597675,8.496575,6.84444,8.003994,7.404414,8.918039,7.119473,8.085517,"EFS_L5"
"179","PANGTS",9.207297,8.363936,9.524776,7.600386,7.15341,6.78227,8.424302,8.36256,8.325089,7.991079,7.587386,9.401832,8.416774,9.813184,7.258685,7.953349,8.697755,6.954126,7.698381,8.510751,8.723762,8.494304,8.526667,"EFS_G5"
"180","PANHUA",8.918001,8.39713,8.027268,7.626031,7.586378,6.92285,7.161521,7.48729,7.746257,7.406946,7.657152,8.505483,8.484845,9.286238,7.252265,8.53579,8.616035,6.908966,7.501674,7.814047,8.23044,7.648215,8.246139,"EFS_L5"
"181","PANLSG",8.60744,8.631287,8.510217,7.039616,6.675507,6.83172,5.368771,7.458257,6.989502,7.380105,7.587482,8.366583,8.468588,9.071846,7.175192,8.79365,9.046578,6.44956,6.66077,7.887475,8.606833,7.540729,8.38912,"EFS_L5"
"182","PANNIJ",8.767119,8.426952,8.270837,6.930705,6.832935,6.54388,5.038779,7.535343,7.143775,7.608659,8.239973,9.051295,8.590026,9.460506,8.045376,7.952057,8.613548,6.564561,7.817438,8.020846,8.968796,7.668703,8.327156,"EFS_L5"
"183","PANRRW",9.281871,8.212304,8.296456,7.565839,7.951421,7.56112,8.285954,7.938431,7.741605,7.717126,8.120806,9.146841,8.86101,9.707434,7.778647,9.211593,8.811891,7.414502,8.18052,8.54354,8.959198,8.329754,8.428565,"EFS_L5"
"184","PANUKV",8.675546,8.693514,7.283971,7.062034,6.086853,6.70623,5.938499,7.898208,7.029493,8.419831,7.945324,9.436692,8.734508,9.38772,8.630596,8.634314,9.110085,6.520099,7.425562,8.449315,8.159952,7.678687,8.438276,"EFS_L5"
"185","PANUVK",9.620956,8.946154,8.214229,7.079216,7.200364,6.51178,6.376886,7.638921,7.659666,8.915572,8.793479,9.030324,9.458803,9.869409,8.238571,8.986488,9.270249,7.857872,9.315799,7.861075,9.60907,7.781051,8.583649,"EFS_G5"
"186","PANVAN",9.178452,8.456887,7.843925,6.586985,6.880958,6.89379,5.137366,7.238331,7.377554,7.688343,8.105516,8.140798,8.317097,9.239144,6.919526,7.847111,7.98493,7.165384,8.144087,7.782772,8.933745,7.213478,7.998059,"EFS_L5"
"187","PANYGR",9.020787,8.987624,8.253698,7.590415,8.072937,6.19241,6.859182,7.541982,7.742784,8.248934,8.031851,8.688387,8.766127,9.632216,7.416084,8.031693,8.644019,6.730815,7.943478,8.071245,8.487367,8.301711,8.245586,"EFS_L5"
"188","PANZHT",9.184849,8.493496,8.407492,7.496121,7.204133,7.09901,8.257849,7.55422,7.899859,7.945576,7.654419,8.610355,8.905015,9.436774,7.750822,7.859342,8.595922,7.270196,7.882276,7.621626,8.418588,7.955632,8.522845,"EFS_G5"
"189","PANZPV",9.358485,8.654603,8.367865,7.078663,6.319824,6.27048,8.457104,7.908298,8.362562,8.461923,7.961433,8.859086,9.221973,9.405673,7.450411,8.531814,8.930146,7.560856,8.175589,8.575129,8.371411,8.078204,7.941154,"EFS_L5"
"190","PAPAKS",8.08321,8.455058,7.022517,7.283749,6.724326,7.15292,5.693046,6.171138,7.55163,6.865886,7.239338,7.831564,7.867188,8.457069,6.708269,7.340639,7.478309,6.108064,5.955956,7.135754,8.601642,6.115808,8.05047,"EFS_G5"
"191","PAPBGH",8.973715,8.969988,7.871999,7.646354,6.210846,6.47329,8.570945,7.975286,7.863545,8.345794,8.280099,9.196194,8.922072,9.224234,8.14388,8.147961,8.638155,6.88555,7.887307,8.628272,9.125332,7.8425,8.351075,"EFS_L5"
"192","PAPBZI",8.903719,9.191339,8.385159,6.882525,6.50918,6.80395,6.815527,7.945333,7.668739,8.843831,8.070048,8.81584,8.754427,10.393056,7.197476,7.889284,9.038181,7.747965,8.004037,8.385619,9.380093,7.593693,8.050598,"EFS_L5"
"193","PAPEFE",9.027896,8.41743,7.880939,6.578909,6.675382,7.0376,5.167925,7.160747,6.89534,7.532946,8.035592,8.930448,8.438972,9.648558,7.592911,8.157029,8.312919,7.393802,7.840055,8.366501,9.377371,7.351658,8.31657,"EFS_L5"
"194","PAPEJW",8.511368,8.332093,7.736993,7.094382,6.510691,6.30864,7.561054,7.591751,7.32055,7.446444,7.735275,9.040435,8.392786,9.442616,7.798301,8.672362,8.678891,6.702842,7.13236,7.960323,8.697209,7.383539,7.91487,"EFS_L5"
"195","PAPHPE",8.850434,8.391059,7.391348,8.289549,6.327088,7.07102,7.330719,7.334755,7.202245,8.245252,8.336576,7.633465,8.915964,9.248863,8.136001,9.0203,8.453471,6.843296,7.114569,7.339947,7.980864,8.001166,8.354707,"EFS_L5"
"196","PAPJLD",9.315782,8.712982,8.195962,7.507839,6.397316,6.90453,7.31681,7.815107,6.91652,8.122699,9.065068,7.868767,9.104297,9.059318,8.173642,9.182684,8.493305,7.780896,7.93114,8.182699,8.615332,8.323639,8.515626,"EFS_G5"
"197","PAPKWN",9.444231,9.041193,9.096447,6.989871,6.713555,6.64325,4.600775,7.473443,7.647484,8.058692,8.407979,8.933952,9.103123,9.672434,7.97036,8.113961,9.225619,7.428711,8.372385,8.534531,9.36662,7.607197,8.48101,"EFS_L5"
"198","PAPRTD",9.667203,9.076998,7.734943,6.664948,6.751186,6.3999,7.570498,8.333329,7.047941,8.837396,8.961817,8.35865,9.786222,9.167202,8.810072,9.200806,9.109111,8.434526,8.742949,8.597065,8.679919,8.589693,8.481647,"EFS_L5"
"199","PAPSEI",8.672964,8.540102,7.492116,6.725961,6.291238,6.83889,8.603674,8.237032,7.893793,8.092033,7.679607,8.962927,8.821918,8.802945,7.778986,8.210031,8.955854,6.789862,7.823309,8.539703,8.473648,7.63451,8.215381,"EFS_L5"
"200","PAPSKM",9.283332,8.310414,8.091192,7.076362,6.904068,6.75,7.476545,7.517525,7.421946,7.966028,8.008875,8.82341,8.878653,9.31603,8.088569,8.414753,8.846314,7.35758,8.296687,7.791425,8.768958,7.894841,8.359525,"EFS_L5"
"201","PAPTIP",8.746073,8.523417,8.105712,6.96277,6.155006,6.82476,6.566281,7.672844,7.853386,8.607076,7.927943,8.864685,8.850943,9.306925,7.964819,8.476222,8.985957,7.070335,7.890441,8.657194,9.07076,7.822492,8.490806,"EFS_L5"
"202","PAPTLD",8.525711,8.172221,7.88915,7.571356,6.58244,6.97848,7.148331,7.306101,6.965562,7.235612,7.772394,8.502385,8.555784,9.147376,8.253289,7.784308,8.551141,6.144162,7.002214,7.391204,9.151087,7.236132,8.316329,"EFS_L5"
"203","PAPTLY",8.529741,8.596178,7.841988,7.051169,6.458896,7.13957,7.809945,7.564507,7.542222,7.764459,7.745916,8.674065,8.283969,9.075737,7.484906,8.014061,8.507356,7.168773,7.513488,8.511273,8.052856,7.324224,8.100057,"EFS_G5"
"204","PAPTMM",8.99457,8.90055,9.067949,6.834019,6.718544,6.49514,4.69591,7.638726,7.321726,8.705851,8.441366,8.806418,9.516889,10.026908,8.399757,7.777336,9.284494,7.237765,8.545952,8.794901,9.354296,7.739246,8.278472,"EFS_G5"
"205","PAPUAR",9.292141,8.535379,8.14246,7.128204,6.921475,7.14973,9.14405,7.759875,7.810638,8.309431,7.909081,8.854255,8.784657,9.900613,7.45392,8.310386,8.616394,7.562834,8.105701,8.471551,8.243026,8.174691,8.390998,"EFS_G5"
"206","PAPUEB",9.551351,8.474357,7.203616,6.558809,6.352969,6.59848,8.569613,7.768467,7.987152,8.489782,7.796311,8.709796,8.72565,10.002707,7.837772,7.879397,8.563432,8.063663,8.347357,8.504259,7.746485,7.82038,8.384876,"EFS_G5"
"207","PAPUNH",8.917052,8.824862,7.756554,6.793757,6.213691,6.87463,8.513332,8.161862,6.938799,8.717407,6.88368,9.352245,8.858454,9.515014,7.673152,8.859906,9.110393,7.500629,7.666845,8.124231,8.105155,8.04781,8.404187,"EFS_G5"
"208","PAPUTN",8.604755,8.142329,6.893051,6.377376,6.754599,6.82502,5.95884,7.819321,7.417062,7.647723,7.711112,9.504715,8.580062,9.260447,8.048294,8.351143,8.75502,6.694967,7.294244,8.074963,7.667472,7.677412,7.933687,"EFS_L5"
"209","PAPWUC",9.727969,8.556348,8.287997,5.875342,6.278684,6.41565,5.527425,7.88244,7.446306,8.424409,8.265232,8.640073,9.593147,9.508786,7.660635,8.520714,8.737285,8.474991,9.455476,8.755668,9.18982,8.136916,8.307397,"EFS_G5"
"210","PAPZYP",9.154497,8.902493,7.968601,6.535635,6.794984,6.33829,8.183306,8.10677,7.844869,8.615574,8.057961,9.254638,8.749227,9.761521,8.659682,8.39715,9.131076,7.704851,8.432172,8.666345,7.940494,7.911389,8.245984,"EFS_G5"
"211","PARABN",8.343068,8.31522,7.229517,6.545504,6.693422,7.02322,6.974797,7.440981,7.300069,7.528736,7.283245,8.642971,8.37872,8.337128,7.497708,7.485332,8.51129,6.456275,7.445673,7.696167,8.665074,7.480982,8.185503,"EFS_L5"
"212","PARACM",9.538148,8.618565,8.621049,6.960416,6.818488,6.51433,7.957747,7.592238,7.827503,8.513359,8.126771,8.784154,9.055569,9.700862,7.739818,8.883873,8.837,8.138343,8.368473,8.701946,7.920409,8.091,8.640152,"EFS_G5"
"213","PARAHE",9.10321,8.984954,8.713283,7.031595,7.779077,6.51391,6.133677,8.19785,7.843302,8.574194,8.175397,8.578262,9.587604,9.539494,8.168954,9.27539,9.181713,7.798053,9.180428,8.662999,9.390352,8.032226,8.879899,"EFS_L5"
"214","PARCWT",9.721821,9.022875,8.988542,7.972193,7.351656,6.13023,8.713633,8.167242,7.890935,9.031637,8.173209,8.69174,9.738617,9.802859,7.458378,9.067347,9.530671,7.790188,8.650054,8.72687,8.792404,8.257356,8.546581,"EFS_L5"
"215","PARDUJ",9.24941,8.373184,7.934106,7.393956,7.032583,6.75363,7.772409,7.657838,8.008959,7.504293,8.123269,8.7576,8.920676,9.361909,7.375323,8.287157,8.772947,7.107942,7.561281,7.65199,8.982254,7.853288,8.502806,"EFS_L5"
"216","PAREGK",9.077919,8.739884,7.705295,6.848781,6.625343,6.92291,5.240546,7.531918,7.683162,7.826547,8.132106,8.333464,9.09283,9.011149,7.413265,8.890647,9.137388,7.171345,8.309226,7.837089,8.901576,7.239174,8.561885,"EFS_G5"
"217","PARFBW",8.541621,8.566094,7.620682,7.300572,6.671039,7.35964,8.181331,7.484188,7.757619,7.587047,8.525544,7.783583,8.920889,8.551548,8.511595,7.616287,8.371221,7.140284,6.896653,7.425593,8.372768,7.386227,8.518714,"EFS_G5"
"218","PARGDJ",8.90942,8.868624,8.716749,7.799579,6.884339,6.51715,7.952206,7.843292,7.667771,8.5745,8.724312,8.418632,9.553993,9.348485,9.176502,8.169486,9.117814,7.586092,8.239812,8.159509,8.684058,8.488966,8.655004,"EFS_L5"
"219","PARGUX",9.256755,8.848291,8.471436,7.772458,7.275214,6.9168,8.122437,7.72948,8.073875,8.190655,8.253131,8.478889,9.052819,9.458833,7.484659,8.820194,8.596047,7.184793,7.805473,8.583667,8.850595,8.287555,8.947597,"EFS_G5"
"220","PARHYL",9.436875,9.285514,9.086397,7.152827,6.994831,6.40898,4.522384,7.57851,8.047829,8.574124,8.192874,9.0349,9.517658,9.670861,8.146021,8.363784,9.223634,7.551482,8.833174,8.494456,9.217426,7.739037,8.743284,"EFS_G5"
"221","PARIKF",8.619607,8.358908,7.534845,6.929665,6.245043,6.70149,8.325322,7.693914,8.183601,7.934111,7.486947,9.050984,8.329738,9.031251,8.195754,7.716186,8.978452,6.728334,7.474701,8.617169,8.661083,7.327111,8.267293,"EFS_G5"
"222","PARIKT",9.221247,8.549226,7.545441,7.545806,6.331241,7.51319,8.141182,7.760936,7.19466,7.676866,8.952428,7.735908,9.120764,8.986264,7.780303,8.45253,8.314592,7.253411,7.787894,7.50961,8.740025,8.718119,8.749791,"EFS_L5"
"223","PARIRD",8.190155,7.882062,7.157098,6.672527,6.834555,7.58883,7.721554,7.098972,7.186383,7.377297,7.523461,8.266161,8.204653,8.574813,7.782329,6.61921,8.173618,6.3189,6.647564,7.223849,7.715317,6.8028,7.98371,"EFS_L5"
"224","PARJAR",9.696816,8.519333,7.684911,7.613426,7.446369,6.76745,7.67484,7.705725,8.061115,8.582201,8.343715,8.672274,9.03505,9.719822,7.558379,8.829286,8.922189,7.586347,8.564573,8.021401,9.145806,8.036748,9.031764,"EFS_L5"
"225","PARJTB",8.767756,8.879205,7.394142,6.992651,6.141506,6.38252,5.14401,7.844314,7.169073,8.390822,7.686764,9.15554,8.842319,9.435395,7.490745,7.921008,8.93903,7.028311,7.897545,8.492759,7.882319,7.640128,8.46964,"EFS_L5"
"226","PARMFA",9.7264,9.224588,7.878561,7.142854,6.640041,6.44134,8.031187,8.275491,7.442365,8.626601,8.750903,8.393231,9.782213,9.692431,8.335387,8.937733,9.22643,8.361401,8.896851,8.681867,8.590218,8.399062,8.952347,"EFS_G5"
"227","PARMTT",8.772761,8.642098,8.281363,7.377137,8.08127,6.49038,7.521224,7.770875,7.578675,8.442689,7.508735,8.267532,9.063728,9.317889,8.460729,8.422781,8.721584,6.439178,7.849184,8.026311,8.889911,8.378349,8.351894,"EFS_L5"
"228","PARNCW",8.568249,8.680607,6.898328,7.308055,7.391104,6.15629,6.726362,7.724123,7.198517,8.46215,8.109022,8.695457,8.60444,9.564564,7.972939,7.831625,8.835714,6.742562,8.49283,8.587098,9.151175,7.492727,8.461734,"EFS_L5"
"229","PARNEE",8.196652,8.508584,7.160438,7.528118,6.504426,6.74313,6.698194,7.756167,7.538905,8.19285,7.702248,8.728063,9.13441,8.916526,8.022752,8.47875,9.002954,6.455698,7.62768,7.718525,9.008363,7.34701,8.087608,"EFS_L5"
"230","PARRBU",8.992483,8.689391,7.69349,6.917651,6.304962,6.49984,8.014474,7.6531,7.551617,8.108563,8.052018,9.341298,8.920291,9.689975,7.979605,7.605679,9.05772,7.200696,7.898062,8.547478,8.545347,7.470262,8.870907,"EFS_L5"
"231","PARSEA",8.847928,8.252635,7.798673,7.201325,7.674679,7.44694,7.587719,7.378468,7.532328,7.629336,7.737121,8.202521,8.605954,9.126817,7.306725,8.238922,8.390431,6.601335,7.102253,6.932349,8.430064,7.65447,8.360091,"EFS_G5"
"232","PARSHT",8.219706,8.377807,7.974887,6.563111,6.764802,6.72574,8.26045,7.114831,7.261099,7.767739,7.770439,8.551031,8.79243,9.04514,8.117291,8.137465,9.115614,6.884393,7.30278,7.921032,9.269232,7.598912,8.546598,"EFS_G5"
"233","PARUXY",8.788437,8.481561,7.71851,8.016667,6.642864,6.42399,7.172289,7.792582,7.697978,7.509853,8.969769,7.987535,8.894816,8.449514,7.790565,8.900939,9.034667,6.951837,7.354322,7.807617,9.231551,8.309283,8.828029,"EFS_G5"
"234","PARVME",9.173527,8.570731,8.430015,7.502418,8.030421,6.48765,6.284817,7.793837,8.22182,7.895393,8.016813,8.899042,9.016436,9.285271,7.671457,7.596557,9.390312,6.88967,8.00652,8.18155,8.533086,7.888958,8.662897,"EFS_L5"
"235","PARVRR",8.782316,8.866454,7.670403,6.767984,6.347106,5.97875,8.598899,8.005365,7.79708,7.799032,7.910996,8.791584,8.826566,8.850587,7.879123,8.359802,9.172568,7.09821,7.873456,8.269979,8.698951,7.640431,8.363645,"EFS_L5"
"236","PARXLM",8.448405,8.635056,8.538356,6.618069,6.546761,7.21532,8.042051,7.734587,7.44916,7.726197,7.703432,8.299885,8.752751,9.148665,7.897713,8.082294,8.292107,6.621791,7.319694,7.55542,9.086536,7.206698,8.399886,"EFS_L5"
"237","PASATK",8.610877,8.528984,8.257433,6.889012,7.250692,6.51264,8.012939,7.651943,7.535962,7.722986,7.583033,8.332575,8.822305,9.341958,7.581175,7.783197,8.746693,6.651725,7.222936,7.661755,8.339126,7.900049,8.565607,"EFS_L5"
"238","PASAZJ",9.221981,8.610971,8.957128,6.822607,6.445203,6.49367,8.260031,7.730459,7.4688,8.599597,7.792528,8.80379,8.960432,9.539983,8.269271,7.526154,8.43582,7.413557,8.47253,8.678442,8.398359,7.805638,8.232296,"EFS_G5"
"239","PASBEN",9.153218,8.545472,9.290281,7.354216,6.521173,6.63243,8.702473,7.631297,7.895794,8.179669,8.485148,8.659323,8.854606,9.057324,7.560887,7.622051,8.924617,7.184529,8.417927,8.009299,8.405947,8.057527,8.240786,"EFS_L5"
"240","PASCKI",9.334752,8.801494,8.466295,6.78454,7.627232,6.65797,7.647976,7.69928,8.075005,8.52633,8.281036,8.735689,9.27,9.71364,7.871101,8.86581,8.959422,7.752941,8.771174,8.490531,9.033229,8.14254,8.242468,"EFS_G5"
"241","PASCLP",8.8504,8.598312,7.892474,6.825556,5.920446,6.39061,8.949039,7.972124,8.024522,8.585309,7.745347,9.223175,8.879773,9.410611,8.467259,8.454389,9.243567,7.198949,7.762011,9.171705,7.527229,8.356172,8.252404,"EFS_L5"
"242","PASCUF",9.561688,8.560612,7.381967,7.663758,6.231611,6.92988,8.348939,7.82684,9.166263,8.478821,7.687542,9.083374,9.24609,9.875535,7.533861,9.404636,9.200696,7.422789,7.744196,8.525496,8.23916,7.80109,8.424284,"EFS_L5"
"243","PASDZJ",9.442151,8.407728,6.972544,6.026326,6.265551,6.25302,5.91127,7.303303,6.811661,7.962291,7.900175,8.484321,8.724469,9.255987,7.698098,8.317787,8.119881,8.055915,8.871801,8.346848,8.434465,7.668843,7.882416,"EFS_L5"
"244","PASFRV",9.507525,8.683897,8.593757,7.001906,7.554452,6.44622,7.354266,7.794723,8.196466,8.452607,7.607625,8.920499,9.086194,9.719811,7.744387,9.014005,8.84466,7.924342,8.459097,8.707269,8.733423,8.108094,8.462246,"EFS_L5"
"245","PASGPY",9.131123,8.97193,6.624394,6.189949,6.435866,6.75225,6.27914,7.87381,8.083618,8.13889,7.942175,9.57966,8.607679,9.83094,8.835825,8.620423,8.998446,7.28261,8.051912,8.369583,9.342026,8.55362,8.82349,"EFS_L5"
"246","PASJRT",8.380389,8.54367,7.564039,6.971845,6.306116,6.45055,8.29385,7.886391,8.021035,7.642705,7.617529,9.277202,8.179669,8.927461,8.077985,8.184606,8.997163,6.789194,7.233288,8.46218,8.09421,7.437527,8.274083,"EFS_L5"
"247","PASJYB",8.523424,8.530712,7.011099,6.724035,6.230344,6.25387,7.978803,8.062213,7.747981,8.233377,7.112206,8.840364,8.483944,9.068351,8.204739,8.543362,8.970708,7.23521,7.462654,8.59927,8.732073,7.812013,8.490333,"EFS_L5"
"248","PASKJX",8.645588,8.671716,7.599841,7.886789,6.955444,6.58939,8.516706,7.833825,8.199982,8.071191,7.948852,8.685442,8.927681,9.520819,7.221649,9.119901,8.589066,7.206878,7.577711,8.460103,8.41766,8.381164,8.899249,"EFS_L5"
"249","PASLGS",9.697877,8.251157,8.416036,6.730392,6.551807,5.85286,7.093545,7.899142,7.812272,8.535342,7.890287,9.800915,9.86637,9.952161,9.018474,8.805781,9.009105,7.650101,8.809545,8.514648,9.221471,8.462779,8.834457,"EFS_L5"
