"","Row.names","CDC42","CDK5R1","CDK5R2","CLIP1","DAB1","DCX","DYNC1H1","DYNLT1","KATNA1","LRP8","MAP1B","NDEL1","PAFAH1B1","PLA2G7","YWHAE","EFS_fct"
"1","PAAPFA",9.102997,7.613731,8.62484,7.042384,5.955059,8.687988,9.501656,8.004908,6.179581,7.708029,9.724855,7.769579,9.531674,7.419173,9.617402,"EFS_L5"
"2","PACLJN",9.319133,8.517403,8.775818,7.506089,6.147592,9.794938,10.272785,7.843347,6.162028,7.883251,10.82554,7.591856,10.258711,7.677515,9.518112,"EFS_G5"
"4","PACRYY",9.507686,8.492577,8.363326,7.8607,5.496276,10.169647,9.553323,8.69999,7.092491,7.853887,9.838089,7.836611,10.204078,8.589524,9.676506,"EFS_G5"
"5","PACRZM",9.240843,8.77657,8.838963,7.315573,6.573741,9.586798,8.995952,8.908208,6.932506,7.590734,9.427456,7.614386,10.452596,7.869959,9.882579,"EFS_L5"
"6","PACSNL",9.638397,7.738166,7.828488,7.133902,6.245121,8.259623,9.067328,8.534253,7.100827,7.760541,10.240658,7.785124,10.079694,7.732048,9.871928,"EFS_L5"
"7","PACSSR",7.363243,7.921824,7.814436,7.215323,6.034219,6.804232,8.998958,7.240901,6.501674,7.830011,8.781332,7.796239,7.993081,4.952564,8.546641,"EFS_L5"
"8","PACUGP",8.648961,8.150763,7.603485,6.84299,5.979724,8.965339,9.163332,8.316625,6.941734,7.751725,9.957761,7.681846,10.351223,6.592718,9.879904,"EFS_L5"
"9","PACVNB",9.367681,9.082431,8.137974,7.253892,5.774332,9.995608,9.418395,8.380867,6.120999,8.429161,9.999179,7.619982,10.305112,8.395896,9.652261,"EFS_L5"
"10","PACYGY",8.844611,8.202242,8.211009,7.055482,5.535765,8.893491,9.625705,7.99337,6.318865,7.691922,9.41327,7.667394,10.168124,6.863238,9.765584,"EFS_L5"
"11","PACZPX",9.06889,7.414837,7.617424,6.93775,5.951906,6.933634,9.358081,9.054253,6.592616,7.220409,9.801211,7.418762,9.992665,6.846038,9.62501,"EFS_G5"
"12","PADENF",9.709414,7.726006,8.335429,7.060873,5.363275,9.498547,9.861137,8.765095,6.862672,7.803162,10.09116,7.528385,10.446066,7.394051,9.574736,"EFS_G5"
"13","PADFLI",8.924476,8.1227,7.757296,6.83394,6.924287,10.069353,9.455041,8.076479,6.558981,7.665281,9.849009,7.202587,9.342415,7.015657,9.27663,"EFS_G5"
"14","PADHWC",9.38976,7.187628,7.796959,7.251189,7.092694,7.227871,9.867729,8.26668,6.105176,7.088496,10.544165,8.243155,10.126893,6.561726,9.093287,"EFS_L5"
"15","PADIEY",8.806268,7.699494,7.772439,6.827112,5.193131,10.218069,9.987274,8.268928,6.793082,7.496567,9.460367,7.268914,9.327593,6.374099,8.886892,"EFS_G5"
"16","PADIHC",9.21027,8.137642,7.978533,6.659449,6.090061,7.717516,8.896113,8.119064,6.662062,7.521822,9.545182,7.636947,10.447304,5.395337,9.620196,"EFS_L5"
"17","PADINC",9.191483,7.933302,7.397486,7.046339,6.074225,7.026991,9.214063,8.792251,6.587284,7.151417,9.439396,7.655308,9.812747,7.914324,9.51045,"EFS_L5"
"18","PADIRB",8.585304,8.467349,8.309241,7.291177,6.79721,8.318419,9.626713,8.265203,7.288669,7.988041,10.057878,8.026511,10.081423,6.004624,9.727074,"EFS_L5"
"19","PADKFS",9.544141,7.923681,8.410179,7.122354,6.217124,9.449507,10.264413,8.198363,6.080441,7.631916,10.420705,8.273795,10.186772,6.956658,9.289801,"EFS_L5"
"20","PADKFU",9.06969,7.82475,8.490193,7.32833,5.468666,9.587036,9.920086,8.318368,6.462637,7.481175,10.14276,7.511937,10.093111,7.358,9.648753,"EFS_G5"
"21","PADKGF",9.964546,8.182569,7.409531,7.383189,5.708547,8.147578,9.101162,8.687373,7.045526,7.12255,8.828034,8.178478,9.54007,9.136956,9.597003,"EFS_G5"
"22","PADKNE",9.280286,8.645212,8.259457,7.153626,5.592143,9.775326,9.050379,8.194475,6.652557,7.729582,9.514963,7.268475,10.22711,7.388463,9.720233,"EFS_L5"
"23","PADKRU",8.459191,7.594143,7.708271,6.791075,5.707307,9.085673,9.302126,7.952302,5.954384,7.433025,9.498897,7.341722,9.254466,6.676138,8.83875,"EFS_L5"
"24","PADKVV",9.300851,7.486992,7.610337,7.109819,5.705141,8.528544,9.65188,8.317925,6.214583,7.157884,9.524064,8.217784,9.654284,7.305431,8.925873,"EFS_L5"
"25","PADKXS",9.205499,8.114843,7.931966,9.905757,5.634134,8.503397,9.124867,8.646312,7.468299,8.141672,9.080884,7.673082,10.113714,6.144789,9.498162,"EFS_L5"
"26","PADKYP",9.422833,8.226501,7.53829,6.528957,5.538145,8.235059,8.881461,8.158694,6.585129,7.155366,8.530033,7.79464,9.346577,8.833515,9.265072,"EFS_L5"
"27","PADLDA",9.566143,7.308688,7.86799,6.341648,6.64762,7.420742,8.608618,7.795313,6.481273,6.93508,8.017827,7.628328,9.313275,7.913559,9.039061,"EFS_L5"
"28","PADLDT",8.493804,8.316231,7.776152,6.521742,5.722603,9.004281,9.587822,7.721469,6.05538,7.834234,9.650028,7.134217,9.583889,4.878134,9.58054,"EFS_L5"
"29","PADLES",9.927755,7.855274,8.409549,7.242268,6.467552,8.066216,9.538739,8.723808,6.914218,7.799061,9.790958,7.58151,10.102349,7.830387,9.728545,"EFS_L5"
"30","PADLIC",9.14697,7.881897,7.835389,6.974354,5.566908,9.491685,9.512668,8.257226,6.321079,7.498441,8.990155,7.717726,10.326319,7.352259,9.453419,"EFS_G5"
"31","PADLJN",9.371836,8.547119,8.512447,7.060796,5.662262,9.498179,9.972634,8.383043,6.292925,7.757279,9.925636,7.521796,10.19697,6.297251,9.438446,"EFS_L5"
"32","PADLKJ",9.078975,8.552058,7.892095,6.801225,5.654682,9.422129,9.452383,8.600075,6.382533,7.558512,9.867654,7.645489,9.765055,7.943933,9.647761,"EFS_L5"
"33","PADLNM",9.295875,8.757161,7.66886,7.38356,5.791533,10.154072,9.446904,8.534746,7.182325,8.618234,9.818501,7.359901,9.549155,6.874387,9.477501,"EFS_L5"
"34","PADLPR",8.444855,7.847663,7.89039,6.611255,6.292069,8.910489,9.320002,8.163432,6.543525,7.101895,9.090925,7.134055,9.884921,6.899911,9.567273,"EFS_L5"
"35","PADLPZ",8.519922,7.923251,8.095959,7.380368,5.971733,9.428567,9.718615,7.710675,5.874572,7.74983,9.997684,7.460125,10.163393,6.479276,9.50395,"EFS_L5"
"36","PADLTD",8.635257,8.41014,7.696036,6.431031,5.515174,8.99986,9.59317,8.665518,6.329306,7.342807,9.654003,7.511272,9.551909,5.832726,9.460077,"EFS_L5"
"37","PADMGA",9.844926,7.818217,7.99926,7.306794,7.23113,6.837993,9.931257,7.697742,6.381431,7.407532,10.811744,8.129306,10.308304,5.975298,9.599968,"EFS_L5"
"38","PADMTD",9.238452,8.417921,8.10013,7.651844,5.324146,9.63041,9.501647,8.369947,6.800301,7.290748,9.68995,8.064827,10.072094,5.903433,10.082703,"EFS_L5"
"39","PADMVB",8.540513,7.835588,8.179083,6.883791,5.817248,8.682246,10.180524,7.993272,6.327251,7.478263,9.810928,6.907372,9.874624,6.010215,9.056324,"EFS_L5"
"40","PADMXD",9.18229,8.495558,7.902589,6.73257,5.522625,10.342809,9.486327,8.744321,6.835016,7.961839,10.0078,7.974968,10.106566,7.112662,10.10831,"EFS_L5"
"41","PADMYD",9.306727,7.718687,8.058892,6.503458,5.299275,8.619359,9.402069,8.511437,6.571233,7.372598,9.373214,7.717907,9.820845,7.736119,9.642816,"EFS_L5"
"42","PADNFT",9.462702,7.987899,8.011706,7.132154,5.124546,9.321471,9.581626,8.265126,6.524356,7.924029,9.71865,7.16093,9.606836,7.821053,9.054008,"EFS_L5"
"43","PADNNX",9.316987,7.84314,8.318916,7.241722,6.182845,9.094924,9.444804,8.240577,6.33043,7.806178,10.495686,7.848114,9.887236,7.626409,9.31119,"EFS_L5"
"44","PADNXC",8.794851,8.039075,7.697962,6.670382,5.438671,9.16027,9.169808,8.284702,6.902141,7.285471,10.08553,7.437891,9.736815,6.706464,9.928026,"EFS_L5"
"45","PADPCI",9.665419,8.18307,8.355489,7.010165,6.067069,8.655771,10.536647,8.678449,6.794204,8.629878,10.794077,7.668753,10.424259,6.818114,9.716436,"EFS_L5"
"46","PADPEY",8.507318,8.245197,7.73506,6.595767,6.263218,8.38891,9.444301,8.503322,6.058181,8.014606,9.716834,7.310831,9.473912,4.752956,9.467972,"EFS_G5"
"47","PADPHP",9.454582,8.15532,7.990315,6.53039,5.829969,8.852326,9.782851,8.237795,6.604034,7.700928,10.048647,7.524724,10.544051,6.050794,10.158666,"EFS_L5"
"48","PADPMU",9.07365,8.809602,8.512611,6.970675,5.755555,9.842917,9.473886,8.363973,6.345557,7.749466,9.682233,7.690507,9.979329,6.983471,9.686759,"EFS_L5"
"49","PADPRJ",9.431139,8.055775,8.101087,7.387316,5.882216,9.70316,9.565243,8.403526,6.557645,8.007525,9.723993,7.763449,10.074511,7.615095,9.562828,"EFS_L5"
"50","PADRYN",7.406239,7.79644,7.710246,5.909002,5.746214,8.183454,8.727429,7.779823,5.911313,6.917162,8.958436,6.763303,8.35438,4.671123,9.076849,"EFS_L5"
"51","PADSEC",9.497368,7.576243,8.401408,7.555634,5.896469,9.185301,9.599268,8.123282,6.249305,7.141579,9.727585,7.651957,9.974523,7.678242,9.427421,"EFS_L5"
"52","PADSMF",8.956871,8.006915,8.26619,7.247051,5.39054,9.251081,9.484719,7.951268,6.256004,7.770493,9.920956,7.428995,10.096981,6.861453,9.229072,"EFS_G5"
"53","PADSXE",9.675424,8.629091,8.234362,7.079181,5.585537,9.335261,9.764924,8.385439,6.751189,8.041341,9.941211,7.770102,10.475865,8.219536,9.716358,"EFS_G5"
"54","PADSXU",9.090387,7.8792,7.556624,7.107995,5.675084,8.722659,9.21443,8.200232,6.776654,7.679814,9.341579,7.968637,9.973025,7.934276,9.804937,"EFS_L5"
"55","PADTCU",8.980755,7.626101,8.029991,6.976297,5.603019,9.133745,9.193404,7.9012,6.023946,7.19153,9.91445,6.944914,9.485666,5.794657,8.911279,"EFS_L5"
"56","PADTJJ",8.597849,8.461243,7.967201,6.609196,6.019738,9.949912,9.556464,8.795858,6.591935,7.922062,9.903836,7.334864,9.807661,5.167436,9.696323,"EFS_G5"
"57","PADTRV",9.249795,8.221786,7.549824,7.292661,5.941704,9.897757,10.087913,8.397842,5.992363,7.647603,9.840967,7.64148,9.888186,6.061501,9.044499,"EFS_G5"
"58","PADUKP",7.963138,6.780293,7.67748,6.201682,5.987339,7.251613,9.830021,8.247618,6.345614,7.79236,9.115464,6.543642,8.571941,5.287337,8.369386,"EFS_L5"
"59","PADUWR",9.581727,8.291018,8.079127,7.613517,7.407308,8.77547,9.8478,8.997936,6.899227,8.034617,9.421699,8.481489,10.640184,6.63172,9.916286,"EFS_G5"
"60","PADUYJ",8.550957,8.511081,7.828918,7.338302,5.444576,10.07866,9.267543,8.393631,6.894606,7.991842,9.386376,7.463201,9.866575,6.318727,9.685358,"EFS_L5"
"61","PADVSN",8.733221,8.096879,9.249314,6.731768,5.821321,8.933874,9.633361,7.511397,6.103157,7.805555,10.001122,6.884501,8.19768,6.778724,8.869585,"EFS_G5"
"62","PADVWW",9.451785,7.582012,8.060391,7.316235,6.062603,8.763226,9.595646,8.336775,6.478477,7.823598,9.935037,7.38545,9.57437,8.040095,9.058574,"EFS_G5"
"63","PADWEN",9.222669,8.931093,7.973866,7.228528,7.362808,9.130917,9.431939,7.729965,5.975919,7.747707,9.667316,7.357201,9.654889,6.485877,9.693742,"EFS_L5"
"64","PADWIM",9.403553,7.160391,8.200445,7.015584,6.071091,8.061376,9.237203,8.082076,6.269696,7.394685,10.625244,7.993102,10.417285,7.689136,9.703966,"EFS_L5"
"65","PADWSM",9.564889,9.110173,8.401406,7.773834,6.146021,9.690781,9.729377,8.2541,7.001956,7.679239,10.191774,7.480724,10.172599,8.225335,9.622544,"EFS_G5"
"66","PADWVR",9.713835,6.929646,8.221409,6.740511,5.533816,9.129095,9.240754,8.869213,7.029594,7.435206,10.332012,7.141564,9.839879,8.119083,9.440927,"EFS_G5"
"67","PADXAS",9.322225,8.196798,8.389341,7.020807,5.884708,9.464421,9.742658,8.186312,6.483556,7.872913,10.06216,7.493389,9.890506,7.352439,9.388121,"EFS_G5"
"68","PADXBB",8.579809,7.774127,8.246106,6.607331,6.470069,8.064344,8.487015,7.215671,5.814181,6.694111,9.14473,6.623804,8.028974,5.772863,8.697637,"EFS_L5"
"69","PAIDJS",9.099817,8.595295,7.969236,6.799831,7.358562,8.134346,9.540086,8.337198,6.698585,7.733247,9.466751,7.886291,10.117161,6.511696,9.890084,"EFS_G5"
"70","PAIEIF",9.82421,7.942906,8.245806,7.050893,6.538628,7.766062,10.080721,8.312775,6.601724,7.839325,10.515137,7.628212,10.320792,7.539606,9.791032,"EFS_L5"
"71","PAILZJ",9.742716,7.713821,8.252417,7.63756,6.191869,9.12106,9.797336,8.451403,6.681639,7.429875,10.120902,7.882507,9.972547,7.794227,9.469531,"EFS_L5"
"72","PAIMDS",9.37208,7.971501,7.854778,7.455813,6.152218,8.994641,9.821758,8.355518,6.632867,7.553894,10.2002,7.565998,10.136283,7.280192,9.695459,"EFS_L5"
"73","PAIPGU",9.167172,7.86952,8.26147,7.181238,5.533166,8.825452,9.522103,8.74171,6.463355,7.755278,9.669442,7.464452,9.453315,6.213124,9.173739,"EFS_L5"
"74","PAIPUD",9.488483,8.527942,8.084626,7.563777,5.920254,9.664882,9.889561,8.599512,6.796797,7.873999,10.021506,7.544539,10.162417,8.216311,9.376939,"EFS_G5"
"75","PAIRDP",9.108469,8.230519,7.664185,6.49624,5.982109,8.302488,9.33757,8.055128,6.487625,8.059579,9.519303,6.636715,8.822391,6.152896,8.988587,"EFS_L5"
"76","PAIRIK",8.953384,8.659745,8.168784,6.963784,5.730036,9.625054,9.670217,8.14176,6.318314,7.858613,9.939611,6.938174,10.19031,7.470974,9.265632,"EFS_G5"
"77","PAIRLN",9.485794,8.27628,8.186071,7.029898,5.680411,9.152032,9.437917,8.538461,6.973127,7.898754,9.463127,7.459714,9.599986,8.418381,9.673019,"EFS_G5"
"78","PAISNS",8.699122,8.271103,7.937648,7.033297,5.41016,9.449773,9.561939,7.882465,6.54476,7.613839,9.239138,6.889511,9.681744,5.531232,9.336471,"EFS_L5"
"79","PAITCI",8.966586,8.465184,8.097537,7.093275,5.823032,8.800472,9.588482,7.977138,6.277039,7.792938,10.109737,7.438292,9.918759,7.167279,9.810075,"EFS_L5"
"80","PAITEG",9.925513,7.355943,8.05339,7.720145,6.34821,6.324589,8.970485,8.262327,6.446891,7.191337,9.918904,8.345242,9.706456,9.900296,9.287574,"EFS_L5"
"81","PAITRM",9.357307,7.86782,7.877434,7.474688,5.586581,9.022239,9.603058,8.496858,6.603144,7.911145,10.037151,7.649121,9.762424,7.229255,9.460266,"EFS_G5"
"82","PAITZV",8.972367,9.057349,8.49862,7.287841,5.552687,10.227395,9.484556,8.046144,6.413421,7.754926,9.443502,7.353899,9.121045,6.394008,9.524909,"EFS_G5"
"83","PAIUJB",8.640286,8.344599,7.656931,6.795052,5.893905,9.882696,9.347999,8.330255,6.598807,7.757117,9.724155,7.333541,9.734732,5.497478,9.5892,"EFS_L5"
"84","PAIVHE",9.451962,7.809952,8.348736,7.193403,5.889812,8.805206,8.936587,8.193512,6.304291,7.299296,9.292714,7.868135,9.49735,6.919633,9.406287,"EFS_L5"
"85","PAIVMJ",9.61676,8.363345,8.110279,7.505791,6.84905,9.272437,9.860329,8.599025,6.722333,7.576075,9.709782,8.17187,10.292291,7.824122,10.168708,"EFS_G5"
"86","PAIVZR",8.590917,8.520759,8.130497,6.740141,5.803138,9.530677,9.233457,8.226982,6.524639,7.907135,9.68093,7.403475,9.808914,4.760886,9.46536,"EFS_L5"
"87","PAIWHU",8.923554,8.7497,8.245986,7.194846,6.49194,9.383787,9.880303,8.516375,6.564569,8.282499,9.763742,7.781099,10.478311,6.95741,9.571329,"EFS_G5"
"88","PAIWVG",8.899483,8.172923,8.251564,7.143456,5.739759,9.289779,9.32683,7.796081,6.065491,7.208095,9.223903,7.558637,9.139436,6.106916,9.359403,"EFS_L5"
"89","PAIXLC",9.385813,8.750154,7.927493,6.962922,6.008808,9.215471,9.723815,8.56256,6.980188,7.143323,9.746452,7.97307,9.892991,7.732628,9.600766,"EFS_G5"
"90","PAIXNG",8.26105,7.395824,7.4157,6.610553,5.651463,5.726618,8.561475,8.38491,6.375974,6.752878,7.348257,7.301069,9.180424,5.479959,9.723379,"EFS_L5"
"92","PAJYHP",9.254162,8.398528,8.143162,7.254407,5.464684,9.052227,9.700499,8.287788,6.624605,7.904303,10.017219,7.360286,9.857966,8.254517,9.261399,"EFS_L5"
"93","PAJYLA",9.675719,7.630912,7.817113,6.745832,5.718615,7.641714,9.356225,8.61457,6.986787,7.692435,9.632617,7.431169,9.703324,8.432495,9.81872,"EFS_L5"
"94","PAJYVA",8.307485,8.156183,7.77605,6.705706,5.214825,9.256083,9.571317,8.126681,5.836081,7.782277,10.088229,7.445587,9.576924,7.193449,9.141916,"EFS_L5"
"95","PAJZUU",8.345171,8.075818,8.302861,6.726727,5.800773,7.9828,9.439465,8.250834,6.592069,7.403839,9.4311,6.854957,8.43738,4.930433,9.369984,"EFS_L5"
"96","PAJZWL",8.823472,8.246289,8.089531,6.798553,5.957715,9.388673,9.463009,8.239313,6.375206,7.64214,9.229969,7.477198,9.975323,7.628832,9.60895,"EFS_L5"
"97","PAKACY",8.639376,7.585679,7.414319,6.398554,5.569073,9.134556,9.111163,8.685865,6.749431,7.050921,9.583847,7.230717,9.6053,4.963045,9.484131,"EFS_L5"
"98","PAKADI",9.426034,8.71176,8.16823,7.307574,5.627753,9.409923,10.294363,8.268406,6.134945,7.962008,10.17125,7.634199,10.481704,7.564654,9.211765,"EFS_L5"
"99","PAKAFK",8.634892,8.205644,7.955672,6.791738,5.878225,8.234425,9.337638,8.650326,6.845583,7.55212,9.70827,7.782682,10.115198,6.819788,9.543162,"EFS_G5"
"100","PAKANZ",9.108967,7.628673,7.626301,7.39013,5.722872,8.416267,10.033645,7.986465,5.785673,7.4448,10.042634,7.411752,9.602935,6.862832,9.297339,"EFS_L5"
"101","PAKDHL",9.28256,7.627719,8.018291,7.158235,6.47493,8.998627,9.196686,8.658348,6.959866,7.603072,9.713428,7.098935,9.65338,6.821199,9.253982,"EFS_L5"
"102","PAKGCI",9.122487,8.290912,7.996027,7.184086,5.786052,9.207966,9.516162,8.390632,6.949893,7.372692,9.793833,7.406777,10.28291,6.769276,10.014235,"EFS_G5"
"103","PAKGKH",9.435272,8.968502,9.052976,6.953486,6.184711,9.583009,9.720021,8.058625,6.401539,7.563183,10.173922,7.424553,10.259747,6.826538,10.123349,"EFS_L5"
"104","PAKGMY",8.260216,8.147858,8.050469,6.371053,5.586355,9.508874,9.010033,7.950419,6.156094,7.476139,9.432066,7.005974,9.293555,4.872128,9.436,"EFS_L5"
"105","PAKHAV",9.478577,9.55066,9.125275,7.25024,6.417999,9.334163,10.137285,7.555622,6.524664,7.900341,9.988344,7.675612,10.443171,8.964023,10.161985,"EFS_L5"
"106","PAKINP",9.367313,8.904259,8.435465,7.321474,7.215908,8.309937,9.885153,8.362828,6.830447,7.931992,10.229324,7.920144,10.666342,7.185207,10.166154,"EFS_G5"
"107","PAKJBA",9.580608,9.447161,8.293974,7.326172,5.750379,9.608347,9.942048,8.661539,7.418276,7.996896,9.537009,7.879408,10.298153,6.217243,10.300852,"EFS_G5"
"108","PAKSWB",9.488237,8.617848,8.21676,7.347593,6.027064,9.063684,9.913,8.737465,6.855881,8.297005,10.030297,7.739077,10.377628,7.289414,10.033174,"EFS_G5"
"109","PAKUXT",9.667109,8.021083,8.517777,7.651359,5.760282,9.086311,9.741079,8.479427,6.511409,7.516396,10.317497,7.473954,10.406323,6.986754,9.995626,"EFS_L5"
"110","PAKWCJ",9.042193,8.624374,8.318109,7.017929,6.351421,9.127023,9.598895,8.105488,6.392701,7.978998,9.796626,7.757894,10.548384,5.629613,9.820798,"EFS_G5"
"111","PAKXDZ",8.946553,8.461642,8.087859,6.594112,5.422071,9.336278,9.291979,8.680588,6.705901,7.673888,10.363075,7.233724,9.556732,5.324293,9.73646,"EFS_L5"
"112","PAKYZS",9.039668,8.402786,8.115933,6.951906,6.75272,8.150939,9.359359,7.615663,5.943473,7.548856,9.985799,7.774523,10.185133,6.054658,9.094058,"EFS_L5"
"113","PALAWZ",9.778958,8.922374,8.374891,7.925799,5.836586,9.567065,9.663261,8.248872,6.470879,7.456598,9.848736,8.022986,9.654588,6.868663,9.894545,"EFS_L5"
"114","PALBFV",8.72297,8.547466,7.969425,7.056974,5.472587,6.723937,9.744797,7.894431,6.159524,7.08184,9.803147,7.571816,9.55438,5.674507,10.102766,"EFS_L5"
"115","PALBFW",9.499262,7.91733,8.108256,7.646711,6.1002,8.564434,10.088969,8.47978,6.551439,7.48619,10.114824,7.972082,10.126031,7.037178,9.737055,"EFS_L5"
"116","PALEAC",9.275603,8.587514,8.070326,7.53469,6.19733,9.205592,9.757542,8.173995,6.505244,7.83415,9.591724,8.82741,10.422973,8.000741,9.825796,"EFS_G5"
"117","PALEBK",9.489796,8.534463,7.957186,7.032347,6.551461,9.341247,9.97014,8.780928,6.997092,7.678928,10.007334,7.820242,10.188479,7.375549,9.870878,"EFS_G5"
"118","PALETP",9.398117,7.861399,8.145899,6.807692,5.626103,9.443467,9.625461,8.413052,6.999718,7.703847,10.040831,7.475003,10.153136,7.416626,9.559569,"EFS_L5"
"119","PALFRE",9.030723,8.584008,8.351586,6.648284,6.066679,8.716133,9.478621,8.361371,6.520009,7.769201,9.690048,7.484469,9.752903,6.008608,9.010069,"EFS_L5"
"120","PALFSE",9.812137,8.371988,8.638799,7.665801,7.045959,8.177679,10.023036,8.343171,6.976428,7.85056,10.416212,8.26348,10.615999,8.692434,10.164047,"EFS_G5"
"121","PALGFF",9.161864,8.787348,8.196106,7.239086,6.179442,8.945349,9.552368,8.850862,6.891825,8.190024,10.80947,7.620403,10.397551,8.009699,9.603421,"EFS_L5"
"122","PALHVD",8.692498,8.364354,8.479868,7.078709,5.917165,9.856236,9.653051,8.340001,6.694667,7.699217,9.534107,7.572825,10.02141,6.584464,9.757013,"EFS_L5"
"123","PALIIN",9.277158,8.27643,7.520291,7.034819,5.382813,9.072136,9.414459,8.712332,7.511511,7.167055,9.597733,8.082786,10.148281,8.205491,10.125494,"EFS_L5"
"124","PALKKV",9.41497,8.753923,8.246186,7.588532,7.047959,9.175601,10.017952,9.071807,6.692062,7.962123,10.212677,8.258406,10.385906,7.422039,10.063302,"EFS_G5"
"125","PALKUC",9.074547,7.997998,8.119995,6.619388,5.816799,8.436541,9.181674,7.691391,6.053606,7.034111,8.665081,7.808134,9.134999,5.532479,9.347019,"EFS_G5"
"126","PALLJJ",9.584635,8.852546,9.41896,7.124401,6.650049,7.442957,10.433285,7.801195,6.471801,9.035552,11.187717,7.613553,10.814234,7.217779,9.991882,"EFS_G5"
"127","PALNFE",8.519101,8.889772,8.111967,7.224341,6.438086,8.886005,9.29101,8.272118,6.445623,7.646405,9.991096,7.961003,10.452528,6.82688,9.934011,"EFS_G5"
"128","PALNHZ",9.045077,8.258359,8.130626,6.638391,5.705194,8.995886,9.674974,8.078834,6.480621,8.527717,8.986889,7.153702,8.996782,7.109788,9.117092,"EFS_L5"
"129","PALNVP",9.528452,9.160791,8.609124,7.35419,6.632405,9.712192,10.341101,8.656821,7.036647,8.355196,10.549484,8.236188,10.760359,5.98919,10.332503,"EFS_G5"
"130","PALPIN",8.945505,8.436595,8.217289,6.99687,6.302558,9.069676,10.064609,8.499443,6.805585,7.580852,9.595467,7.915086,10.102328,6.498336,9.660042,"EFS_G5"
"131","PALPSY",8.961386,8.331176,8.153976,7.277064,6.593175,9.166987,10.036022,8.344017,6.851122,7.614466,9.64043,7.961321,10.23713,7.427913,9.966191,"EFS_G5"
"132","PALSAE",8.593557,8.19436,8.268145,6.949504,6.116751,8.138952,9.578447,7.408441,6.267314,7.575342,9.743905,7.459737,9.562409,5.993504,9.311346,"EFS_L5"
"133","PALTYB",9.94867,8.489942,8.629038,7.534817,6.394202,7.331103,10.495134,7.631524,6.829971,7.90859,11.034263,9.003151,10.87908,7.700614,10.090114,"EFS_L5"
"134","PALUDH",9.176935,9.097616,8.327706,6.793817,5.756661,10.322078,9.777868,8.477671,6.482421,7.841947,10.043259,7.118371,10.135126,6.125628,9.760154,"EFS_G5"
"135","PALUYS",8.978933,8.635011,8.139594,6.967794,5.62349,9.439052,9.733709,8.03984,6.783351,7.280395,9.391192,7.280509,10.060869,8.730109,9.803847,"EFS_L5"
"136","PALVKK",9.578372,7.47699,8.119265,7.128812,6.606417,8.033039,9.910827,8.239921,6.430442,7.429991,10.050589,8.211696,9.826024,6.839171,9.629705,"EFS_L5"
"137","PALVUC",8.927325,8.813559,8.285999,6.937798,6.657243,9.0651,9.659212,8.206494,6.33135,7.962384,9.48238,7.636823,10.339878,6.685258,9.614144,"EFS_G5"
"138","PALVVH",9.471604,8.816001,8.077909,7.45222,6.014832,9.541609,9.636593,8.565193,6.853701,8.180248,9.934421,7.748714,10.086596,7.504869,9.862835,"EFS_G5"
"139","PALWBT",9.155998,8.48513,8.776278,7.349293,5.726568,6.229603,10.212348,7.594467,6.115753,8.126467,10.553868,8.140263,10.399945,7.506362,9.753834,"EFS_G5"
"140","PALWSJ",9.777182,9.010126,8.894885,7.3544,6.312322,9.808776,10.179102,8.862308,7.335008,8.603888,10.307718,8.070601,10.832449,7.101936,10.102887,"EFS_G5"
"141","PALWVJ",9.305807,8.805407,8.309633,7.103253,5.854633,9.922731,9.613296,8.539572,6.757419,7.80357,9.855629,7.81763,9.765074,8.182036,9.899953,"EFS_L5"
"142","PALWXP",9.482078,8.536587,8.24832,7.821224,6.642417,9.565343,9.742916,8.885575,7.065402,8.409437,10.252439,8.013651,10.55791,8.561321,10.213662,"EFS_G5"
"143","PALXTB",9.723524,8.36984,8.012253,7.589595,6.164655,9.879661,9.307456,8.466681,6.551044,7.946057,10.26017,7.914361,10.34799,8.612852,9.868992,"EFS_G5"
"144","PALXTE",9.325954,8.265901,7.971123,7.077678,6.47723,9.80141,9.355962,8.608102,7.213163,7.560788,9.278189,8.011616,10.606982,5.960521,10.183105,"EFS_G5"
"145","PALXUM",9.720987,8.599879,8.240747,7.375983,5.892196,10.094005,9.212259,8.639641,6.840297,7.893565,9.800531,8.280815,10.630181,4.82085,10.354027,"EFS_L5"
"146","PALYEC",9.114335,8.189314,7.86451,6.452189,6.049225,7.231233,9.44917,8.210336,6.654883,7.99778,9.381688,7.028815,8.881728,7.117622,9.100353,"EFS_L5"
"147","PALYLZ",8.953089,8.667421,8.000906,6.720638,6.590206,9.468042,10.025192,8.373059,6.630814,7.564199,9.844952,7.764472,10.319156,7.019789,9.836,"EFS_G5"
"148","PALYPW",9.474168,7.551406,7.78458,7.016472,7.193244,8.144706,9.723548,7.722085,6.433149,6.692398,10.275878,8.211701,9.777044,5.232149,9.443012,"EFS_L5"
"149","PALZRG",8.922586,8.376143,7.73385,6.447604,5.925502,8.632958,9.304691,8.416632,6.986986,7.249795,9.712814,7.419501,9.76382,6.182859,10.257089,"EFS_L5"
"150","PALZZV",8.433478,8.720002,7.997281,6.848647,6.640971,9.928293,9.047878,8.383778,6.601496,7.306604,9.191231,7.58715,9.75153,6.174206,9.754604,"EFS_L5"
"151","PAMACS",9.320582,8.365277,8.324201,6.514595,6.309839,8.325754,9.603998,8.431037,6.663609,7.794317,9.352051,7.176454,9.804006,6.128521,9.575222,"EFS_L5"
"152","PAMAFV",9.114306,8.47869,8.37528,6.770457,6.641975,9.415418,9.606511,8.589462,6.577548,7.677443,9.519232,7.412934,10.271226,6.658843,9.931333,"EFS_G5"
"153","PAMAJT",9.048512,8.537944,7.953613,7.169082,5.863456,8.870324,9.536111,8.575537,6.538061,8.047879,9.952446,7.645553,10.250426,6.381032,9.56122,"EFS_G5"
"154","PAMBDH",7.816075,8.179043,8.005279,6.57588,5.554162,8.634359,9.125765,7.809148,6.302712,7.597633,9.205935,6.836314,9.590922,5.436683,9.187443,"EFS_G5"
"155","PAMBMJ",9.460052,8.455265,7.940084,7.091694,5.455727,9.584414,9.509411,8.822383,6.930441,7.896517,9.739364,7.72745,9.869889,6.760138,10.109857,"EFS_L5"
"156","PAMBYG",8.319061,7.612782,7.65127,6.705881,5.392021,9.955303,9.325896,8.486566,6.545975,7.140939,9.386848,7.009752,9.442581,5.987353,9.233418,"EFS_L5"
"157","PAMCXF",9.345862,8.815005,8.182785,6.660395,5.758507,9.535225,9.399455,7.608519,6.27757,7.118838,10.24075,7.454381,9.714806,5.079549,9.85411,"EFS_L5"
"158","PAMEHH",9.652596,8.892704,8.140405,7.282157,7.348334,8.098482,10.253665,7.765896,6.320194,8.501182,10.819527,8.12384,10.515945,6.859852,9.410702,"EFS_L5"
"159","PAMEZH",9.065357,8.070073,8.264237,6.893774,7.316196,9.306304,9.516902,8.078068,6.397414,7.310636,10.273793,7.608652,10.051049,6.557049,9.541271,"EFS_L5"
"160","PAMJED",8.831919,8.866851,7.766896,6.386545,6.065125,9.54859,9.415754,8.142841,6.291854,7.428847,8.896,7.232382,9.554089,5.253339,9.388024,"EFS_L5"
"161","PAMLMY",8.414558,8.630399,8.47582,6.890013,6.079742,9.162637,9.870513,8.489618,7.285999,7.808356,9.270035,7.300669,9.820881,6.837256,9.707171,"EFS_G5"
"162","PAMLNB",9.685974,6.712331,7.281885,7.498073,5.576643,5.66513,9.314486,8.513364,6.634525,6.385986,8.79236,8.747202,9.50119,8.262881,9.693347,"EFS_G5"
"163","PAMMXF",8.725147,8.429511,7.766796,7.259743,5.325916,9.970925,9.832612,8.775214,6.766989,7.853222,9.617475,7.581787,9.678759,5.551203,9.969003,"EFS_L5"
"164","PAMMYR",9.421607,7.573518,7.78765,6.711838,5.528738,8.431211,9.39132,8.117576,6.790268,7.162742,9.042608,8.024538,9.151344,7.867819,9.08426,"EFS_L5"
"165","PAMNAL",9.435738,8.347167,8.182218,7.31128,6.674159,9.249416,9.758022,8.252981,6.704783,7.435493,9.665582,7.831303,10.16684,7.293124,10.170924,"EFS_G5"
"166","PAMNLH",8.969719,7.631827,8.42455,6.516508,5.802855,9.204687,9.575728,7.650598,5.873156,7.089417,9.49737,7.14669,8.938552,6.975206,9.13114,"EFS_L5"
"167","PAMVCL",9.10706,8.385059,7.94263,7.548635,6.487702,8.329267,9.740546,8.45719,6.384964,8.192983,9.954966,7.583225,10.288849,6.008763,9.850045,"EFS_G5"
"168","PAMXWF",9.37495,8.586773,8.321209,7.125568,5.700277,10.210647,9.976772,8.363774,6.682963,8.08397,10.10591,7.650258,9.792801,6.181661,9.828619,"EFS_L5"
"169","PAMYCE",8.78415,7.842653,8.087817,6.848346,5.912816,8.301755,9.079834,8.068084,6.069757,7.728522,8.981544,7.107521,9.687128,7.002038,8.870071,"EFS_L5"
"170","PAMYVA",8.64138,8.312678,7.717029,6.370614,6.757607,9.370831,9.41203,7.893748,6.458046,7.493873,9.168579,7.157414,9.89677,5.53566,9.053014,"EFS_G5"
"171","PAMZCE",7.663235,7.955975,7.826554,6.254752,5.728596,9.232994,8.91167,8.095571,6.061754,7.414432,9.338563,6.553922,9.565239,4.752224,9.087795,"EFS_G5"
"172","PAMZMG",8.19666,9.174231,8.08454,6.694105,5.780459,8.13641,9.437682,8.221414,6.254789,8.411318,9.443576,6.729639,9.416235,5.726044,9.722336,"EFS_L5"
"173","PAMZYM",9.384072,7.773955,7.869735,7.511698,5.122741,9.569086,9.516254,8.577276,6.54597,7.459711,9.764322,7.571269,9.920806,7.591972,9.452723,"EFS_G5"
"174","PANBJH",8.957353,8.107439,8.262782,6.694562,5.758069,9.891152,9.644753,8.176889,6.557877,7.637959,10.030127,7.07158,9.721701,5.325718,9.438926,"EFS_L5"
"175","PANBMJ",9.217995,7.679434,8.111672,6.8038,6.442655,7.694953,9.866099,8.23245,6.112219,7.375626,10.095534,7.253957,9.807929,7.050341,8.740112,"EFS_L5"
"176","PANBSP",8.929303,7.582152,7.582119,6.475604,5.00871,9.336332,9.290888,8.654606,7.400556,8.19823,9.659842,7.382513,9.726323,6.548221,10.0917,"EFS_L5"
"177","PANCYF",8.917044,7.955159,7.616306,6.861713,5.527428,9.03927,9.399669,8.558578,6.560755,7.348594,9.617237,7.411328,9.686912,7.388012,9.340489,"EFS_L5"
"178","PANDHZ",9.205298,7.350512,7.709481,6.643004,5.704221,8.356208,8.82909,8.066693,6.276474,7.13851,8.693955,7.620601,8.821185,6.635975,9.468681,"EFS_L5"
"179","PANGTS",9.207297,7.72091,8.075356,6.790985,5.452024,9.775478,9.695675,8.22748,6.759822,7.615693,9.72262,7.435847,10.033311,7.045291,9.332616,"EFS_G5"
"180","PANHUA",8.918001,7.585482,7.903945,6.581354,6.096003,8.726767,9.304292,8.076363,6.262067,7.306329,8.841144,7.288003,9.536299,6.739865,9.028609,"EFS_L5"
"181","PANLSG",8.60744,8.09587,7.908522,6.751714,5.592304,8.339254,9.303092,8.292429,6.645014,7.677982,9.303223,7.232692,9.565104,6.944178,9.32017,"EFS_L5"
"182","PANNIJ",8.767119,7.339042,8.133792,6.030274,5.389856,8.889652,9.058303,7.926559,6.437897,7.429185,9.507606,7.206634,9.148424,6.918972,9.107889,"EFS_L5"
"183","PANRRW",9.281871,8.156363,8.160459,7.294364,6.294781,9.615683,9.503641,8.465713,6.628607,8.154296,9.99667,7.517007,10.394355,7.155764,9.312704,"EFS_L5"
"184","PANUKV",8.675546,8.303322,7.673089,6.972021,5.159429,10.215505,8.648913,8.826029,7.017431,8.095612,9.674993,7.510965,9.968396,7.271943,10.201056,"EFS_L5"
"185","PANUVK",9.620956,8.184793,8.11561,7.741275,5.704951,9.289686,9.528906,8.830692,7.076069,7.824907,10.111307,8.064036,9.786351,7.28017,9.936774,"EFS_G5"
"186","PANVAN",9.178452,6.934156,7.90586,6.543451,5.852159,5.754211,8.625979,8.06147,6.436706,6.904109,8.126734,7.904947,8.886028,7.414922,8.81475,"EFS_L5"
"187","PANYGR",9.020787,8.212434,8.140712,6.851946,5.524921,9.029364,10.04914,8.159482,6.615101,7.599875,9.814825,7.230339,9.648407,7.319038,9.587384,"EFS_L5"
"188","PANZHT",9.184849,8.391978,8.087866,7.586922,5.283315,9.356465,9.558338,8.634713,6.593813,7.727559,9.163661,7.189118,9.821296,9.437855,8.948196,"EFS_G5"
"189","PANZPV",9.358485,8.639959,7.99218,7.40659,7.333113,9.249008,9.909232,8.672107,6.87938,7.775889,10.470038,7.401695,10.071375,7.081883,9.244802,"EFS_L5"
"190","PAPAKS",8.08321,7.793059,8.050324,6.080302,5.999901,8.10389,8.44005,8.129972,6.411189,7.363323,9.310259,6.412723,9.48034,5.349084,8.880172,"EFS_G5"
"191","PAPBGH",8.973715,8.643879,7.816261,6.761893,5.638226,9.996923,9.048057,9.23647,7.04122,7.894012,9.816625,7.643984,9.872146,6.600121,10.172846,"EFS_L5"
"192","PAPBZI",8.903719,8.074462,7.771973,6.962849,5.524551,9.912446,9.438234,8.792414,6.889214,8.016937,9.993584,6.814568,9.589521,5.887502,9.528237,"EFS_L5"
"193","PAPEFE",9.027896,7.592743,7.644598,6.232355,5.706136,8.041557,8.889331,7.905124,6.65621,7.525371,9.052381,7.527623,9.320644,7.607712,8.987573,"EFS_L5"
"194","PAPEJW",8.511368,8.002608,7.816416,6.517955,5.597036,9.322405,8.841945,8.228635,6.722191,7.217053,9.607396,7.280691,9.743504,6.258896,9.496547,"EFS_L5"
"195","PAPHPE",8.850434,8.273917,8.263031,7.171547,6.292532,8.736918,10.025502,7.998308,6.201051,7.684803,9.786138,7.298036,9.950014,6.72382,8.977594,"EFS_L5"
"196","PAPJLD",9.315782,7.783867,8.290046,7.017785,6.638439,6.920814,10.080863,8.157681,6.393364,7.95447,10.295111,8.165824,10.326248,6.40735,9.235457,"EFS_G5"
"197","PAPKWN",9.444231,7.858817,7.793474,7.168196,5.589404,8.545877,9.348722,9.021053,6.952005,8.06705,9.944086,7.914819,9.710761,8.576945,10.161164,"EFS_L5"
"198","PAPRTD",9.667203,7.126393,7.899891,7.769301,6.77946,7.069968,10.021966,8.279442,6.645577,7.760982,11.042117,8.340632,10.54995,6.518844,9.72141,"EFS_L5"
"199","PAPSEI",8.672964,8.642486,7.572012,6.871105,5.332244,9.860094,9.297356,8.713398,6.57256,7.752014,9.866848,7.222202,9.884864,7.202552,9.71645,"EFS_L5"
"200","PAPSKM",9.283332,7.629022,8.05429,7.027558,5.746665,9.367202,9.656696,8.739752,6.481543,7.67944,9.926803,7.712165,9.430882,7.877675,8.957337,"EFS_L5"
"201","PAPTIP",8.746073,8.264839,7.766211,7.37018,5.820056,9.501874,9.35778,8.793482,6.612977,8.143718,9.786896,7.197154,9.829341,7.414499,9.705045,"EFS_L5"
"202","PAPTLD",8.525711,7.784668,8.273344,6.808969,6.226705,7.950328,9.659664,8.274405,6.353409,7.597872,9.890144,7.076134,9.804263,7.005449,9.224094,"EFS_L5"
"203","PAPTLY",8.529741,8.042952,7.673776,6.55472,5.964441,8.765189,9.064623,8.352644,6.517419,7.445285,9.976017,7.247992,9.598321,6.37453,9.167311,"EFS_G5"
"204","PAPTMM",8.99457,7.509492,7.935981,7.382677,5.099582,9.326847,9.481706,8.722938,6.88096,8.239077,10.099086,7.423447,9.856224,8.169231,9.907,"EFS_G5"
"205","PAPUAR",9.292141,7.787048,7.925098,7.077108,5.706316,9.694751,9.615605,8.330288,6.719489,7.497666,9.66218,7.301453,10.076945,7.766214,9.269413,"EFS_G5"
"206","PAPUEB",9.551351,7.80203,7.604018,7.505216,5.547765,9.140743,9.341515,7.944038,6.517156,7.546803,9.778036,7.446816,9.817555,7.321418,9.289742,"EFS_G5"
"207","PAPUNH",8.917052,8.198184,7.705662,6.80331,5.383577,10.505717,9.200409,8.619498,6.693562,7.905021,9.69636,7.660994,10.013426,5.996321,9.786868,"EFS_G5"
"208","PAPUTN",8.604755,8.116392,7.694769,6.538993,5.717033,9.107102,9.282462,8.332822,7.019846,8.146885,9.63437,7.353515,8.822206,6.346457,9.006475,"EFS_L5"
"209","PAPWUC",9.727969,6.793076,7.195183,6.999251,5.946747,7.060987,9.043458,8.226151,6.771838,7.132325,9.013726,8.096181,9.464079,8.216102,9.24456,"EFS_G5"
"210","PAPZYP",9.154497,7.830906,7.883551,7.417197,5.708958,9.755617,9.375139,8.620592,6.687778,7.17676,10.030043,7.744098,9.943146,7.809323,9.852227,"EFS_G5"
"211","PARABN",8.343068,7.845533,8.119804,6.449187,5.710225,7.693277,8.741357,7.886789,6.119145,7.380507,9.146994,7.320296,9.468254,6.643223,8.970598,"EFS_L5"
"212","PARACM",9.538148,7.655519,7.690799,7.243203,5.9926,8.901908,9.843041,8.427628,6.805505,7.230283,10.106728,7.827867,10.156628,7.340208,9.329329,"EFS_G5"
"213","PARAHE",9.10321,7.804273,7.598434,7.827939,5.853042,7.822492,9.676125,8.610332,6.673728,7.505662,9.832523,8.033671,9.904009,7.996839,9.661543,"EFS_L5"
"214","PARCWT",9.721821,7.934386,7.930986,7.699172,6.245375,9.613846,10.110697,8.613322,6.666432,8.080443,10.405129,7.948372,10.1706,7.006026,9.889084,"EFS_L5"
"215","PARDUJ",9.24941,8.069601,7.994651,6.966136,6.024204,9.151633,9.031422,8.349802,6.496611,7.696671,9.583067,7.251401,10.225614,6.912141,9.05599,"EFS_L5"
"216","PAREGK",9.077919,7.412471,7.984956,7.110946,5.70234,7.968571,9.242705,8.183078,6.26449,7.055567,9.537449,9.021159,9.814166,7.29473,9.35329,"EFS_G5"
"217","PARFBW",8.541621,7.916979,8.458497,6.964754,6.737523,7.850466,9.199757,8.031721,5.931013,7.884179,10.05443,7.677247,10.106759,6.825303,8.890338,"EFS_G5"
"218","PARGDJ",8.90942,8.03681,8.388698,7.604407,6.345705,9.117883,10.247796,8.480546,6.297029,8.082799,10.345012,8.057696,10.318449,7.819357,9.457442,"EFS_L5"
"219","PARGUX",9.256755,7.776008,8.258805,6.838845,5.717652,8.984254,9.60905,8.158064,6.006607,7.742068,10.016728,7.737826,10.249952,7.302637,9.643549,"EFS_G5"
"220","PARHYL",9.436875,8.348062,7.928973,7.421184,5.641839,9.388937,9.537637,8.266042,6.462312,7.701258,10.071687,8.067686,10.091131,8.610791,9.93777,"EFS_G5"
"221","PARIKF",8.619607,8.355213,7.768928,7.000583,5.481772,9.831626,9.282293,8.657094,6.549189,7.855449,10.365351,7.180687,9.875834,6.116617,9.845762,"EFS_G5"
"222","PARIKT",9.221247,7.500532,8.77721,7.221792,6.351942,7.64936,10.417673,7.930906,5.651086,7.92045,11.166628,7.826193,10.485208,7.430206,9.297015,"EFS_L5"
"223","PARIRD",8.190155,8.244796,7.992145,6.436485,6.117358,9.227333,9.081486,7.878186,5.378604,7.803037,9.381865,6.629968,8.569064,5.409476,8.566675,"EFS_L5"
"224","PARJAR",9.696816,7.9427,8.139414,7.373659,6.226855,9.498379,9.239183,8.646245,6.38363,7.770479,9.962949,7.88079,9.967064,8.536551,9.400441,"EFS_L5"
"225","PARJTB",8.767756,8.318854,7.55625,7.081758,5.299526,9.352855,9.381684,8.56851,6.633612,8.641222,9.697213,7.36204,9.596732,7.49371,9.812655,"EFS_L5"
"226","PARMFA",9.7264,7.696012,7.954991,7.669733,6.993923,7.901315,9.971489,8.361103,6.55974,7.684066,10.925076,8.175011,10.422189,9.335761,9.554647,"EFS_G5"
"227","PARMTT",8.772761,8.063442,7.969562,7.114084,5.55839,9.872019,9.254466,7.998535,6.381439,7.855354,9.464274,7.174073,9.443109,6.434767,9.596511,"EFS_L5"
"228","PARNCW",8.568249,7.786638,7.696536,7.3431,6.005371,8.204587,9.390167,8.197608,6.412284,7.270145,9.577256,7.627646,9.933792,6.191388,9.396334,"EFS_L5"
"229","PARNEE",8.196652,7.729219,7.875632,6.739199,5.48503,8.745491,9.357804,8.133036,6.071089,7.550618,9.433805,7.430797,9.654947,5.347983,9.672342,"EFS_L5"
"230","PARRBU",8.992483,8.565009,7.835773,6.618716,5.53617,9.062874,9.259928,8.177666,6.332055,8.311944,9.548257,7.294699,9.749099,6.576744,9.592226,"EFS_L5"
"231","PARSEA",8.847928,7.485253,8.644785,6.572961,6.078588,9.249317,8.695506,7.936824,6.029601,7.687698,9.91897,7.09142,10.028334,6.503599,9.158138,"EFS_G5"
"232","PARSHT",8.219706,7.728695,7.739594,6.557336,5.758855,8.44303,9.117475,7.877334,6.033971,7.081282,8.757372,7.179868,9.765377,6.556101,8.90736,"EFS_G5"
"233","PARUXY",8.788437,7.998993,8.272719,6.686744,6.546339,8.480869,9.650843,7.97247,6.027756,7.89979,10.134719,7.298622,9.885179,6.753846,9.026224,"EFS_G5"
"234","PARVME",9.173527,8.561688,8.11062,7.470704,5.40274,9.549547,9.930439,8.418169,6.069559,8.032029,9.830028,7.529515,9.752154,8.857446,9.143524,"EFS_L5"
"235","PARVRR",8.782316,8.177209,7.659072,6.93325,5.952899,8.665078,9.52446,8.860024,6.440147,8.221415,10.029556,7.454651,9.85142,7.189869,9.451115,"EFS_L5"
"236","PARXLM",8.448405,7.561962,8.147217,6.769323,5.639688,9.086537,9.022817,7.939227,6.224448,7.478776,9.744416,7.145947,9.500608,6.255079,9.217204,"EFS_L5"
"237","PASATK",8.610877,7.820288,8.113452,6.957563,5.617856,9.675338,9.334924,7.753074,5.841625,7.664163,9.39149,6.951976,9.929926,7.990075,9.023744,"EFS_L5"
"238","PASAZJ",9.221981,8.335853,7.740083,7.143809,5.446337,9.598467,9.437294,8.254138,6.355514,7.345173,10.103013,7.557845,9.998401,7.076407,9.542354,"EFS_G5"
"239","PASBEN",9.153218,7.806913,8.312199,7.163334,5.38559,9.262234,10.041493,8.657408,6.047973,7.969925,9.884353,8.03423,9.821839,6.936117,9.028566,"EFS_L5"
"240","PASCKI",9.334752,7.982478,7.762778,7.085139,5.94658,9.422327,9.481751,8.25522,6.705619,7.519765,9.690518,7.469357,9.722001,8.742463,9.44289,"EFS_G5"
"241","PASCLP",8.8504,7.987998,7.537381,7.225435,5.84576,10.00449,9.457386,8.711916,7.019649,7.319852,9.78269,7.617981,9.986239,5.232618,9.85428,"EFS_L5"
"242","PASCUF",9.561688,8.107062,7.817731,7.424349,5.472707,10.400001,9.879847,8.140262,6.078834,8.191173,10.493427,7.515084,10.136249,6.253306,9.148607,"EFS_L5"
"243","PASDZJ",9.442151,6.879877,7.676477,6.667968,5.679102,6.53449,8.771641,8.302106,6.437104,7.16882,7.8756,8.147138,9.06954,8.142491,8.926925,"EFS_L5"
"244","PASFRV",9.507525,7.687293,7.653336,7.459101,5.241054,9.506115,9.589803,8.456275,6.448874,7.336543,9.421608,7.812376,10.005841,8.147855,9.609238,"EFS_L5"
"245","PASGPY",9.131123,8.571481,8.177966,7.506422,5.939081,9.362614,9.723495,8.385095,6.787984,7.986042,9.880164,7.658294,10.64053,7.246344,9.839803,"EFS_L5"
"246","PASJRT",8.380389,8.262229,7.620959,6.905033,5.528784,8.988772,9.482843,8.392103,6.367327,7.362502,9.839837,7.139195,9.808839,5.190161,9.686296,"EFS_L5"
"247","PASJYB",8.523424,8.252274,7.770369,6.877619,6.172044,9.300753,9.522078,8.37732,6.224899,7.905025,9.457075,7.424121,9.68173,6.641553,9.469246,"EFS_L5"
"248","PASKJX",8.645588,8.261689,8.003044,7.191584,5.660818,9.593478,9.573471,8.319787,6.522419,7.211339,9.846426,7.68077,10.383307,7.836151,9.751045,"EFS_L5"
"249","PASLGS",9.697877,7.815349,8.255479,7.641823,5.410479,9.282153,9.789473,8.388162,7.012874,7.470188,10.008265,7.591311,9.93495,8.093354,9.316569,"EFS_L5"
