"","Row.names","CDC42","CREB1","GNAI1","GNAO1","GNAZ","GNB1","GNG2","MAP2K1","MAPK1","PELP1","PIK3R1","PLCB1","PTK2","EFS_fct"
"1","PAAPFA",9.102997,8.438399,7.399099,8.879735,8.321548,10.7563,7.959988,8.285188,9.047032,7.554784,8.692898,7.265251,8.793864,"EFS_L5"
"2","PACLJN",9.319133,8.662342,8.264983,9.985085,8.948028,11.120883,9.016018,8.631856,9.316462,8.171436,9.308134,7.388451,8.974116,"EFS_G5"
"4","PACRYY",9.507686,9.534917,8.719674,9.480503,8.716951,10.899114,8.816753,8.142311,9.110128,7.879343,8.417528,8.168556,8.960199,"EFS_G5"
"5","PACRZM",9.240843,9.052494,8.295162,8.834991,8.876816,10.757127,8.775551,8.21954,8.898156,7.895059,8.446739,6.401506,8.91805,"EFS_L5"
"6","PACSNL",9.638397,8.986499,8.116362,8.823271,8.510272,10.922623,7.798767,8.915456,9.221039,8.156813,8.978921,7.904683,9.03101,"EFS_L5"
"7","PACSSR",7.363243,7.241458,6.757081,8.735241,7.674449,8.90157,6.408404,7.149641,7.343894,7.88016,7.827384,6.274869,8.263926,"EFS_L5"
"8","PACUGP",8.648961,8.983681,7.225381,8.738194,8.184479,10.203287,8.657845,8.020578,8.668985,8.117722,7.836152,7.404898,8.728627,"EFS_L5"
"9","PACVNB",9.367681,8.547038,7.808845,9.363681,8.654772,11.02039,9.087817,7.991938,9.125372,7.780525,7.649989,6.961788,8.700155,"EFS_L5"
"10","PACYGY",8.844611,8.557664,6.958478,9.437063,8.706253,10.624198,8.79258,8.235067,8.880235,7.656366,8.503508,7.093486,8.833034,"EFS_L5"
"11","PACZPX",9.06889,8.892701,7.329532,8.242382,7.46093,9.959747,8.248435,7.484027,8.115988,7.298043,8.769315,8.543286,8.655345,"EFS_G5"
"12","PADENF",9.709414,9.527164,8.645853,9.107205,8.934431,11.021817,9.524628,8.182863,9.710882,7.544954,8.135089,6.541761,9.024757,"EFS_G5"
"13","PADFLI",8.924476,8.812546,7.804174,8.93427,8.050839,10.668584,7.869719,7.944091,8.869337,7.76429,7.747695,6.193133,8.830797,"EFS_G5"
"14","PADHWC",9.38976,8.196266,7.091226,8.635496,8.219743,10.668177,8.484521,8.301426,9.005037,7.529979,8.749976,6.881593,8.945518,"EFS_L5"
"15","PADIEY",8.806268,8.643423,7.853853,9.180095,8.825104,10.622868,8.984827,7.527276,8.940115,7.605775,7.570168,7.300465,8.803672,"EFS_G5"
"16","PADIHC",9.21027,8.849166,7.944501,8.983863,8.847525,10.347692,8.483038,8.59936,8.959667,8.141674,9.353466,6.301349,8.957463,"EFS_L5"
"17","PADINC",9.191483,9.015219,6.903794,8.275605,8.035603,10.417967,8.306405,7.839093,9.054325,7.598411,8.873105,8.059973,8.782932,"EFS_L5"
"18","PADIRB",8.585304,9.305751,8.419751,9.318037,8.665334,10.30208,8.645535,8.198234,9.38643,8.201723,9.606708,8.926793,8.628928,"EFS_L5"
"19","PADKFS",9.544141,8.568223,7.69352,9.103432,8.383975,11.13255,9.01238,8.329566,9.179449,7.632391,9.172659,6.511461,8.646501,"EFS_L5"
"20","PADKFU",9.06969,8.990467,7.526524,9.653108,8.678636,10.55736,8.660874,8.407639,8.867202,7.4631,8.055394,5.889075,8.914549,"EFS_G5"
"21","PADKGF",9.964546,8.871675,7.693349,7.853186,7.841217,10.46731,8.699101,8.793524,9.180459,6.9539,8.83285,6.887984,9.033522,"EFS_G5"
"22","PADKNE",9.280286,9.40664,8.565886,9.07738,8.387769,10.912788,8.191659,8.170636,9.514046,7.62121,8.461012,6.400479,8.781934,"EFS_L5"
"23","PADKRU",8.459191,8.401024,6.807007,8.76364,8.315423,10.360446,7.723664,7.465389,8.82336,7.80381,7.597394,6.291789,8.585822,"EFS_L5"
"24","PADKVV",9.300851,8.477432,6.921833,8.758104,7.921485,9.980601,8.714284,8.245276,8.8273,7.350707,8.6969,6.424479,8.46435,"EFS_L5"
"25","PADKXS",9.205499,9.059723,8.234384,8.835346,8.298434,10.811959,8.287022,8.444679,8.869374,7.684194,9.078579,8.213704,8.778096,"EFS_L5"
"26","PADKYP",9.422833,8.347044,7.011901,7.774466,7.777481,10.254347,8.202887,8.44932,8.696849,6.952461,8.006283,7.025071,8.637194,"EFS_L5"
"27","PADLDA",9.566143,8.44537,6.758002,7.318696,7.540814,10.35358,8.028889,8.49107,8.690289,7.099722,7.975817,6.196273,8.235783,"EFS_L5"
"28","PADLDT",8.493804,8.044543,7.244681,8.845162,8.393955,9.957306,8.004562,7.918604,8.556793,8.19594,8.072714,6.638433,8.580707,"EFS_L5"
"29","PADLES",9.927755,9.351142,8.707408,9.081153,8.618482,11.133697,8.981583,8.091491,9.264862,7.762155,9.088734,5.478747,8.924357,"EFS_L5"
"30","PADLIC",9.14697,8.472166,7.325844,9.105036,8.095818,10.88576,9.026431,7.977773,8.683334,7.751184,8.589663,7.358114,8.609128,"EFS_G5"
"31","PADLJN",9.371836,8.464378,7.578796,9.425874,8.746288,10.724908,9.300885,7.983618,8.837328,7.941319,8.693142,6.417047,8.527374,"EFS_L5"
"32","PADLKJ",9.078975,8.566944,7.235331,8.972641,8.323055,10.366867,8.840256,8.154178,9.010937,7.907839,8.301696,6.303547,8.82065,"EFS_L5"
"33","PADLNM",9.295875,9.322425,7.619397,8.892917,8.350801,10.856427,8.579349,7.439631,9.493515,7.579686,8.065749,7.655666,9.081388,"EFS_L5"
"34","PADLPR",8.444855,8.562221,7.041421,8.388967,8.272182,10.078867,8.378741,7.307134,8.299823,7.704349,8.207594,6.811072,8.782345,"EFS_L5"
"35","PADLPZ",8.519922,8.471335,7.532224,9.372043,8.874352,10.605468,8.227178,7.712133,9.056974,7.862474,9.059684,6.769781,9.28219,"EFS_L5"
"36","PADLTD",8.635257,8.360186,7.095772,8.683059,7.876264,9.830503,8.389593,7.667974,8.238311,7.598578,8.527864,6.767856,8.929493,"EFS_L5"
"37","PADMGA",9.844926,8.489379,7.422831,8.322276,7.921786,10.754119,8.594743,8.635237,9.028741,7.491834,9.006754,6.670805,8.787076,"EFS_L5"
"38","PADMTD",9.238452,9.29089,8.18249,8.779699,7.994014,10.378708,7.82916,7.643502,9.068584,7.889792,8.752241,7.524844,8.880715,"EFS_L5"
"39","PADMVB",8.540513,8.505186,7.130617,9.083562,8.657171,10.703875,8.136635,7.343761,8.614319,7.782241,7.854515,5.7462,8.331716,"EFS_L5"
"40","PADMXD",9.18229,8.894157,8.079454,9.53886,8.028942,10.516367,8.355324,8.310664,9.204841,7.977912,8.465562,7.185421,9.074833,"EFS_L5"
"41","PADMYD",9.306727,8.476956,6.971756,8.845665,8.206705,10.601493,7.79495,8.208092,8.887963,7.547345,8.322081,7.254613,8.604989,"EFS_L5"
"42","PADNFT",9.462702,9.236742,7.249476,9.360721,8.656593,10.771694,8.015741,8.377641,8.900504,7.210688,8.204652,6.536843,8.86702,"EFS_L5"
"43","PADNNX",9.316987,8.800478,7.300927,9.371331,8.826051,10.939548,8.853959,8.164091,8.933391,7.81722,9.397616,7.833722,8.830296,"EFS_L5"
"44","PADNXC",8.794851,8.575848,7.014707,8.516825,7.989652,10.142193,8.081145,8.140719,8.817937,7.74932,8.677586,6.805493,8.894201,"EFS_L5"
"45","PADPCI",9.665419,9.035681,8.215523,9.625124,9.069087,11.340874,8.540488,8.497132,9.444054,7.711469,8.744799,5.763175,8.783792,"EFS_L5"
"46","PADPEY",8.507318,8.043354,6.91834,9.017366,7.584832,9.58027,8.333272,7.427453,7.902503,7.59303,7.783018,7.616232,8.720938,"EFS_G5"
"47","PADPHP",9.454582,8.58156,7.233305,8.831996,8.648789,10.750904,8.486729,8.340215,8.96569,7.766362,9.738682,6.46078,8.619006,"EFS_L5"
"48","PADPMU",9.07365,8.225209,7.405358,9.482932,8.617955,10.54107,8.396909,8.083553,8.854999,8.000677,8.411241,7.611801,8.385729,"EFS_L5"
"49","PADPRJ",9.431139,9.116682,8.311989,9.003158,8.624529,11.048762,8.034233,8.184047,8.928751,7.631971,8.959881,6.934011,8.790098,"EFS_L5"
"50","PADRYN",7.406239,7.644927,5.710944,7.764845,7.816632,9.153712,6.837991,7.193751,7.448038,7.421993,7.008784,7.051616,8.2678,"EFS_L5"
"51","PADSEC",9.497368,8.859573,7.959006,8.955208,9.000545,10.881399,8.743428,8.360214,9.625199,7.511125,8.621654,7.523352,8.744091,"EFS_L5"
"52","PADSMF",8.956871,8.807565,7.116204,9.344897,8.52691,10.750568,8.445261,8.072889,8.878412,7.844511,8.332364,6.498927,8.445432,"EFS_G5"
"53","PADSXE",9.675424,9.094069,8.345459,9.3264,8.740229,11.25065,8.435746,8.385446,9.286784,7.695062,8.612043,6.658084,8.953123,"EFS_G5"
"54","PADSXU",9.090387,8.699343,7.446293,8.692194,8.077122,10.176203,8.128723,8.618624,9.244703,7.433381,9.233486,8.366671,9.001204,"EFS_L5"
"55","PADTCU",8.980755,8.170735,7.120203,9.052474,8.392424,10.392906,8.094588,7.532036,8.703444,7.529994,8.058632,7.198135,8.240416,"EFS_L5"
"56","PADTJJ",8.597849,8.793345,7.59267,8.896519,8.051255,10.041293,8.560518,7.808574,8.652959,7.857169,8.22798,6.052395,9.064311,"EFS_G5"
"57","PADTRV",9.249795,8.268969,7.532051,8.818376,7.742745,10.33172,9.109191,7.49267,8.438648,7.374212,8.985503,7.229692,9.313869,"EFS_G5"
"58","PADUKP",7.963138,8.12188,6.174052,8.836309,8.403207,9.739957,8.368297,8.386521,8.445777,6.812765,8.40561,7.790483,8.111847,"EFS_L5"
"59","PADUWR",9.581727,8.960008,8.2833,9.428738,8.676992,11.505307,9.643986,8.811261,9.741301,7.813058,9.476678,7.758409,9.280611,"EFS_G5"
"60","PADUYJ",8.550957,8.998138,7.474557,8.868566,8.388746,10.118644,8.099747,7.241491,8.730343,7.830403,8.644463,7.442301,9.011414,"EFS_L5"
"61","PADVSN",8.733221,8.056572,6.727187,9.585685,8.941681,10.852241,8.493132,7.056956,8.539825,7.86011,7.339002,5.644082,8.517423,"EFS_G5"
"62","PADVWW",9.451785,9.174581,7.733873,9.17316,8.52799,10.856167,7.971295,8.330497,8.744506,7.304456,9.314224,7.864546,8.848487,"EFS_G5"
"63","PADWEN",9.222669,8.718778,7.421944,8.553716,8.507939,10.696147,6.377552,8.004359,8.635085,7.756326,8.339718,6.405934,9.308577,"EFS_L5"
"64","PADWIM",9.403553,8.376076,7.221481,8.679435,8.521905,10.57251,8.90841,8.242574,8.878287,7.844687,8.93276,7.824942,8.730006,"EFS_L5"
"65","PADWSM",9.564889,9.100368,8.911379,9.643812,9.69872,11.269885,8.927434,8.505796,10.134316,8.137788,9.565572,7.548892,9.142577,"EFS_G5"
"66","PADWVR",9.713835,9.010979,8.381679,8.246233,8.025124,10.957704,8.194398,7.885218,8.541207,7.270689,9.046068,5.724083,8.729107,"EFS_G5"
"67","PADXAS",9.322225,8.68245,7.713429,8.974384,8.673025,10.812107,8.443386,8.400657,8.742729,7.900296,8.714195,7.326815,8.952515,"EFS_G5"
"68","PADXBB",8.579809,7.576125,6.573825,8.140801,8.027205,10.142795,7.905705,7.459692,8.045975,7.332885,7.76581,5.896044,8.089356,"EFS_L5"
"69","PAIDJS",9.099817,8.57454,7.431156,9.079561,8.304008,10.882116,8.723107,7.674152,9.054107,7.890299,9.935598,8.100466,8.789021,"EFS_G5"
"70","PAIEIF",9.82421,8.581722,7.862261,9.759474,8.573242,11.073929,8.62973,8.587451,9.165394,7.184523,9.920556,7.259166,8.716763,"EFS_L5"
"71","PAILZJ",9.742716,7.748104,7.404136,9.035082,8.642143,10.804871,8.687555,8.584679,9.168074,7.391133,9.480736,6.957356,8.853558,"EFS_L5"
"72","PAIMDS",9.37208,9.189346,8.370877,9.240323,8.293521,10.441348,9.09601,8.420471,9.461179,7.391982,9.458092,7.221582,9.781172,"EFS_L5"
"73","PAIPGU",9.167172,8.659847,7.450133,8.926416,8.758456,10.32414,8.533496,7.937038,8.916868,7.570492,8.317201,6.51951,8.477472,"EFS_L5"
"74","PAIPUD",9.488483,9.016011,8.340564,9.432367,8.478837,11.081478,8.831689,7.896661,8.88762,7.518695,9.45007,7.368256,9.00145,"EFS_G5"
"75","PAIRDP",9.108469,9.043715,7.652244,9.417429,8.031976,10.550936,7.331628,7.631779,8.595618,7.112293,8.39992,7.638319,8.897739,"EFS_L5"
"76","PAIRIK",8.953384,8.554062,7.980869,9.26462,8.675877,10.992407,9.106904,7.970272,8.570958,7.478001,8.968163,7.293954,8.559756,"EFS_G5"
"77","PAIRLN",9.485794,8.488215,7.86573,9.04032,8.405895,10.273863,8.600584,8.094506,8.592459,7.611159,8.455116,6.640205,8.906352,"EFS_G5"
"78","PAISNS",8.699122,8.78831,7.398048,9.115008,8.922007,10.065775,8.308474,7.834233,9.157727,7.589792,8.820988,6.074102,8.87628,"EFS_L5"
"79","PAITCI",8.966586,8.5218,7.018049,9.716581,8.365064,10.449734,8.038814,7.752936,8.687386,7.839313,9.090919,8.92355,8.555687,"EFS_L5"
"80","PAITEG",9.925513,8.126589,7.592053,7.936903,7.821655,10.626485,7.882813,8.886988,8.772533,7.151161,8.627856,7.012355,8.335087,"EFS_L5"
"81","PAITRM",9.357307,8.797714,7.462084,8.997589,8.770582,10.452453,8.552038,7.920429,8.948843,7.603254,8.069729,6.802812,9.004905,"EFS_G5"
"82","PAITZV",8.972367,8.207387,7.563809,9.391764,8.515579,10.302838,8.694924,7.992853,8.070783,7.593106,7.388728,6.237329,8.848951,"EFS_G5"
"83","PAIUJB",8.640286,8.908504,7.566042,9.26523,8.032332,9.726701,8.765555,7.277274,8.466573,7.492071,8.717252,7.378959,8.979189,"EFS_L5"
"84","PAIVHE",9.451962,7.913724,7.279728,8.805776,8.411868,10.570215,8.731627,8.162994,8.671633,7.442568,8.738336,6.713417,8.74156,"EFS_L5"
"85","PAIVMJ",9.61676,8.983875,8.296321,9.318619,8.607618,10.831694,9.334694,7.824733,9.581963,7.920467,9.652335,7.211541,9.341513,"EFS_G5"
"86","PAIVZR",8.590917,8.637682,6.980338,8.89797,8.227314,9.996093,8.194309,7.776042,8.41254,7.559117,8.010708,6.229316,8.608929,"EFS_L5"
"87","PAIWHU",8.923554,8.745675,8.079094,9.400418,8.476922,11.185128,9.142741,8.452252,9.034113,7.79854,8.697194,6.916148,8.882916,"EFS_G5"
"88","PAIWVG",8.899483,7.835311,6.639561,8.980239,8.294008,10.309094,8.47197,7.768124,8.332884,7.736651,8.047182,6.701419,8.475687,"EFS_L5"
"89","PAIXLC",9.385813,9.178662,7.793552,9.018571,7.882501,10.58252,9.046864,8.021587,8.859082,7.695016,10.001395,7.142457,8.867815,"EFS_G5"
"90","PAIXNG",8.26105,8.719029,6.781529,6.390074,7.762834,9.890633,6.305405,7.652591,8.476021,8.112168,7.07076,7.838489,8.882707,"EFS_L5"
"92","PAJYHP",9.254162,8.738056,7.549184,9.157829,8.45575,10.57701,8.240705,7.80851,8.772819,7.19943,7.479534,7.968313,8.486184,"EFS_L5"
"93","PAJYLA",9.675719,8.355124,7.569128,8.18552,8.500103,10.540124,8.365769,8.162972,8.47883,7.130207,8.138767,7.986947,8.593418,"EFS_L5"
"94","PAJYVA",8.307485,8.510417,7.178804,8.758454,7.998073,9.929333,7.516175,7.609136,8.204953,7.677224,7.711403,7.01967,9.023845,"EFS_L5"
"95","PAJZUU",8.345171,7.61224,6.601111,8.507246,8.589965,9.904466,7.300646,8.08739,8.170097,8.00765,6.520632,7.71016,8.423356,"EFS_L5"
"96","PAJZWL",8.823472,8.670511,7.215619,9.046179,8.619761,10.454976,8.619266,7.56361,9.320539,7.825457,8.598417,6.562715,9.119772,"EFS_L5"
"97","PAKACY",8.639376,8.73669,7.307496,7.920587,7.599953,9.945141,7.988732,7.591226,8.161571,7.09335,7.738087,6.303212,8.854161,"EFS_L5"
"98","PAKADI",9.426034,9.026405,9.235945,9.516435,8.604708,11.126605,9.212727,8.087598,9.172044,7.546804,8.491354,5.707947,8.906962,"EFS_L5"
"99","PAKAFK",8.634892,9.332691,7.705002,9.314043,8.738544,10.448827,8.102071,8.357277,9.274816,7.735474,9.365447,5.974996,8.390518,"EFS_G5"
"100","PAKANZ",9.108967,8.545503,7.272761,9.26407,8.117871,10.167662,8.401789,7.690302,8.833142,7.59213,8.936336,7.072937,8.885992,"EFS_L5"
"101","PAKDHL",9.28256,9.285701,7.640843,9.095256,8.49353,10.684387,8.128216,7.340634,8.872498,7.379681,8.690272,6.652339,8.06745,"EFS_L5"
"102","PAKGCI",9.122487,8.748727,8.720681,8.674634,8.450885,10.726679,8.715477,8.056129,9.238032,7.79782,9.953679,7.981977,8.699329,"EFS_G5"
"103","PAKGKH",9.435272,8.558459,8.159272,9.626898,8.920251,11.158315,8.809411,8.600261,9.311922,8.321377,9.26457,7.348311,8.275886,"EFS_L5"
"104","PAKGMY",8.260216,8.101545,6.484266,8.514765,8.113713,10.029798,7.815631,7.532633,7.883623,7.872214,7.662388,5.833553,8.250327,"EFS_L5"
"105","PAKHAV",9.478577,8.806979,8.507754,9.59181,8.832352,11.324676,9.19251,8.498773,9.268628,8.31903,9.180549,7.948961,8.679417,"EFS_L5"
"106","PAKINP",9.367313,8.660253,8.654576,9.342734,8.379235,11.176566,9.152806,8.221396,8.973527,8.165001,9.52801,8.425883,9.146173,"EFS_G5"
"107","PAKJBA",9.580608,9.598385,8.102678,8.880324,8.786373,11.136122,8.47678,8.282513,9.516435,8.230204,9.277934,7.573775,8.745205,"EFS_G5"
"108","PAKSWB",9.488237,9.207107,8.072781,9.520634,8.400326,11.338181,9.426164,7.686681,9.06965,7.785435,9.502184,7.752199,9.215542,"EFS_G5"
"109","PAKUXT",9.667109,8.791477,8.004646,9.745605,8.654301,10.940568,8.936031,8.208991,9.389166,7.819443,9.817123,6.268173,9.217261,"EFS_L5"
"110","PAKWCJ",9.042193,8.516494,8.077402,9.349983,8.388108,11.078964,8.476873,8.234471,8.724014,7.952229,9.458015,7.260981,8.644227,"EFS_G5"
"111","PAKXDZ",8.946553,8.438729,6.929684,9.167171,8.131159,9.65514,7.661907,7.576969,8.349815,7.907739,8.010369,6.712569,8.724142,"EFS_L5"
"112","PAKYZS",9.039668,7.804524,7.647437,9.385593,8.55037,10.758554,8.01469,8.402067,9.06465,7.520388,9.092322,6.573939,8.895885,"EFS_L5"
"113","PALAWZ",9.778958,7.653166,7.367621,9.21263,8.323805,10.851609,8.51507,8.74518,9.00589,7.693487,8.552663,6.535456,9.012659,"EFS_L5"
"114","PALBFV",8.72297,8.887406,7.045819,9.101664,8.494595,10.035307,7.686095,7.828186,8.652461,7.988741,8.040732,7.912668,8.267985,"EFS_L5"
"115","PALBFW",9.499262,8.71462,8.584073,9.546838,8.218691,10.973489,8.747289,8.182901,9.224384,7.577261,9.867669,7.323507,9.312265,"EFS_L5"
"116","PALEAC",9.275603,9.062866,8.432617,9.293096,8.21255,11.076594,8.997812,7.821689,9.087593,7.815918,9.381155,7.748679,8.843324,"EFS_G5"
"117","PALEBK",9.489796,8.835959,8.319579,9.57906,8.497203,11.106974,8.754164,8.048391,9.441745,7.686557,9.852614,6.914095,9.118814,"EFS_G5"
"118","PALETP",9.398117,9.369931,7.829268,9.258005,8.495939,11.361016,8.975482,7.727339,8.724346,7.548696,7.452319,6.48733,8.603929,"EFS_L5"
"119","PALFRE",9.030723,8.588095,7.189491,8.924386,8.51219,10.557716,8.526334,8.248776,9.079194,7.713835,9.282235,6.929104,7.931435,"EFS_L5"
"120","PALFSE",9.812137,8.897481,8.777478,9.434688,8.547924,11.083517,9.080068,8.891413,9.55443,7.774274,10.306227,8.171186,8.8027,"EFS_G5"
"121","PALGFF",9.161864,8.656102,8.303181,9.564963,8.481596,10.775953,9.238497,7.944022,9.167553,7.669175,9.53998,8.166396,8.547246,"EFS_L5"
"122","PALHVD",8.692498,8.533268,7.601558,8.943965,8.419918,10.812721,8.553342,7.522259,8.360432,8.074746,8.600046,6.456773,8.668972,"EFS_L5"
"123","PALIIN",9.277158,9.214235,8.193309,8.496868,7.921199,10.622484,8.609301,7.853828,8.688139,8.047282,8.568444,6.463353,8.773177,"EFS_L5"
"124","PALKKV",9.41497,8.65081,8.59347,9.463308,8.786455,10.943649,9.311564,7.941298,9.313855,7.920211,9.199634,8.081663,9.290354,"EFS_G5"
"125","PALKUC",9.074547,7.463328,6.551771,7.605361,7.64069,10.090402,7.317848,8.012994,8.18834,7.454083,7.618729,6.25537,8.43273,"EFS_G5"
"126","PALLJJ",9.584635,8.429557,8.27916,9.62926,9.37808,11.294449,8.431886,9.582002,9.451991,8.357289,8.176102,7.988972,8.037249,"EFS_G5"
"127","PALNFE",8.519101,8.485446,8.211674,9.555241,8.29029,10.562412,8.946825,7.698492,8.867446,8.186177,9.270299,8.187399,8.85362,"EFS_G5"
"128","PALNHZ",9.045077,8.516562,7.876871,9.09072,8.715359,10.787647,7.356843,7.816546,8.863132,7.670548,7.260221,8.101445,9.284446,"EFS_L5"
"129","PALNVP",9.528452,8.732515,8.031322,10.08445,9.03147,11.390926,8.979006,8.935013,9.360111,8.134177,10.042348,8.098126,8.55142,"EFS_G5"
"130","PALPIN",8.945505,8.657542,7.972409,9.418033,8.051709,10.983944,9.370958,7.985493,8.437398,7.794914,9.682768,6.911435,9.242615,"EFS_G5"
"131","PALPSY",8.961386,9.032745,7.929772,9.486145,8.396198,10.820496,8.983364,8.20172,9.243101,7.723244,9.64678,6.729598,8.862752,"EFS_G5"
"132","PALSAE",8.593557,8.598394,7.648584,8.805818,8.218992,10.173177,8.327134,7.981209,8.64078,7.924337,9.403342,8.043356,8.083574,"EFS_L5"
"133","PALTYB",9.94867,8.647514,8.505963,9.563825,8.934135,11.303603,8.847912,9.50307,9.828545,7.948875,9.143133,8.26489,8.666026,"EFS_L5"
"134","PALUDH",9.176935,8.677995,8.432799,9.271478,8.865702,10.347038,8.835924,7.969617,9.012628,7.979841,9.281257,6.343583,8.645656,"EFS_G5"
"135","PALUYS",8.978933,8.656582,7.488252,9.024628,8.318592,10.795875,7.786274,7.911326,8.377554,7.84738,8.619118,6.384598,8.638743,"EFS_L5"
"136","PALVKK",9.578372,8.349909,6.982142,9.017724,8.154409,10.754766,8.873072,8.436541,9.18009,7.562126,9.191638,6.958604,8.948358,"EFS_L5"
"137","PALVUC",8.927325,8.640101,7.977708,9.379038,8.457048,11.09388,9.0712,7.622514,8.913201,7.898214,8.675864,6.740003,8.979036,"EFS_G5"
"138","PALVVH",9.471604,9.022759,8.5564,9.574686,8.626645,10.974577,9.098616,7.915,9.283824,7.858177,9.340315,8.101668,8.978782,"EFS_G5"
"139","PALWBT",9.155998,7.934313,7.249653,9.229954,8.811035,10.906927,8.237834,8.652803,8.998275,7.700959,7.928836,8.13903,8.299028,"EFS_G5"
"140","PALWSJ",9.777182,9.396461,8.548932,9.863261,9.032918,11.416734,9.294106,8.956965,9.71211,8.184573,9.00441,6.932936,8.471039,"EFS_G5"
"141","PALWVJ",9.305807,8.352922,7.086871,9.686158,8.496511,10.654644,9.034435,8.049245,8.459952,7.792016,8.608487,8.065531,8.981808,"EFS_L5"
"142","PALWXP",9.482078,9.3186,8.198311,9.388764,8.902302,11.094729,9.178566,8.429777,9.449273,7.842292,9.667938,8.749662,9.15745,"EFS_G5"
"143","PALXTB",9.723524,8.958509,8.393407,9.697524,8.529351,10.98537,9.426275,8.097472,9.146581,7.474159,9.407163,8.433248,9.194074,"EFS_G5"
"144","PALXTE",9.325954,9.285805,8.245632,9.176565,8.413171,10.677641,9.025889,7.724223,9.154371,7.854559,9.732764,6.915243,8.808472,"EFS_G5"
"145","PALXUM",9.720987,8.868483,8.63877,9.493631,8.372459,11.045323,8.750083,8.291045,9.152309,7.668461,9.605834,7.087557,9.023745,"EFS_L5"
"146","PALYEC",9.114335,8.505346,7.20661,8.770533,7.997419,10.57651,7.901386,7.46259,8.422072,7.441077,8.72845,6.53255,8.996636,"EFS_L5"
"147","PALYLZ",8.953089,8.733853,7.922027,9.409428,8.125122,10.793706,8.87178,7.818227,9.043285,8.004114,9.542822,6.757578,9.03622,"EFS_G5"
"148","PALYPW",9.474168,8.416307,7.145092,8.447173,8.005631,10.525723,8.8065,8.09752,9.014393,7.362321,9.535048,7.626955,8.82753,"EFS_L5"
"149","PALZRG",8.922586,8.741869,7.311073,8.348097,7.947159,10.053399,7.038328,7.859041,8.837464,8.260988,8.484206,7.609495,8.579122,"EFS_L5"
"150","PALZZV",8.433478,8.668565,6.524565,8.224723,8.460917,10.392153,7.832701,7.764908,8.702118,7.734012,7.413948,6.296497,8.543492,"EFS_L5"
"151","PAMACS",9.320582,8.458966,7.841211,9.131768,8.072858,10.845431,8.953275,8.145301,8.664108,7.548353,8.793022,6.613611,8.801887,"EFS_L5"
"152","PAMAFV",9.114306,8.761634,7.860412,9.45147,8.680216,11.016796,8.293621,8.080652,9.020902,7.962504,8.912082,6.549067,8.661891,"EFS_G5"
"153","PAMAJT",9.048512,8.664701,7.594406,8.977073,8.628385,10.842624,8.793787,7.604842,8.893925,7.97382,8.824888,8.019708,8.921084,"EFS_G5"
"154","PAMBDH",7.816075,8.474563,6.696257,8.418643,8.22549,10.184296,7.280635,7.591878,8.011328,7.942283,7.928707,6.132799,8.796134,"EFS_G5"
"155","PAMBMJ",9.460052,9.28409,7.415258,9.330728,8.155135,10.72334,8.638699,7.839787,9.19976,7.843883,9.326641,7.159801,9.047398,"EFS_L5"
"156","PAMBYG",8.319061,9.110312,7.299809,9.090938,8.013951,10.032901,8.186049,7.502906,8.219553,7.369912,7.78108,6.786,9.030276,"EFS_L5"
"157","PAMCXF",9.345862,8.305985,7.51859,8.462904,8.154549,10.482471,7.766096,8.095256,8.288766,7.633252,9.077702,6.351657,8.138926,"EFS_L5"
"158","PAMEHH",9.652596,8.724472,8.616247,9.222297,8.981514,11.161345,9.195029,9.274285,9.470897,7.64309,8.678627,8.292788,8.930491,"EFS_L5"
"159","PAMEZH",9.065357,8.546969,7.12756,9.249423,8.812972,10.825298,8.827085,8.094456,9.107994,7.677828,8.81886,7.547112,8.783587,"EFS_L5"
"160","PAMJED",8.831919,8.06298,7.375201,7.704608,8.320557,10.327391,7.563076,8.238807,8.041857,7.749205,7.354914,6.196377,8.910487,"EFS_L5"
"161","PAMLMY",8.414558,8.775901,7.839062,8.866717,8.651327,10.04087,8.984268,7.746162,8.805955,8.082553,8.657762,7.394173,8.450132,"EFS_G5"
"162","PAMLNB",9.685974,8.442099,8.279153,6.556396,7.412813,10.452846,7.356584,8.274404,9.198712,7.673226,8.734873,7.673462,9.136291,"EFS_G5"
"163","PAMMXF",8.725147,8.778221,7.559014,9.130598,8.401835,10.262171,8.271869,7.733515,8.750013,8.037715,8.711494,6.86869,9.301514,"EFS_L5"
"164","PAMMYR",9.421607,8.709839,6.545832,8.732517,7.840477,10.463921,8.566803,7.951702,8.816462,7.733591,8.242366,7.151004,8.583759,"EFS_L5"
"165","PAMNAL",9.435738,8.566626,8.415505,8.859442,8.643713,10.706261,8.117535,8.059738,9.22893,8.080683,9.139236,7.104631,9.252567,"EFS_G5"
"166","PAMNLH",8.969719,7.901949,7.088166,9.374295,8.164169,10.301285,8.239785,7.82206,8.398342,7.763586,8.697019,6.971693,8.38378,"EFS_L5"
"167","PAMVCL",9.10706,8.460394,7.942781,8.918593,8.471072,10.87712,8.583652,8.04769,8.85995,7.895771,8.846816,7.538414,9.067037,"EFS_G5"
"168","PAMXWF",9.37495,8.76098,8.092248,10.001283,8.651423,10.93471,9.029852,7.955522,8.810867,7.936794,8.389998,6.827286,9.13716,"EFS_L5"
"169","PAMYCE",8.78415,8.104444,7.292039,8.857782,8.6014,10.589047,7.809706,7.806946,8.296649,7.659459,7.948453,6.653421,8.906893,"EFS_L5"
"170","PAMYVA",8.64138,8.768733,8.100608,9.122131,8.436931,10.091332,8.612776,7.530673,8.567343,7.544933,9.130078,6.36417,8.589737,"EFS_G5"
"171","PAMZCE",7.663235,8.162539,6.592081,8.661486,7.95785,9.747843,7.861673,7.608074,7.974736,7.635059,7.491698,6.750339,8.14063,"EFS_G5"
"172","PAMZMG",8.19666,8.255406,6.725947,9.72522,8.469588,9.930796,8.01559,7.435403,8.09232,7.973165,7.7483,7.330234,8.857655,"EFS_L5"
"173","PAMZYM",9.384072,9.376209,7.761956,9.247717,8.54318,10.603773,8.628817,7.946236,8.937912,7.543226,7.854136,7.104971,8.768536,"EFS_G5"
"174","PANBJH",8.957353,8.64588,7.717743,9.663529,8.485725,10.692683,8.59353,7.658812,8.430956,7.795974,7.608693,7.327353,8.561112,"EFS_L5"
"175","PANBMJ",9.217995,8.148154,7.775067,8.844877,8.206901,10.695099,8.502524,8.195807,8.727338,7.440101,9.046306,6.425482,8.199712,"EFS_L5"
"176","PANBSP",8.929303,8.715261,7.647695,8.681117,7.987326,10.23257,8.479938,8.504705,9.159376,7.735736,7.541348,6.631081,9.198249,"EFS_L5"
"177","PANCYF",8.917044,8.700785,6.668892,8.494246,8.051256,10.063623,8.020012,7.923038,8.699232,7.761166,8.359108,6.372664,8.737068,"EFS_L5"
"178","PANDHZ",9.205298,7.849473,6.684333,8.537808,7.633212,10.237888,8.284175,7.847082,8.275813,7.425203,7.597675,6.677582,8.496575,"EFS_L5"
"179","PANGTS",9.207297,8.933766,7.970068,9.129438,8.505779,10.29261,8.659978,7.587386,8.416774,7.521075,7.953349,6.283538,8.697755,"EFS_G5"
"180","PANHUA",8.918001,8.640513,7.708618,8.683731,8.108795,10.496501,7.9522,7.657152,8.484845,7.399134,8.53579,6.719173,8.616035,"EFS_L5"
"181","PANLSG",8.60744,8.6802,7.268343,8.785683,8.339729,10.6264,7.572781,7.587482,8.468588,7.768129,8.79365,6.109704,9.046578,"EFS_L5"
"182","PANNIJ",8.767119,8.537111,7.064533,8.850441,8.173999,10.396874,7.900554,8.239973,8.590026,7.299739,7.952057,6.670307,8.613548,"EFS_L5"
"183","PANRRW",9.281871,9.135407,8.163102,9.532826,8.604253,11.006872,9.498926,8.120806,8.86101,7.61438,9.211593,6.254564,8.811891,"EFS_L5"
"184","PANUKV",8.675546,8.833757,7.331969,9.231208,8.703256,10.306666,6.9343,7.945324,8.734508,7.96283,8.634314,7.577174,9.110085,"EFS_L5"
"185","PANUVK",9.620956,8.331034,7.795418,8.554818,8.669752,10.934043,8.360745,8.793479,9.458803,7.92819,8.986488,7.397242,9.270249,"EFS_G5"
"186","PANVAN",9.178452,8.358435,6.536286,6.612635,7.449921,10.314208,7.468684,8.105516,8.317097,7.199847,7.847111,6.518179,7.98493,"EFS_L5"
"187","PANYGR",9.020787,8.609586,7.635349,8.168025,8.278075,10.526494,8.163235,8.031851,8.766127,7.765748,8.031693,6.000036,8.644019,"EFS_L5"
"188","PANZHT",9.184849,8.898314,8.354694,8.825906,8.309187,10.757655,8.684893,7.654419,8.905015,7.4761,7.859342,6.584973,8.595922,"EFS_G5"
"189","PANZPV",9.358485,8.910744,7.853526,9.35114,8.171364,10.893015,9.432185,7.961433,9.221973,7.531785,8.531814,7.193007,8.930146,"EFS_L5"
"190","PAPAKS",8.08321,8.77835,6.331106,8.091313,8.088494,10.469249,6.81263,7.239338,7.867188,7.655116,7.340639,6.607551,7.478309,"EFS_G5"
"191","PAPBGH",8.973715,8.919596,7.503549,9.465451,8.228937,10.29811,8.415665,8.280099,8.922072,7.934512,8.147961,7.30341,8.638155,"EFS_L5"
"192","PAPBZI",8.903719,9.014176,7.226287,8.644727,8.407487,10.853374,8.260073,8.070048,8.754427,7.587471,7.889284,6.65947,9.038181,"EFS_L5"
"193","PAPEFE",9.027896,8.986594,7.487819,8.091606,7.943861,10.330667,7.749795,8.035592,8.438972,7.563514,8.157029,6.418585,8.312919,"EFS_L5"
"194","PAPEJW",8.511368,8.305368,7.423174,8.799496,8.126199,10.248949,7.155343,7.735275,8.392786,7.712484,8.672362,6.467273,8.678891,"EFS_L5"
"195","PAPHPE",8.850434,7.942747,7.113167,9.084282,8.662595,11.03206,8.347053,8.336576,8.915964,7.476595,9.0203,7.613475,8.453471,"EFS_L5"
"196","PAPJLD",9.315782,8.145389,7.819871,9.264751,8.32248,10.84251,8.125063,9.065068,9.104297,7.530288,9.182684,7.410122,8.493305,"EFS_G5"
"197","PAPKWN",9.444231,8.996123,7.490251,9.025448,7.888094,10.718261,8.346426,8.407979,9.103123,7.79538,8.113961,7.924584,9.225619,"EFS_L5"
"198","PAPRTD",9.667203,8.828448,7.574121,9.166484,8.549575,10.84753,9.114024,8.961817,9.786222,7.465,9.200806,7.886599,9.109111,"EFS_L5"
"199","PAPSEI",8.672964,8.99988,6.882311,9.025794,8.194469,10.122209,8.326192,7.679607,8.821918,7.949807,8.210031,6.498168,8.955854,"EFS_L5"
"200","PAPSKM",9.283332,8.914661,7.620155,9.063137,8.168579,10.45643,8.74733,8.008875,8.878653,7.695686,8.414753,6.768983,8.846314,"EFS_L5"
"201","PAPTIP",8.746073,9.394911,7.607416,8.605511,8.394175,10.422181,7.753003,7.927943,8.850943,7.667043,8.476222,6.619394,8.985957,"EFS_L5"
"202","PAPTLD",8.525711,7.896464,7.263839,9.135061,8.544115,10.364333,7.750389,7.772394,8.555784,7.758879,7.784308,6.339928,8.551141,"EFS_L5"
"203","PAPTLY",8.529741,8.890469,7.313754,8.212143,8.169136,10.027512,7.505519,7.745916,8.283969,7.647177,8.014061,7.817657,8.507356,"EFS_G5"
"204","PAPTMM",8.99457,9.154654,7.851096,8.509846,8.320342,10.339013,7.174247,8.441366,9.516889,8.089959,7.777336,7.173113,9.284494,"EFS_G5"
"205","PAPUAR",9.292141,9.087018,8.32188,8.832181,8.456546,10.842604,9.120279,7.909081,8.784657,7.279299,8.310386,6.45696,8.616394,"EFS_G5"
"206","PAPUEB",9.551351,9.416255,8.13643,8.465607,8.306161,10.624019,8.245959,7.796311,8.72565,7.234484,7.879397,6.58421,8.563432,"EFS_G5"
"207","PAPUNH",8.917052,9.222635,8.038329,9.205845,8.262308,10.255601,7.598775,6.88368,8.858454,7.462356,8.859906,7.590087,9.110393,"EFS_G5"
"208","PAPUTN",8.604755,8.827407,7.096924,8.439222,8.137055,10.71006,7.018146,7.711112,8.580062,7.323266,8.351143,6.839808,8.75502,"EFS_L5"
"209","PAPWUC",9.727969,9.224736,7.163891,7.495119,7.638484,10.381837,8.04514,8.265232,9.593147,7.372266,8.520714,6.804019,8.737285,"EFS_G5"
"210","PAPZYP",9.154497,9.139069,7.863345,8.166863,8.034706,10.325468,8.436451,8.057961,8.749227,7.36677,8.39715,7.851459,9.131076,"EFS_G5"
"211","PARABN",8.343068,8.571013,6.648123,9.117905,7.972769,9.880117,7.596348,7.283245,8.37872,7.674234,7.485332,6.849027,8.51129,"EFS_L5"
"212","PARACM",9.538148,9.146629,7.751221,8.598263,8.11871,10.738683,8.492423,8.126771,9.055569,7.170679,8.883873,7.192496,8.837,"EFS_G5"
"213","PARAHE",9.10321,8.687169,7.971096,8.864245,8.378467,10.257764,8.523136,8.175397,9.587604,7.630748,9.27539,7.858428,9.181713,"EFS_L5"
"214","PARCWT",9.721821,9.118124,7.547364,9.375824,8.927462,10.835345,9.165513,8.173209,9.738617,7.523637,9.067347,7.125254,9.530671,"EFS_L5"
"215","PARDUJ",9.24941,9.067662,7.627687,8.759259,8.664788,10.769354,8.33425,8.123269,8.920676,7.527305,8.287157,6.280993,8.772947,"EFS_L5"
"216","PAREGK",9.077919,8.495383,7.576975,8.108566,7.925082,10.344496,8.305369,8.132106,9.09283,7.500827,8.890647,7.58915,9.137388,"EFS_G5"
"217","PARFBW",8.541621,8.174213,6.944824,8.882697,8.839155,10.223394,8.387003,8.525544,8.920889,7.740155,7.616287,7.394727,8.371221,"EFS_G5"
"218","PARGDJ",8.90942,8.66677,7.545752,9.369807,9.063618,10.813417,8.630684,8.724312,9.553993,7.752608,8.169486,7.870193,9.117814,"EFS_L5"
"219","PARGUX",9.256755,8.847867,8.092207,9.083124,8.602437,10.183828,8.261195,8.253131,9.052819,8.058988,8.820194,7.51651,8.596047,"EFS_G5"
"220","PARHYL",9.436875,9.213907,7.816219,8.629636,8.314318,10.742906,8.758127,8.192874,9.517658,7.8133,8.363784,7.396282,9.223634,"EFS_G5"
"221","PARIKF",8.619607,9.082838,6.844877,9.228692,8.273565,10.040511,8.393831,7.486947,8.329738,7.809781,7.716186,6.616746,8.978452,"EFS_G5"
"222","PARIKT",9.221247,7.757483,7.112558,9.480095,9.011226,10.826927,9.207143,8.952428,9.120764,7.584322,8.45253,7.002233,8.314592,"EFS_L5"
"223","PARIRD",8.190155,8.299513,6.507805,8.61679,8.552672,10.236517,7.555769,7.523461,8.204653,7.618587,6.61921,6.201787,8.173618,"EFS_L5"
"224","PARJAR",9.696816,8.628259,8.278845,8.974773,8.725895,11.208141,9.065633,8.343715,9.03505,7.474757,8.829286,7.183152,8.922189,"EFS_L5"
"225","PARJTB",8.767756,9.057248,7.113604,8.584467,8.295241,10.162326,6.406925,7.686764,8.842319,8.061103,7.921008,7.035049,8.93903,"EFS_L5"
"226","PARMFA",9.7264,8.868233,7.675142,9.063228,8.503068,10.878104,9.157984,8.750903,9.782213,7.55731,8.937733,7.492814,9.22643,"EFS_G5"
"227","PARMTT",8.772761,8.438315,7.178667,9.444915,8.763392,10.165488,8.204332,7.508735,9.063728,7.708605,8.422781,6.485697,8.721584,"EFS_L5"
"228","PARNCW",8.568249,8.569489,7.431303,8.465608,7.987913,10.081665,8.322641,8.109022,8.60444,7.576413,7.831625,5.675631,8.835714,"EFS_L5"
"229","PARNEE",8.196652,8.401047,6.727429,8.539335,8.530404,9.753095,8.375473,7.702248,9.13441,7.960396,8.47875,7.008648,9.002954,"EFS_L5"
"230","PARRBU",8.992483,9.089049,7.768253,8.947415,8.211023,10.0641,7.774682,8.052018,8.920291,7.862359,7.605679,7.351438,9.05772,"EFS_L5"
"231","PARSEA",8.847928,8.581183,7.005366,9.169921,8.731408,10.646159,8.788343,7.737121,8.605954,7.815245,8.238922,7.092576,8.390431,"EFS_G5"
"232","PARSHT",8.219706,9.104212,7.209186,8.395807,7.799719,9.939304,8.100308,7.770439,8.79243,7.753572,8.137465,6.680165,9.115614,"EFS_G5"
"233","PARUXY",8.788437,8.078977,6.757409,9.513368,8.771555,10.631074,8.799487,8.969769,8.894816,7.945231,8.900939,6.671422,9.034667,"EFS_G5"
"234","PARVME",9.173527,8.658608,7.779047,9.400477,8.677955,10.541715,8.343921,8.016813,9.016436,7.731569,7.596557,6.581176,9.390312,"EFS_L5"
"235","PARVRR",8.782316,8.639076,7.045351,8.282757,8.289015,10.067055,8.640061,7.910996,8.826566,7.868319,8.359802,7.915436,9.172568,"EFS_L5"
"236","PARXLM",8.448405,8.501706,6.710916,8.936455,8.355252,10.021401,8.692706,7.703432,8.752751,7.52935,8.082294,6.631104,8.292107,"EFS_L5"
"237","PASATK",8.610877,9.087666,7.876613,9.06136,8.674653,10.622406,8.781989,7.583033,8.822305,7.71158,7.783197,6.034629,8.746693,"EFS_L5"
"238","PASAZJ",9.221981,8.651589,7.215719,8.913944,8.492912,10.963363,9.461471,7.792528,8.960432,7.829847,7.526154,5.840833,8.43582,"EFS_G5"
"239","PASBEN",9.153218,8.42835,7.204842,9.172288,8.594013,10.077754,8.705883,8.485148,8.854606,7.720066,7.622051,6.70276,8.924617,"EFS_L5"
"240","PASCKI",9.334752,9.070287,7.639721,8.88381,8.316796,10.71402,8.454134,8.281036,9.27,7.518155,8.86581,6.92871,8.959422,"EFS_G5"
"241","PASCLP",8.8504,9.369508,7.467289,8.664011,8.028675,9.999682,8.227568,7.745347,8.879773,7.347173,8.454389,6.736068,9.243567,"EFS_L5"
"242","PASCUF",9.561688,9.391737,8.248469,9.309085,8.643891,11.245853,9.066765,7.687542,9.24609,7.542796,9.404636,7.138537,9.200696,"EFS_L5"
"243","PASDZJ",9.442151,8.727785,6.536865,6.651711,7.277385,9.968903,7.694117,7.900175,8.724469,7.172477,8.317787,6.519189,8.119881,"EFS_L5"
"244","PASFRV",9.507525,9.363409,7.955898,8.81013,8.020534,10.545085,8.399971,7.607625,9.086194,7.624793,9.014005,6.593725,8.84466,"EFS_L5"
"245","PASGPY",9.131123,9.063143,8.900624,9.172579,8.690239,11.114696,8.722115,7.942175,8.607679,7.725728,8.620423,8.127823,8.998446,"EFS_L5"
"246","PASJRT",8.380389,9.131956,5.473177,8.398726,8.21412,9.9529,8.164294,7.617529,8.179669,7.713463,8.184606,6.171232,8.997163,"EFS_L5"
"247","PASJYB",8.523424,9.045478,7.420969,9.091993,7.922005,9.75757,7.839565,7.112206,8.483944,7.802855,8.543362,7.442954,8.970708,"EFS_L5"
"248","PASKJX",8.645588,9.10184,8.482769,9.299281,8.706385,10.023337,9.077364,7.948852,8.927681,7.813064,9.119901,6.11276,8.589066,"EFS_L5"
"249","PASLGS",9.697877,9.578141,8.301451,9.117268,8.795545,10.309951,8.505716,7.890287,9.86637,7.738185,8.805781,6.905699,9.009105,"EFS_L5"
