"","Row.names","ADCYAP1","ASAH1","BRAF","CREB1","CREB5","FRS2","MAP2K4","MAPK1","MAPK10","MAPK8","MAPK9","NTRK1","PIK3CD","PIK3R1","SHC1","TH","TUBA1A","EFS_fct"
"1","PAAPFA",5.271627,8.564344,8.398892,8.438399,6.646866,6.890564,7.719794,9.047032,6.721881,7.874911,8.013519,7.486689,6.306416,8.692898,8.99062,8.838786,11.412554,"EFS_L5"
"2","PACLJN",5.956818,9.225619,9.184417,8.662342,7.88891,6.782519,8.129925,9.316462,7.469059,8.452539,8.95081,9.45164,7.352656,9.308134,8.860373,10.420845,12.079631,"EFS_G5"
"4","PACRYY",5.640453,8.963777,9.319254,9.534917,6.931473,7.56859,8.456011,9.110128,7.349882,8.370347,9.121691,7.632319,7.145378,8.417528,8.415586,9.944878,12.098297,"EFS_G5"
"5","PACRZM",5.931901,9.023597,8.865856,9.052494,6.223299,7.08365,8.598385,8.898156,7.14728,7.761055,8.602457,9.495434,6.956842,8.446739,9.900543,10.067523,12.010006,"EFS_L5"
"6","PACSNL",7.421699,8.96276,8.687225,8.986499,7.47232,7.268907,8.717339,9.221039,7.323188,8.498308,8.490654,8.137208,7.381252,8.978921,9.113205,8.114259,12.005966,"EFS_L5"
"7","PACSSR",5.987447,7.149006,7.881242,7.241458,8.941124,5.696135,7.334653,7.343894,6.413967,6.715992,6.604062,7.544073,6.727341,7.827384,7.522619,8.974158,9.97243,"EFS_L5"
"8","PACUGP",6.872653,9.123626,8.438943,8.983681,7.764821,6.938323,8.362798,8.668985,6.77899,8.166709,7.945093,7.107323,6.847738,7.836152,8.062859,7.163865,11.599332,"EFS_L5"
"9","PACVNB",5.373151,9.17718,8.35724,8.547038,6.839239,6.624791,8.191748,9.125372,6.805853,8.24697,8.389977,6.728057,7.541392,7.649989,7.70492,7.862518,12.213204,"EFS_L5"
"10","PACYGY",7.610031,8.380492,8.230493,8.557664,7.753589,6.439204,7.958481,8.880235,6.149078,7.891853,7.629322,7.825306,7.075616,8.503508,9.085216,10.228542,11.981815,"EFS_L5"
"11","PACZPX",5.092657,8.224247,8.843523,8.892701,8.235549,6.737634,8.118112,8.115988,7.254648,8.207798,7.863598,6.899108,6.280868,8.769315,8.296657,7.907696,10.986426,"EFS_G5"
"12","PADENF",5.492091,8.341653,9.487503,9.527164,5.720833,7.246293,8.504093,9.710882,6.996412,8.48175,8.875556,9.30046,6.97592,8.135089,9.122635,9.765242,12.172078,"EFS_G5"
"13","PADFLI",7.572621,9.67338,7.971204,8.812546,6.337972,7.146834,7.563858,8.869337,7.299078,8.506233,8.015798,6.712838,6.292809,7.747695,8.018471,7.024522,12.259897,"EFS_G5"
"14","PADHWC",10.462978,9.30228,8.624095,8.196266,7.802819,7.15214,8.270151,9.005037,6.810905,7.495575,8.338535,8.903481,6.953925,8.749976,8.384349,9.225854,11.623081,"EFS_L5"
"15","PADIEY",5.10435,8.546766,8.966,8.643423,6.413109,6.639498,7.958787,8.940115,6.419078,8.17119,7.635902,8.929228,6.885916,7.570168,8.925469,9.809348,11.837113,"EFS_G5"
"16","PADIHC",7.276789,9.009133,8.89424,8.849166,7.471016,6.679204,8.092225,8.959667,6.912701,8.484534,8.309948,9.230049,6.70487,9.353466,9.282732,9.924101,11.841094,"EFS_L5"
"17","PADINC",5.242037,8.94188,8.80213,9.015219,8.027931,7.15643,8.092196,9.054325,7.213453,7.663361,7.802301,6.921357,6.894659,8.873105,9.369847,9.270745,11.52982,"EFS_L5"
"18","PADIRB",8.214695,8.549389,9.147341,9.305751,8.567583,7.292366,8.494121,9.38643,7.2047,7.741175,8.403371,7.250843,6.720796,9.606708,9.186815,11.082975,11.966196,"EFS_L5"
"19","PADKFS",7.885025,8.750778,8.771926,8.568223,6.755713,6.669979,8.185879,9.179449,7.136104,8.047333,8.523033,8.930239,7.129609,9.172659,8.788548,9.920794,11.928916,"EFS_L5"
"20","PADKFU",5.389761,8.94647,8.690894,8.990467,5.972445,6.957742,8.154869,8.867202,6.574723,8.238251,8.379228,8.521527,7.204421,8.055394,8.785702,10.258265,11.691522,"EFS_G5"
"21","PADKGF",6.611828,9.749339,8.709718,8.871675,5.474741,7.143306,8.622094,9.180459,6.535663,8.385421,8.483953,7.571866,7.549079,8.83285,8.641171,8.494998,11.650871,"EFS_G5"
"22","PADKNE",5.854907,8.806927,9.186077,9.40664,5.740385,7.481452,8.3196,9.514046,7.559429,8.147125,8.134253,6.881318,6.430883,8.461012,8.440948,9.576715,11.949805,"EFS_L5"
"23","PADKRU",5.407832,8.578679,8.155647,8.401024,5.973891,6.361722,7.264975,8.82336,6.859696,7.714269,7.55794,7.449571,6.922728,7.597394,8.248425,8.007946,11.28166,"EFS_L5"
"24","PADKVV",5.259045,8.572635,8.512178,8.477432,6.239431,6.608842,7.813497,8.8273,5.969156,7.708152,7.839005,7.958129,7.657267,8.6969,8.376877,9.139308,11.273791,"EFS_L5"
"25","PADKXS",5.505158,8.6151,8.632361,9.059723,7.741748,11.025222,8.046627,8.869374,6.743835,7.956024,7.95037,7.578944,6.741671,9.078579,9.44386,8.009874,11.838915,"EFS_L5"
"26","PADKYP",6.982858,9.575285,8.314929,8.347044,6.459289,6.87055,7.912241,8.696849,6.581704,7.711915,7.89312,6.732787,7.176695,8.006283,8.726343,8.674596,11.441901,"EFS_L5"
"27","PADLDA",5.472817,9.050711,8.167263,8.44537,5.585266,7.021967,8.287496,8.690289,5.956889,7.774496,7.784661,7.210651,7.436925,7.975817,9.17113,8.098671,10.649234,"EFS_L5"
"28","PADLDT",6.422508,9.349716,7.858102,8.044543,7.188865,6.406983,7.620612,8.556793,6.617681,7.860355,7.815457,6.725478,6.806614,8.072714,8.592916,8.277626,11.616177,"EFS_L5"
"29","PADLES",5.322125,9.088254,9.205564,9.351142,6.494971,7.514834,8.457282,9.264862,7.104159,8.465,8.216677,9.6168,7.474826,9.088734,9.837578,10.564807,12.105351,"EFS_L5"
"30","PADLIC",5.13072,8.760348,8.804511,8.472166,6.154628,6.900861,8.188449,8.683334,6.397983,7.595156,8.33225,7.860663,7.139408,8.589663,9.276066,10.092211,11.548061,"EFS_G5"
"31","PADLJN",6.450839,8.687887,8.780805,8.464378,6.177194,7.221991,8.162594,8.837328,6.801815,7.718743,8.099715,8.455318,7.063349,8.693142,8.653118,10.066478,12.040374,"EFS_L5"
"32","PADLKJ",6.580677,9.425096,8.186694,8.566944,7.705405,6.5767,7.861233,9.010937,6.999785,7.942771,8.110245,6.607831,6.914773,8.301696,8.957515,7.284658,11.697601,"EFS_L5"
"33","PADLNM",5.110973,8.643593,8.895818,9.322425,8.512471,7.341655,7.867614,9.493515,7.030131,8.711981,8.512634,6.910686,6.759105,8.065749,8.484602,9.508692,12.148952,"EFS_L5"
"34","PADLPR",5.218794,8.143628,8.44635,8.562221,8.231277,6.717096,7.475314,8.299823,7.072469,7.106653,7.416712,7.550682,6.678576,8.207594,8.814874,9.917029,11.711539,"EFS_L5"
"35","PADLPZ",6.12174,9.119285,8.556049,8.471335,7.877896,6.766395,7.911499,9.056974,7.119945,7.625069,8.013664,8.539502,6.557855,9.059684,9.259705,10.297389,12.030252,"EFS_L5"
"36","PADLTD",5.461336,8.583442,8.367532,8.360186,8.220121,6.666437,7.843267,8.238311,6.810188,8.143651,7.984446,6.839984,6.343282,8.527864,8.372832,8.714282,10.856935,"EFS_L5"
"37","PADMGA",8.571202,9.485523,8.520648,8.489379,6.739442,7.137877,8.400164,9.028741,7.140182,7.26914,8.427882,9.015829,7.246025,9.006754,8.600714,9.309057,11.721952,"EFS_L5"
"38","PADMTD",7.49068,8.123434,9.094871,9.29089,7.823337,7.794753,8.5537,9.068584,6.922903,8.333667,8.112401,6.75342,6.613976,8.752241,7.699383,7.720767,12.161254,"EFS_L5"
"39","PADMVB",5.486141,8.317336,8.408485,8.505186,6.157855,6.987178,7.814145,8.614319,6.777585,7.870344,7.5415,8.544633,6.618651,7.854515,8.398936,9.762544,11.843942,"EFS_L5"
"40","PADMXD",5.812023,8.89143,8.45111,8.894157,8.597447,7.092828,8.110308,9.204841,7.347142,8.611208,8.566282,7.814127,6.677229,8.465562,8.421942,9.325735,11.978661,"EFS_L5"
"41","PADMYD",5.089911,8.927526,8.333667,8.476956,6.203481,6.946467,8.061739,8.887963,7.06657,7.998063,7.969434,7.093721,6.949451,8.322081,8.942335,8.179545,11.568421,"EFS_L5"
"42","PADNFT",5.234629,8.958563,8.826211,9.236742,5.943573,7.132335,7.500078,8.900504,7.18264,8.233326,8.080728,8.284324,7.008819,8.204652,8.865683,9.422481,11.772215,"EFS_L5"
"43","PADNNX",6.892237,8.621653,8.697466,8.800478,6.849163,7.066741,7.879622,8.933391,7.286672,7.839347,8.837308,8.594736,7.260755,9.397616,9.383172,9.632998,11.859948,"EFS_L5"
"44","PADNXC",6.631665,8.60305,7.867842,8.575848,7.580769,6.446201,7.585477,8.817937,6.818206,8.031676,8.613477,6.875373,6.553752,8.677586,8.298165,7.833045,11.748581,"EFS_L5"
"45","PADPCI",6.029277,8.754086,8.832897,9.035681,6.270557,7.051245,8.240717,9.444054,7.754993,8.228396,8.437338,8.963163,7.655626,8.744799,9.805031,8.674451,12.113621,"EFS_L5"
"46","PADPEY",5.127389,8.314226,7.941966,8.043354,7.989186,5.799514,7.372994,7.902503,6.75176,7.761151,7.836298,6.874304,6.40903,7.783018,8.142984,7.940524,10.875229,"EFS_G5"
"47","PADPHP",5.635512,8.512277,8.144878,8.58156,7.451146,6.957744,8.653942,8.96569,6.572135,7.256836,7.932707,8.384823,6.653675,9.738682,9.00675,9.52462,11.665474,"EFS_L5"
"48","PADPMU",9.13973,8.945277,8.499943,8.225209,6.667106,6.982879,8.149527,8.854999,6.841141,7.192821,8.52732,8.989755,7.287719,8.411241,9.252603,9.955245,12.087709,"EFS_L5"
"49","PADPRJ",6.899051,9.028754,8.75841,9.116682,6.067484,6.906281,8.335108,8.928751,7.209564,8.03547,8.7872,7.982729,6.934072,8.959881,8.833017,9.964333,11.836703,"EFS_L5"
"50","PADRYN",5.356214,7.340388,7.541931,7.644927,7.098478,5.752899,6.87792,7.448038,6.146255,7.510576,6.626064,7.006842,6.566298,7.008784,7.341557,7.644699,10.670557,"EFS_L5"
"51","PADSEC",5.580119,9.133824,9.20695,8.859573,5.818162,8.137164,8.567288,9.625199,7.260762,8.111473,8.725768,8.261035,6.696388,8.621654,8.693811,9.744499,12.050285,"EFS_L5"
"52","PADSMF",5.24557,8.326084,8.261033,8.807565,5.591272,6.56293,7.855482,8.878412,7.135199,7.761035,7.823188,8.426358,7.09929,8.332364,8.752383,10.302821,11.800764,"EFS_G5"
"53","PADSXE",4.970877,9.144825,8.962377,9.094069,5.992171,7.08044,8.431373,9.286784,7.014052,8.595523,9.002745,8.952338,7.373573,8.612043,8.509054,10.455126,12.018476,"EFS_G5"
"54","PADSXU",6.047963,9.650117,8.332378,8.699343,7.577811,7.128049,8.171811,9.244703,7.053498,8.027904,8.244557,7.942114,7.028079,9.233486,9.388107,8.008354,11.790108,"EFS_L5"
"55","PADTCU",7.69111,8.576381,8.341373,8.170735,7.010647,6.89672,7.59938,8.703444,6.726188,7.95846,8.399181,8.812324,6.832886,8.058632,7.979348,9.418861,11.964963,"EFS_L5"
"56","PADTJJ",5.473941,8.495593,8.368941,8.793345,6.444035,6.569655,8.298138,8.652959,7.236196,8.495351,8.17736,6.646892,6.220142,8.22798,7.768585,7.170844,11.582045,"EFS_G5"
"57","PADTRV",5.328159,8.482741,8.483022,8.268969,6.691285,6.793847,8.031057,8.438648,6.72123,8.326959,8.087912,9.081204,6.811098,8.985503,8.052745,8.831283,11.88551,"EFS_G5"
"58","PADUKP",5.790413,8.046772,8.698067,8.12188,7.592104,6.381977,6.346131,8.445777,6.439639,7.535652,7.418522,8.265243,6.209159,8.40561,9.953892,9.718925,10.54839,"EFS_L5"
"59","PADUWR",6.913069,9.131157,8.971772,8.960008,7.401173,7.975684,8.624005,9.741301,7.714069,8.871845,8.650526,9.671558,7.372214,9.476678,8.789475,9.708745,12.322524,"EFS_G5"
"60","PADUYJ",7.067333,8.601006,8.241234,8.998138,7.297269,6.623877,7.869387,8.730343,6.696056,8.522994,7.936327,6.85966,6.41043,8.644463,8.271617,8.729742,11.659167,"EFS_L5"
"61","PADVSN",5.372551,7.42107,9.230875,8.056572,6.151662,6.0919,7.347911,8.539825,6.041961,7.509413,8.044958,9.362207,7.043241,7.339002,9.392748,9.944864,11.812231,"EFS_G5"
"62","PADVWW",7.847337,9.15425,9.129646,9.174581,8.67113,7.86044,7.663775,8.744506,7.098486,7.754261,8.410309,8.25997,7.099592,9.314224,8.961995,9.750667,11.777104,"EFS_G5"
"63","PADWEN",5.629469,7.287804,8.708676,8.718778,5.504261,6.234841,7.926941,8.635085,4.837718,8.004338,7.785312,7.359004,6.449889,8.339718,7.561134,6.797275,11.646062,"EFS_L5"
"64","PADWIM",6.812293,9.080935,8.988311,8.376076,6.378985,7.165305,9.042265,8.878287,7.58169,7.867807,8.598319,8.529429,6.632937,8.93276,8.699706,9.036834,11.765939,"EFS_L5"
"65","PADWSM",8.982473,9.170999,9.032171,9.100368,6.974479,7.251511,8.428861,10.134316,7.777201,8.456148,8.396895,8.642597,7.375291,9.565572,9.140429,10.270492,12.429493,"EFS_G5"
"66","PADWVR",6.113305,8.435628,8.570254,9.010979,6.497739,6.674123,7.827053,8.541207,7.766006,8.028759,8.552019,9.051458,6.505917,9.046068,9.067822,9.202416,11.975669,"EFS_G5"
"67","PADXAS",5.291701,8.736072,8.725239,8.68245,6.826054,6.68291,8.00373,8.742729,7.338195,8.155295,8.2528,8.223979,7.130405,8.714195,8.099915,9.840032,12.002776,"EFS_G5"
"68","PADXBB",7.186404,8.110165,7.843554,7.576125,6.264418,5.795861,6.895981,8.045975,6.21813,6.769735,7.292165,7.962117,6.791998,7.76581,8.648001,9.800732,11.072095,"EFS_L5"
"69","PAIDJS",6.880601,8.550891,8.459611,8.57454,8.302969,6.927815,8.308313,9.054107,6.942965,7.842095,8.196993,8.410867,7.399332,9.935598,8.801699,8.594671,11.718536,"EFS_G5"
"70","PAIEIF",8.015993,9.204515,8.833344,8.581722,7.33402,7.024519,8.025152,9.165394,7.742299,8.097584,8.698492,9.172114,6.821841,9.920556,8.694699,9.316582,11.811878,"EFS_L5"
"71","PAILZJ",4.870213,8.94554,8.511787,7.748104,6.967333,6.998379,8.217323,9.168074,6.400706,8.376105,8.166986,8.282661,6.902754,9.480736,8.551042,9.72331,11.92253,"EFS_L5"
"72","PAIMDS",8.866535,9.206177,9.375297,9.189346,6.698872,7.237026,8.456415,9.461179,7.369446,8.015604,8.641347,8.543641,6.581308,9.458092,8.733986,9.539376,11.723077,"EFS_L5"
"73","PAIPGU",4.567201,8.296383,8.800017,8.659847,5.267211,7.351076,7.987204,8.916868,7.00344,8.010722,8.50139,7.840289,7.470756,8.317201,9.077029,10.090856,11.92439,"EFS_L5"
"74","PAIPUD",7.376094,8.757598,8.88279,9.016011,7.526719,7.181126,8.212534,8.88762,7.200318,8.496272,8.695035,9.195974,7.016748,9.45007,8.412349,9.135041,11.798459,"EFS_G5"
"75","PAIRDP",4.693764,8.410575,8.539149,9.043715,8.292833,6.794699,7.059741,8.595618,6.758785,8.419249,7.564148,6.988849,6.409407,8.39992,8.540236,7.920615,11.295538,"EFS_L5"
"76","PAIRIK",7.250999,8.289886,8.409721,8.554062,6.69783,6.772807,7.878883,8.570958,7.03735,8.414305,8.062083,9.396448,7.190616,8.968163,8.623469,9.563987,11.852927,"EFS_G5"
"77","PAIRLN",4.593237,8.768726,8.65178,8.488215,6.655949,6.719225,7.630399,8.592459,6.572204,8.281915,7.718034,7.612294,6.891028,8.455116,8.42592,9.305972,11.812103,"EFS_G5"
"78","PAISNS",5.709707,8.211788,8.787358,8.78831,7.014139,7.062569,7.883635,9.157727,6.251777,8.279823,7.84132,8.033828,6.641927,8.820988,8.932082,9.245692,11.612841,"EFS_L5"
"79","PAITCI",8.425069,8.85584,8.44962,8.5218,7.574959,6.583872,7.822068,8.687386,7.108736,7.474846,7.437586,6.92825,6.920194,9.090919,9.154555,7.513389,11.945616,"EFS_L5"
"80","PAITEG",9.523932,9.874819,8.952935,8.126589,6.80822,6.653296,7.88964,8.772533,6.918389,7.332355,8.648093,7.751529,7.066475,8.627856,8.631818,8.673366,10.651501,"EFS_L5"
"81","PAITRM",4.934784,8.679379,8.711592,8.797714,6.178023,7.308903,8.061695,8.948843,7.424506,8.577704,8.041667,7.9129,7.060364,8.069729,8.047445,8.819045,11.386388,"EFS_G5"
"82","PAITZV",7.823849,8.845914,9.017865,8.207387,6.127092,6.356085,7.37168,8.070783,6.645158,7.587918,8.36936,8.124761,6.885739,7.388728,8.828248,8.976324,11.975427,"EFS_G5"
"83","PAIUJB",4.738697,8.373989,8.464922,8.908504,8.475044,6.693609,7.713071,8.466573,7.218882,8.67381,8.790881,6.769963,6.403169,8.717252,7.688685,8.078931,11.048507,"EFS_L5"
"84","PAIVHE",5.018043,8.684571,8.454229,7.913724,7.432847,7.147445,7.895136,8.671633,6.818882,8.088692,7.7524,8.35336,6.988773,8.738336,9.251965,9.701832,11.680583,"EFS_L5"
"85","PAIVMJ",6.711551,9.159246,9.176442,8.983875,8.528748,7.254479,8.5032,9.581963,6.994592,8.740166,8.237694,9.170642,7.099083,9.652335,9.142791,9.713199,11.765662,"EFS_G5"
"86","PAIVZR",5.609573,8.434114,8.449074,8.637682,6.757912,6.75262,7.94048,8.41254,7.117386,8.013713,8.153896,6.769397,6.539768,8.010708,8.235265,7.962584,11.543882,"EFS_L5"
"87","PAIWHU",6.26424,8.93542,8.61795,8.745675,7.016345,7.085131,8.148465,9.034113,6.983043,8.257961,8.449875,9.099944,6.945206,8.697194,8.5973,9.362883,12.057374,"EFS_G5"
"88","PAIWVG",5.680531,7.953435,7.893848,7.835311,6.087955,6.71318,7.247147,8.332884,6.470768,7.592686,8.059647,8.052376,6.945649,8.047182,8.539879,8.684745,11.871453,"EFS_L5"
"89","PAIXLC",6.156386,8.964989,8.88448,9.178662,7.520088,7.203647,8.089766,8.859082,6.833559,8.24497,8.387225,9.111788,7.06656,10.001395,9.753324,9.279646,11.679473,"EFS_G5"
"90","PAIXNG",5.031639,7.43707,8.279042,8.719029,5.087642,6.613369,8.106192,8.476021,6.752524,7.884856,7.51701,7.21343,6.522416,7.07076,8.708351,7.014347,10.685726,"EFS_L5"
"92","PAJYHP",5.468231,8.730302,9.059233,8.738056,5.990548,6.5445,7.80733,8.772819,6.783173,7.739719,8.70241,8.39821,7.032656,7.479534,7.933082,9.723461,11.523372,"EFS_L5"
"93","PAJYLA",5.745528,9.215878,8.421894,8.355124,7.266738,6.766141,8.025512,8.47883,6.812676,8.03396,8.263905,8.014678,6.708474,8.138767,9.10218,8.796585,11.718243,"EFS_L5"
"94","PAJYVA",7.611667,8.592145,8.236249,8.510417,7.567389,6.091443,7.629869,8.204953,6.413999,8.247879,8.316722,6.773526,6.575371,7.711403,8.659953,7.939874,11.241442,"EFS_L5"
"95","PAJZUU",7.9638,8.155443,7.807456,7.61224,6.938803,5.801886,7.038916,8.170097,7.038715,7.238596,7.031473,7.50971,7.003104,6.520632,8.912995,7.484058,11.386069,"EFS_L5"
"96","PAJZWL",6.307466,8.728482,8.534345,8.670511,7.18247,6.748161,8.069501,9.320539,6.665178,7.721585,7.74218,8.294814,6.961343,8.598417,9.127266,10.007638,11.871981,"EFS_L5"
"97","PAKACY",6.521065,8.766538,8.379511,8.73669,6.970807,6.102684,8.006508,8.161571,7.510309,8.378135,8.387978,6.69253,6.277308,7.738087,7.904586,7.561138,11.182303,"EFS_L5"
"98","PAKADI",5.240247,8.956403,9.275167,9.026405,5.846123,6.976513,8.365434,9.172044,7.076142,8.319191,9.162365,9.092014,6.967452,8.491354,8.156711,9.580986,11.872498,"EFS_L5"
"99","PAKAFK",6.630896,8.88233,9.414064,9.332691,7.848622,7.30287,8.018749,9.274816,6.595685,8.577216,8.323755,8.447643,7.161268,9.365447,9.535797,9.583738,11.858661,"EFS_G5"
"100","PAKANZ",5.155323,8.104443,8.818299,8.545503,6.997482,7.066852,7.936645,8.833142,7.849712,8.402798,8.125018,6.797736,6.629659,8.936336,8.09675,6.676758,11.578994,"EFS_L5"
"101","PAKDHL",4.512069,8.372859,9.175151,9.285701,7.187945,7.314673,7.903067,8.872498,6.997517,8.317434,7.72888,7.929153,6.785189,8.690272,9.962836,9.355243,11.389703,"EFS_L5"
"102","PAKGCI",7.045082,9.266547,8.974544,8.748727,8.895612,7.278168,8.469362,9.238032,7.195746,8.662242,8.026095,9.653801,7.34003,9.953679,9.095404,9.276741,12.046727,"EFS_G5"
"103","PAKGKH",6.139447,9.004147,8.279037,8.558459,6.09175,6.792482,8.222866,9.311922,7.166867,7.769238,8.462337,9.361113,7.154251,9.26457,9.612615,10.214977,12.464224,"EFS_L5"
"104","PAKGMY",5.631276,8.783815,7.742939,8.101545,7.360597,5.95969,7.127092,7.883623,6.37211,7.406732,8.110778,6.815053,6.56284,7.662388,8.320442,7.711748,11.430988,"EFS_L5"
"105","PAKHAV",7.654205,9.479085,8.909977,8.806979,8.313818,7.432888,8.415815,9.268628,6.986404,7.664312,8.15531,9.26688,7.661694,9.180549,8.823032,9.863181,12.529325,"EFS_L5"
"106","PAKINP",6.131468,8.995845,9.134528,8.660253,9.450415,7.098347,8.604763,8.973527,7.910505,8.619631,8.678058,9.986207,7.198838,9.52801,8.844062,9.749495,12.069431,"EFS_G5"
"107","PAKJBA",5.232164,8.223237,8.883642,9.598385,8.97642,7.543899,8.905179,9.516435,7.380293,8.486399,8.242089,7.166376,7.155881,9.277934,9.021233,9.462034,12.184813,"EFS_G5"
"108","PAKSWB",6.529488,8.948395,9.014768,9.207107,8.991889,7.424986,8.404388,9.06965,7.37153,8.475605,8.414026,9.114039,7.059697,9.502184,9.782823,9.159367,12.124656,"EFS_G5"
"109","PAKUXT",5.178183,8.790458,9.036704,8.791477,6.304164,6.859385,8.278763,9.389166,7.508689,8.272473,8.778251,9.739835,6.960556,9.817123,9.85508,10.317421,11.972857,"EFS_L5"
"110","PAKWCJ",7.287085,8.703338,8.564787,8.516494,7.631873,6.659168,8.097648,8.724014,7.158309,8.17992,8.25993,9.366019,7.10249,9.458015,8.752174,9.241528,11.769998,"EFS_G5"
"111","PAKXDZ",5.924012,8.862218,8.281436,8.438729,7.046512,6.44735,7.55178,8.349815,6.869453,7.735099,8.829026,6.678692,6.420217,8.010369,8.602005,8.532171,11.663973,"EFS_L5"
"112","PAKYZS",8.233326,9.032926,8.457781,7.804524,7.70791,6.554088,7.651352,9.06465,6.858026,7.813061,8.250152,8.809965,6.986832,9.092322,8.23696,9.982263,11.768925,"EFS_L5"
"113","PALAWZ",5.999148,8.894911,8.971991,7.653166,6.912053,7.293851,7.983116,9.00589,6.71935,8.696149,8.054457,7.798573,6.863212,8.552663,8.883921,9.224872,11.942947,"EFS_L5"
"114","PALBFV",4.842201,8.420963,8.419129,8.887406,7.444874,6.93765,7.746754,8.652461,6.822837,8.652759,8.464156,6.382101,6.310851,8.040732,7.969918,7.354438,11.55431,"EFS_L5"
"115","PALBFW",6.882994,8.835839,8.951401,8.71462,7.546434,7.013357,8.267804,9.224384,7.327044,8.552709,8.71383,9.109634,6.918291,9.867669,8.856845,9.330306,11.868081,"EFS_L5"
"116","PALEAC",7.213007,8.723323,8.957015,9.062866,8.715286,7.44365,8.658106,9.087593,7.224785,8.515251,8.243778,9.420445,7.014477,9.381155,9.041393,9.177714,12.14348,"EFS_G5"
"117","PALEBK",7.896183,8.826642,8.75249,8.835959,7.867711,7.162548,8.355013,9.441745,7.541185,8.820109,8.350302,9.84033,7.291601,9.852614,9.629175,9.241329,11.850871,"EFS_G5"
"118","PALETP",4.809166,8.518875,8.993392,9.369931,5.960665,6.925892,7.98878,8.724346,7.255102,8.243854,8.949898,9.205647,7.15662,7.452319,8.413077,9.720634,11.956238,"EFS_L5"
"119","PALFRE",6.596337,8.545057,8.265548,8.588095,8.557909,6.694081,7.964213,9.079194,5.810883,7.168744,7.755348,8.291675,8.13555,9.282235,8.502267,8.652569,11.44046,"EFS_L5"
"120","PALFSE",9.151277,9.808665,9.032577,8.897481,7.98773,7.567052,8.832743,9.55443,7.379788,8.171603,8.708296,9.370642,7.306159,10.306227,9.162872,9.822247,12.183373,"EFS_G5"
"121","PALGFF",5.981148,9.230398,8.654972,8.656102,8.834165,6.876877,8.387683,9.167553,7.274703,8.228015,8.707204,8.598752,7.068576,9.53998,8.697587,9.036217,12.278933,"EFS_L5"
"122","PALHVD",5.061469,8.294883,8.832384,8.533268,7.359292,6.370099,8.181446,8.360432,6.849169,7.826981,7.906301,8.015373,6.88904,8.600046,8.558679,10.347401,11.653284,"EFS_L5"
"123","PALIIN",8.978558,8.659103,9.157653,9.214235,7.901889,7.494166,8.830402,8.688139,6.505766,8.722169,7.571408,6.80705,6.761283,8.568444,8.836598,8.62671,11.351294,"EFS_L5"
"124","PALKKV",10.370847,9.1548,9.054673,8.65081,8.939945,6.967384,8.554454,9.313855,7.043714,8.656363,8.097888,8.792257,7.282762,9.199634,8.636729,9.763292,12.56203,"EFS_G5"
"125","PALKUC",6.781187,8.676283,7.56286,7.463328,6.223297,6.715624,7.484908,8.18834,5.743232,7.263822,7.597832,7.095732,6.892981,7.618729,8.871716,7.367186,11.251283,"EFS_G5"
"126","PALLJJ",10.100149,9.243244,8.560838,8.429557,6.831742,6.686452,9.019886,9.451991,7.430427,7.130236,8.800329,8.195668,6.973059,8.176102,9.606273,10.750482,12.08075,"EFS_G5"
"127","PALNFE",8.044267,8.830986,8.771118,8.485446,8.677512,6.995433,8.467863,8.867446,7.498416,8.478078,8.497955,9.342231,7.041521,9.270299,8.96558,9.526456,11.961913,"EFS_G5"
"128","PALNHZ",4.841901,8.27658,8.862217,8.516562,8.113802,6.670886,7.34188,8.863132,7.109991,8.299778,7.825574,6.815413,6.747061,7.260221,7.868703,7.030848,11.746157,"EFS_L5"
"129","PALNVP",5.091959,8.548805,8.621152,8.732515,9.040453,7.296182,8.916611,9.360111,7.653138,8.398574,8.577779,8.5638,6.979933,10.042348,9.103757,10.483752,12.336482,"EFS_G5"
"130","PALPIN",6.572765,8.820979,8.355471,8.657542,8.116224,6.958696,8.157944,8.437398,6.629639,8.070491,7.994005,9.750484,7.245337,9.682768,9.028118,9.400903,11.901166,"EFS_G5"
"131","PALPSY",7.189393,8.659996,8.825605,9.032745,8.163558,7.397225,8.73664,9.243101,6.990927,8.647134,8.120573,9.359552,6.962906,9.64678,9.262199,9.983274,11.801829,"EFS_G5"
"132","PALSAE",5.464273,8.030024,8.891002,8.598394,7.755017,6.418654,7.55937,8.64078,6.028757,7.779021,7.938011,8.469936,6.596178,9.403342,8.852655,9.557298,11.381112,"EFS_L5"
"133","PALTYB",11.478481,9.801147,8.853276,8.647514,7.245316,7.263509,9.006392,9.828545,7.803134,8.050726,9.410171,9.624812,7.353197,9.143133,8.078073,10.015158,12.309703,"EFS_L5"
"134","PALUDH",6.502751,8.584558,8.621539,8.677995,6.946974,7.103733,8.446898,9.012628,7.215751,8.011474,7.967104,8.913298,6.965586,9.281257,9.237019,10.274518,12.464809,"EFS_G5"
"135","PALUYS",8.058665,8.80241,8.478347,8.656582,6.590337,6.926593,7.742467,8.377554,6.59897,8.332951,8.305235,8.05549,6.861681,8.619118,8.514752,9.791372,11.908682,"EFS_L5"
"136","PALVKK",6.626338,9.154757,8.220077,8.349909,7.242603,6.90551,8.143016,9.18009,6.98948,7.609645,8.094834,8.737872,7.105351,9.191638,9.063774,9.447184,11.742466,"EFS_L5"
"137","PALVUC",6.317149,8.592417,8.705131,8.640101,8.02726,6.905243,8.118769,8.913201,6.723326,7.807934,7.542409,9.496079,7.092492,8.675864,9.20366,9.385336,11.937653,"EFS_G5"
"138","PALVVH",8.559676,8.905905,9.030846,9.022759,8.151438,7.232177,8.352557,9.283824,6.981197,8.602955,8.250785,8.270309,6.476776,9.340315,8.750524,9.178315,12.162975,"EFS_G5"
"139","PALWBT",9.953669,9.173911,8.163053,7.934313,7.376405,6.524939,8.047944,8.998275,7.095449,7.374461,8.381605,8.706226,6.93899,7.928836,9.318842,10.194292,11.873183,"EFS_G5"
"140","PALWSJ",7.390106,8.897715,8.845014,9.396461,8.024517,7.497145,8.831695,9.71211,7.216543,8.066317,8.373491,10.290323,7.715856,9.00441,10.062614,10.060732,12.584883,"EFS_G5"
"141","PALWVJ",5.512391,8.886153,8.528481,8.352922,7.168982,6.935384,8.051049,8.459952,7.026579,7.853298,8.376029,7.90015,6.593743,8.608487,8.868724,8.982291,11.981368,"EFS_L5"
"142","PALWXP",8.27105,9.293539,8.951276,9.3186,8.86706,7.694829,8.955469,9.449273,7.454173,8.574254,8.615441,9.862386,7.395193,9.667938,9.684264,9.991637,12.425915,"EFS_G5"
"143","PALXTB",8.234333,9.526532,8.808223,8.958509,7.966597,7.22721,8.638964,9.146581,7.783011,8.196265,9.225823,9.416128,7.001389,9.407163,9.12515,9.238109,12.154622,"EFS_G5"
"144","PALXTE",6.511443,8.559927,8.785842,9.285805,7.873127,7.495504,8.795871,9.154371,7.185803,8.594161,8.015315,9.20901,7.031925,9.732764,9.301627,9.487225,11.970733,"EFS_G5"
"145","PALXUM",7.342443,9.020863,8.946685,8.868483,8.324278,7.274443,8.752006,9.152309,7.965942,8.604184,8.492394,9.659891,7.087105,9.605834,9.344113,9.693154,12.13656,"EFS_L5"
"146","PALYEC",4.672149,8.041892,8.267019,8.505346,8.136602,6.290497,6.847691,8.422072,6.625447,8.21668,7.44161,8.75857,6.838856,8.72845,9.130453,8.657583,11.733915,"EFS_L5"
"147","PALYLZ",6.751105,8.835769,8.752264,8.733853,7.138771,6.895564,8.256859,9.043285,7.144291,8.565115,8.265947,9.574112,7.168016,9.542822,9.160252,9.330926,11.679013,"EFS_G5"
"148","PALYPW",10.846621,8.906825,8.401744,8.416307,6.602724,7.031118,7.887845,9.014393,6.342245,7.665548,8.171857,8.055062,7.026476,9.535048,8.321892,9.130418,11.549773,"EFS_L5"
"149","PALZRG",4.951689,8.081674,8.608243,8.741869,7.473146,6.932612,8.236462,8.837464,7.145894,7.716888,7.786708,6.537656,6.2183,8.484206,8.426845,9.558463,11.360766,"EFS_L5"
"150","PALZZV",6.472743,7.978328,8.144112,8.668565,6.608353,6.9535,8.233521,8.702118,7.450847,8.382937,8.06857,6.680739,6.452345,7.413948,7.820561,7.519052,11.732548,"EFS_L5"
"151","PAMACS",5.519751,8.487331,8.55517,8.458966,6.615048,7.171811,7.996868,8.664108,7.043857,8.378269,7.851239,9.627289,6.96281,8.793022,9.239854,9.632544,11.605683,"EFS_L5"
"152","PAMAFV",6.350153,8.888553,8.74134,8.761634,7.720952,7.105177,8.462666,9.020902,7.377697,8.324644,7.78837,9.545018,7.069591,8.912082,9.795795,9.822819,11.753504,"EFS_G5"
"153","PAMAJT",7.19019,8.796848,8.287841,8.664701,9.529549,6.722356,8.34504,8.893925,7.025649,7.589382,7.757829,8.599922,7.080429,8.824888,8.981624,8.983793,12.181186,"EFS_G5"
"154","PAMBDH",5.599225,7.633909,7.86527,8.474563,6.877106,6.319089,7.33907,8.011328,6.100478,7.990604,7.591177,6.836647,6.515287,7.928707,7.67226,8.806194,11.384881,"EFS_G5"
"155","PAMBMJ",4.660445,8.702,8.890615,9.28409,8.725422,6.868682,8.624377,9.19976,7.146638,8.397954,8.030146,7.152578,6.448698,9.326641,9.085951,8.590018,11.645456,"EFS_L5"
"156","PAMBYG",6.804905,8.148279,7.626424,9.110312,7.895533,7.125341,7.926877,8.219553,7.310185,8.643878,8.355125,6.791353,6.386261,7.78108,8.342175,8.021538,11.401325,"EFS_L5"
"157","PAMCXF",5.641986,7.785634,8.744303,8.305985,7.324249,6.738991,7.354344,8.288766,6.606781,7.480047,8.738309,7.115614,6.474109,9.077702,8.724705,9.040399,11.610777,"EFS_L5"
"158","PAMEHH",11.53426,9.223319,9.112861,8.724472,7.318095,7.329284,8.518012,9.470897,7.37915,7.773587,8.9256,8.186411,7.020725,8.678627,8.690134,8.228784,12.083592,"EFS_L5"
"159","PAMEZH",8.296836,9.065165,8.343802,8.546969,7.446666,6.768628,8.025805,9.107994,7.125517,7.490962,8.561735,8.483437,6.857976,8.81886,8.756319,9.382211,11.851664,"EFS_L5"
"160","PAMJED",6.521845,7.818332,8.339953,8.06298,6.812243,7.254328,7.417728,8.041857,6.705413,7.775177,7.874869,6.87562,6.445842,7.354914,8.030369,8.809405,11.354199,"EFS_L5"
"161","PAMLMY",6.098608,8.37336,8.987975,8.775901,6.889177,7.343219,8.220636,8.805955,6.797182,8.036285,7.797826,7.312482,6.808725,8.657762,9.098029,9.061573,12.140726,"EFS_G5"
"162","PAMLNB",5.104847,9.012418,8.239964,8.442099,6.404522,7.602071,8.211256,9.198712,7.139295,7.936761,8.117474,6.884692,6.571496,8.734873,8.883157,7.563784,10.447486,"EFS_G5"
"163","PAMMXF",5.186291,8.184182,8.699672,8.778221,8.063739,7.119797,8.310657,8.750013,6.971885,8.676401,8.184985,7.266938,6.443133,8.711494,9.205931,9.293798,11.631199,"EFS_L5"
"164","PAMMYR",4.562369,8.503266,8.492898,8.709839,5.572705,6.529056,7.61501,8.816462,6.096155,7.542786,7.772548,7.006295,8.096486,8.242366,8.441013,9.036269,11.124016,"EFS_L5"
"165","PAMNAL",6.16013,8.668466,8.882019,8.566626,8.323411,6.771013,8.412106,9.22893,7.061819,8.176013,8.263015,8.973861,6.813553,9.139236,9.932699,10.27631,11.79904,"EFS_G5"
"166","PAMNLH",7.483136,8.455712,8.358381,7.901949,6.553655,6.537835,7.376851,8.398342,6.04169,7.63264,7.498411,8.396236,7.069494,8.697019,9.092798,9.611976,11.417899,"EFS_L5"
"167","PAMVCL",6.843937,9.414585,8.585245,8.460394,8.534669,6.926715,8.640318,8.85995,7.196224,8.473868,8.233813,9.373387,7.091082,8.846816,9.325186,10.174724,12.421698,"EFS_G5"
"168","PAMXWF",5.167511,8.389018,9.079037,8.76098,6.312984,6.815716,8.05943,8.810867,7.138451,8.878386,8.559655,8.523316,6.74706,8.389998,8.85382,9.779429,11.987976,"EFS_L5"
"169","PAMYCE",5.280999,8.503917,8.218658,8.104444,6.590027,6.225364,7.610698,8.296649,7.149908,7.588009,7.956239,9.25014,7.148279,7.948453,8.710341,9.667246,11.900089,"EFS_L5"
"170","PAMYVA",4.688905,8.202468,8.696343,8.768733,7.162527,6.547102,7.635592,8.567343,6.904603,8.086899,7.990879,8.754659,6.57568,9.130078,8.433762,9.190832,11.509076,"EFS_G5"
"171","PAMZCE",7.567797,8.053645,7.795815,8.162539,7.45611,6.002112,7.108234,7.974736,7.355609,7.510523,7.860717,7.010974,6.563899,7.491698,8.214029,8.786114,11.469994,"EFS_G5"
"172","PAMZMG",4.792978,8.084613,8.199803,8.255406,7.193612,6.318215,7.108976,8.09232,6.877959,8.176349,7.894915,6.923783,6.546853,7.7483,7.726833,8.544608,11.669125,"EFS_L5"
"173","PAMZYM",4.539379,8.153771,8.886688,9.376209,5.07074,7.437202,8.012497,8.937912,7.287499,8.426988,8.427174,8.033819,7.377135,7.854136,8.281815,9.641547,11.462462,"EFS_G5"
"174","PANBJH",5.586233,8.366186,8.757695,8.64588,6.103002,6.658472,7.781149,8.430956,7.379217,8.198027,8.573183,9.269425,6.907091,7.608693,8.492548,9.356211,11.808678,"EFS_L5"
"175","PANBMJ",9.398886,9.112554,8.594371,8.148154,6.612546,6.393121,7.525019,8.727338,6.875186,7.091646,8.220736,9.052991,7.383517,9.046306,8.214103,9.870046,11.679891,"EFS_L5"
"176","PANBSP",6.228969,8.526975,8.917685,8.715261,7.350046,7.231964,8.170614,9.159376,6.684277,8.736341,7.87768,7.304874,6.699553,7.541348,9.973214,8.157506,11.306733,"EFS_L5"
"177","PANCYF",7.977969,9.143883,8.354582,8.700785,7.88852,6.688626,7.965118,8.699232,6.843569,8.213011,8.118462,6.677415,7.314566,8.359108,8.305352,7.415049,11.325167,"EFS_L5"
"178","PANDHZ",5.426288,8.371774,8.111598,7.849473,6.28235,5.969627,7.3386,8.275813,5.814045,7.249151,7.761729,8.348258,7.516191,7.597675,8.918039,9.442601,11.260132,"EFS_L5"
"179","PANGTS",6.152103,8.131723,8.972529,8.933766,6.182181,6.768763,8.04496,8.416774,7.490182,8.663216,8.734924,8.403507,6.350346,7.953349,8.723762,9.319561,11.580859,"EFS_G5"
"180","PANHUA",4.791643,8.395715,8.58286,8.640513,6.139409,6.608369,7.723895,8.484845,6.638922,7.888152,7.977062,8.214601,7.137187,8.53579,8.23044,8.816771,11.113287,"EFS_L5"
"181","PANLSG",4.925757,8.240576,8.376931,8.6802,7.608473,6.393997,7.695295,8.468588,6.271601,7.434104,7.692954,7.248391,6.523487,8.79365,8.606833,9.724291,11.169033,"EFS_L5"
"182","PANNIJ",4.785871,8.423592,8.168843,8.537111,7.18185,6.565532,7.22299,8.590026,6.744124,7.73211,8.104632,7.15533,6.602088,7.952057,8.968796,10.12202,11.468941,"EFS_L5"
"183","PANRRW",5.082753,8.821317,9.279937,9.135407,6.187392,6.970972,8.232794,8.86101,7.251047,8.351483,8.821109,9.347163,7.165445,9.211593,8.959198,9.068629,12.094253,"EFS_L5"
"184","PANUKV",4.465522,8.303055,8.551309,8.833757,8.32246,6.98733,8.110396,8.734508,7.885172,8.408854,8.276394,7.22496,6.446514,8.634314,8.159952,7.955342,11.759617,"EFS_L5"
"185","PANUVK",6.988228,9.273637,8.735433,8.331034,7.432642,7.500278,8.408806,9.458803,6.665471,8.193277,8.020935,8.155652,6.890522,8.986488,9.60907,9.941042,12.235647,"EFS_G5"
"186","PANVAN",5.086905,8.597545,7.983843,8.358435,5.94361,6.229802,7.268168,8.317097,6.025391,6.800567,7.303268,6.733255,7.531737,7.847111,8.933745,8.072556,10.585503,"EFS_L5"
"187","PANYGR",5.252381,8.42635,8.03162,8.609586,6.122712,7.083634,8.184051,8.766127,6.262267,7.36319,7.818686,8.479033,6.771713,8.031693,8.487367,10.465265,11.971174,"EFS_L5"
"188","PANZHT",6.553099,9.093456,8.811108,8.898314,6.703063,6.591178,8.08584,8.905015,7.221899,7.947336,8.278669,8.37326,7.189231,7.859342,8.418588,9.570307,11.7701,"EFS_G5"
"189","PANZPV",4.803868,8.99208,8.608549,8.910744,7.556587,6.919928,8.260722,9.221973,7.848999,8.424694,7.897671,9.031136,7.038996,8.531814,8.371411,8.657566,12.068763,"EFS_L5"
"190","PAPAKS",5.159697,7.448213,7.793292,8.77835,7.480744,6.065799,7.427555,7.867188,6.754863,6.67738,6.908678,7.762402,6.605682,7.340639,8.601642,8.46605,11.385233,"EFS_G5"
"191","PAPBGH",5.825735,8.636142,8.485687,8.919596,7.101766,6.741154,8.100816,8.922072,7.197733,7.437745,8.25935,8.484955,6.227828,8.147961,9.125332,7.395541,11.833731,"EFS_L5"
"192","PAPBZI",8.380042,9.781407,8.125914,9.014176,7.479256,7.336621,7.855159,8.754427,7.29408,8.292239,7.776003,6.995271,6.833833,7.889284,9.380093,8.474082,12.243875,"EFS_L5"
"193","PAPEFE",5.20255,8.546634,8.509661,8.986594,6.653164,6.492609,7.287461,8.438972,6.674725,7.32903,7.785148,6.85528,7.538235,8.157029,9.377371,9.271594,11.106917,"EFS_L5"
"194","PAPEJW",5.734829,8.3579,8.138774,8.305368,7.391537,6.540312,7.491737,8.392786,7.264516,7.919458,8.184701,7.110873,6.645614,8.672362,8.697209,8.668777,11.22831,"EFS_L5"
"195","PAPHPE",8.055127,9.024682,8.22824,7.942747,6.330659,7.06675,8.14426,8.915964,6.770072,7.417865,7.92148,8.235079,6.998104,9.0203,7.980864,9.485103,12.184721,"EFS_L5"
"196","PAPJLD",10.487785,9.434845,8.263535,8.145389,6.573221,6.529265,8.017591,9.104297,7.276293,7.116919,8.983353,8.221225,6.949154,9.182684,8.615332,10.009105,11.657175,"EFS_G5"
"197","PAPKWN",4.865479,9.040677,8.827412,8.996123,7.989179,6.718099,8.324412,9.103123,7.02117,8.111057,7.97501,7.325914,6.450564,8.113961,9.36662,9.254971,11.872895,"EFS_L5"
"198","PAPRTD",11.050687,9.612707,8.77384,8.828448,7.238177,7.506719,8.397962,9.786222,7.429875,7.59946,8.84859,9.062596,7.396616,9.200806,8.679919,9.598705,12.186466,"EFS_L5"
"199","PAPSEI",4.779501,9.201177,8.344232,8.99988,6.97111,6.899582,7.899537,8.821918,7.064805,8.05394,8.27191,6.417995,6.748263,8.210031,8.473648,7.614883,11.665052,"EFS_L5"
"200","PAPSKM",4.835835,8.80342,8.742879,8.914661,7.470139,6.919468,7.833232,8.878653,7.276599,7.705384,7.958411,7.907874,7.72614,8.414753,8.768958,9.522663,11.74043,"EFS_L5"
"201","PAPTIP",5.367248,8.854492,8.81012,9.394911,8.481107,7.245279,8.179121,8.850943,6.944525,8.176004,8.242713,6.647115,6.356005,8.476222,9.07076,10.287581,12.016822,"EFS_L5"
"202","PAPTLD",5.070505,8.196145,8.32734,7.896464,6.403853,6.35899,7.582624,8.555784,6.430883,7.666837,7.473463,9.281548,6.904998,7.784308,9.151087,9.573949,12.032707,"EFS_L5"
"203","PAPTLY",4.681901,8.22976,8.15814,8.890469,6.506497,6.470091,7.835482,8.283969,6.899353,7.910378,7.78158,7.368285,7.10252,8.014061,8.052856,7.717342,11.139157,"EFS_G5"
"204","PAPTMM",4.642285,9.399138,8.526239,9.154654,6.481576,7.02734,8.340372,9.516889,7.079324,8.676318,8.835923,6.475828,5.973378,7.777336,9.354296,6.946669,11.897732,"EFS_G5"
"205","PAPUAR",6.667189,9.038365,8.549887,9.087018,6.167737,6.830586,8.43825,8.784657,7.240433,8.430493,8.555399,7.875446,6.929026,8.310386,8.243026,9.11981,11.914557,"EFS_G5"
"206","PAPUEB",6.098747,8.911979,8.790258,9.416255,5.679843,6.967094,8.222723,8.72565,7.474863,8.534346,8.824122,7.000493,6.943533,7.879397,7.746485,7.502566,11.684078,"EFS_G5"
"207","PAPUNH",4.923517,8.693017,8.453901,9.222635,7.988876,7.299882,8.398657,8.858454,7.715272,8.171972,8.485456,6.980993,6.514757,8.859906,8.105155,7.972123,11.928578,"EFS_G5"
"208","PAPUTN",5.155978,8.034388,8.248887,8.827407,7.829044,6.720075,7.842666,8.580062,7.002497,8.218151,7.837916,6.987924,6.581552,8.351143,7.667472,8.261242,11.619494,"EFS_L5"
"209","PAPWUC",5.977101,9.088271,8.617409,9.224736,6.17958,7.064817,8.008587,9.593147,6.213984,7.631147,7.956647,6.540604,7.810421,8.520714,9.18982,6.945601,10.908368,"EFS_G5"
"210","PAPZYP",5.065761,9.111613,8.445389,9.139069,7.302759,6.912912,8.236435,8.749227,7.188538,8.484491,8.426644,6.681601,6.46122,8.39715,7.940494,7.202689,11.618037,"EFS_G5"
"211","PARABN",5.171896,8.272668,8.343288,8.571013,8.092714,6.428442,7.71882,8.37872,6.633704,7.44482,7.418562,7.048315,6.607767,7.485332,8.665074,8.324405,11.204442,"EFS_L5"
"212","PARACM",9.509361,9.406627,9.009503,9.146629,6.984733,7.064309,8.33421,9.055569,7.193845,7.917068,8.53427,8.010466,6.91603,8.883873,7.920409,8.623915,11.718518,"EFS_G5"
"213","PARAHE",5.269976,9.604394,9.002145,8.687169,6.813516,7.804889,8.137054,9.587604,6.155747,8.569,7.885269,8.821906,6.550224,9.27539,9.390352,9.703626,11.413603,"EFS_L5"
"214","PARCWT",4.653951,9.25111,8.898312,9.118124,6.901105,7.367946,8.60886,9.738617,7.419137,8.711162,8.57925,8.065879,6.733672,9.067347,8.792404,9.286252,12.256484,"EFS_L5"
"215","PARDUJ",6.755052,8.882968,8.63136,9.067662,6.590404,6.901844,7.99721,8.920676,7.441829,7.784646,8.398945,8.788689,6.905536,8.287157,8.982254,9.725844,11.909402,"EFS_L5"
"216","PAREGK",4.675959,8.902013,8.375758,8.495383,7.49239,7.212517,8.274082,9.09283,6.889155,7.513685,7.603825,7.902141,6.673781,8.890647,8.901576,9.495999,11.444153,"EFS_G5"
"217","PARFBW",10.829693,8.930189,8.494982,8.174213,7.486068,6.562956,7.671525,8.920889,6.486506,6.611234,8.077781,8.403858,6.885801,7.616287,8.372768,10.408964,11.741192,"EFS_G5"
"218","PARGDJ",10.915407,9.684758,8.626852,8.66677,7.946779,7.15165,8.527559,9.553993,6.882766,7.804157,8.725699,8.930732,6.781056,8.169486,8.684058,10.863491,12.275393,"EFS_L5"
"219","PARGUX",5.113888,8.790759,8.882168,8.847867,6.547565,7.086186,8.254923,9.052819,7.206322,7.992319,8.449127,8.328227,6.877998,8.820194,8.850595,10.188951,11.66166,"EFS_G5"
"220","PARHYL",4.695425,9.525344,8.963235,9.213907,8.599725,7.363533,8.61785,9.517658,7.065771,7.930064,8.10096,7.627452,6.693351,8.363784,9.217426,9.268814,11.935545,"EFS_G5"
"221","PARIKF",5.866365,8.921271,8.561733,9.082838,7.347794,6.785356,7.981674,8.329738,7.27616,8.211491,8.35045,6.585538,6.314794,7.716186,8.661083,8.713641,11.757898,"EFS_G5"
"222","PARIKT",8.406526,9.460412,8.696868,7.757483,6.354488,6.911537,8.351291,9.120764,7.405046,7.474486,8.635556,7.635723,6.846641,8.45253,8.740025,11.094038,12.412938,"EFS_L5"
"223","PARIRD",4.94276,7.791423,8.04929,8.299513,5.395256,6.074366,6.853044,8.204653,6.570726,7.39297,7.401803,6.740753,6.988217,6.61921,7.715317,7.591173,11.649138,"EFS_L5"
"224","PARJAR",5.267876,9.62583,8.984502,8.628259,7.615839,7.236436,8.385822,9.03505,6.95902,8.216994,8.461704,8.775842,6.876555,8.829286,9.145806,9.779857,11.942439,"EFS_L5"
"225","PARJTB",4.911181,8.419787,8.396012,9.057248,7.018449,6.835,7.972712,8.842319,6.842842,8.247722,8.097645,6.66892,6.129881,7.921008,7.882319,7.870542,11.794837,"EFS_L5"
"226","PARMFA",9.479205,10.204094,8.941552,8.868233,7.382747,7.447008,8.63678,9.782213,7.434327,7.971464,8.87562,8.679616,7.183199,8.937733,8.590218,9.839281,12.146985,"EFS_G5"
"227","PARMTT",4.670921,8.547807,8.262228,8.438315,5.424754,7.437057,8.026927,9.063728,6.162385,8.432831,8.080177,7.78228,6.542894,8.422781,8.889911,10.030779,12.037987,"EFS_L5"
"228","PARNCW",5.007154,8.31576,8.582658,8.569489,5.41245,7.178971,7.919465,8.60444,6.187504,8.333072,7.611485,8.687122,7.136272,7.831625,9.151175,8.254116,11.774508,"EFS_L5"
"229","PARNEE",4.523013,8.601598,8.060413,8.401047,8.067318,6.898433,8.231268,9.13441,5.945574,7.447554,7.734333,8.495464,6.463231,8.47875,9.008363,9.012015,11.67939,"EFS_L5"
"230","PARRBU",5.301881,8.747923,8.88422,9.089049,7.806506,6.897611,7.978589,8.920291,7.701152,7.868926,7.717315,6.845514,6.655134,7.605679,8.545347,8.937006,11.417433,"EFS_L5"
"231","PARSEA",6.107233,8.716903,8.587397,8.581183,6.586759,6.581943,7.973085,8.605954,6.527708,7.429338,8.355122,8.860458,6.946809,8.238922,8.430064,10.553754,12.044083,"EFS_G5"
"232","PARSHT",4.698434,8.864316,8.711395,9.104212,7.594137,7.028953,7.979225,8.79243,6.722524,7.470468,7.877359,7.229027,6.560279,8.137465,9.269232,9.379943,11.07114,"EFS_G5"
"233","PARUXY",5.284724,9.088636,8.540134,8.078977,5.790291,6.606278,7.846537,8.894816,6.541223,7.604719,8.056618,8.139166,7.106377,8.900939,9.231551,8.108328,11.601399,"EFS_G5"
"234","PARVME",4.597389,9.209447,9.06934,8.658608,6.793509,6.96289,7.987114,9.016436,6.660307,8.101343,8.258511,8.819391,7.053851,7.596557,8.533086,10.416073,11.980069,"EFS_L5"
"235","PARVRR",4.732779,8.908527,8.483114,8.639076,7.826358,6.525647,7.772888,8.826566,6.878591,8.146265,8.054845,7.034753,6.29004,8.359802,8.698951,8.173171,11.399135,"EFS_L5"
"236","PARXLM",8.359425,8.70021,7.950652,8.501706,6.569849,6.295979,7.667106,8.752751,6.372903,7.286799,7.89227,7.307663,6.537042,8.082294,9.086536,8.600039,11.505567,"EFS_L5"
"237","PASATK",6.097696,8.610963,8.500889,9.087666,5.638814,6.846391,8.211756,8.822305,7.209415,7.761372,7.965599,8.644454,7.000159,7.783197,8.339126,9.975558,11.751042,"EFS_L5"
"238","PASAZJ",9.118023,8.542498,8.579882,8.651589,6.035856,6.993042,7.839378,8.960432,7.020963,8.210272,7.924497,7.600521,7.390849,7.526154,8.398359,9.290214,12.296317,"EFS_G5"
"239","PASBEN",4.781679,8.652018,8.688103,8.42835,5.821326,7.002205,8.186235,8.854606,6.821832,8.268978,8.230705,8.305025,7.467299,7.622051,8.405947,10.163453,11.795215,"EFS_L5"
"240","PASCKI",6.379391,9.219122,8.329943,9.070287,6.827483,7.155641,8.351025,9.27,6.485307,8.242785,7.948498,8.233409,7.228855,8.86581,9.033229,9.421837,11.855766,"EFS_G5"
"241","PASCLP",6.073786,8.546706,8.662489,9.369508,7.260723,7.254061,8.714533,8.879773,7.701995,8.760403,8.728423,6.435666,6.104633,8.454389,7.527229,8.084107,11.410589,"EFS_L5"
"242","PASCUF",4.874727,9.110208,8.957815,9.391737,5.189518,7.385808,8.32723,9.24609,7.927745,8.232901,8.55874,7.494998,6.953022,9.404636,8.23916,8.543649,12.304885,"EFS_L5"
"243","PASDZJ",4.776907,8.656354,8.263957,8.727785,6.509479,6.437327,7.817855,8.724469,5.717496,7.420161,7.62738,6.700722,7.847602,8.317787,8.434465,7.261286,10.014324,"EFS_L5"
"244","PASFRV",5.457818,8.923265,9.076101,9.363409,6.571505,7.062387,8.386292,9.086194,6.351482,8.369334,8.056147,7.967314,7.15247,9.014005,8.733423,8.584768,11.590916,"EFS_L5"
"245","PASGPY",9.617279,9.196687,9.186958,9.063143,9.468179,7.054822,8.02063,8.607679,7.957735,8.620812,7.877174,8.999274,7.226735,8.620423,9.342026,9.134021,11.998483,"EFS_L5"
"246","PASJRT",7.174152,7.865713,8.182579,9.131956,7.609588,6.693,8.098092,8.179669,7.011067,8.196928,8.266904,6.578596,6.316433,8.184606,8.09421,7.925749,11.180335,"EFS_L5"
"247","PASJYB",4.753311,8.69996,8.563843,9.045478,7.8279,7.303923,8.086652,8.483944,6.903587,8.804813,7.44931,6.745131,6.448716,8.543362,8.732073,8.126939,11.411624,"EFS_L5"
"248","PASKJX",5.854765,8.897669,9.15544,9.10184,7.239542,6.726905,8.603491,8.927681,7.194372,8.218167,8.408764,7.821152,6.824433,9.119901,8.41766,9.459316,11.74858,"EFS_L5"
"249","PASLGS",4.77142,8.830445,9.175419,9.578141,8.007237,7.815745,8.337441,9.86637,6.954831,8.525856,8.24044,6.883949,7.020953,8.805781,9.221471,8.952305,12.297665,"EFS_L5"
